player,season,team,role,inferred_nationality,batting_style,bowling_style,is_wicketkeeper_career,runs_scored,wickets_taken,balls_faced,balls_bowled,batting_rating,bowling_rating,pp_bat_rating,pp_bowl_rating,death_bat_rating,death_bowl_rating,clutch_rating,overall_rating,cost
SE Marsh,2008,Punjab Kings,BAT,Australia,left-hand-bat,slow-left-arm-orthodox,0,616,0,452,0,92.2,50.0,77.7,50.0,57.7,50.0,79.0,95.1,15.81
V Sehwag,2008,Delhi Capitals,BAT,India,right-hand-bat,right-arm-offbreak,0,406,3,229,67,92.0,60.2,81.9,50.0,50.0,52.5,75.2,94.5,15.23
Sohail Tanvir,2008,Rajasthan Royals,BOWL,Pakistan,left-hand-bat,left-arm-fast-medium,0,36,22,31,265,56.2,89.6,50.0,76.2,60.5,85.1,75.9,92.2,13.14
G Gambhir,2008,Delhi Capitals,BAT,India,left-hand-bat,legbreak,0,534,0,394,0,89.2,50.0,78.2,50.0,65.1,50.0,77.3,91.9,12.88
PP Chawla,2008,Punjab Kings,BOWL,India,left-hand-bat,legbreak,0,90,17,61,286,65.4,88.0,50.0,50.0,78.0,76.9,85.5,91.6,12.63
AC Gilchrist,2008,Sunrisers Hyderabad,WK,Australia,left-hand-bat,right-arm-offbreak,1,436,0,328,0,87.4,50.0,76.2,50.0,50.0,50.0,78.3,90.2,11.49
MF Maharoof,2008,Delhi Capitals,BOWL,Sri Lanka,right-hand-bat,right-arm-fast-medium,0,125,15,79,226,75.3,86.4,50.0,77.5,81.4,74.7,82.6,89.7,11.11
SK Warne,2008,Rajasthan Royals,BOWL,Australia,right-hand-bat,legbreak-googly,0,70,19,60,319,64.7,85.9,50.0,50.0,75.7,67.2,85.2,89.4,10.88
BB McCullum,2008,Kolkata Knight Riders,WK,New Zealand,right-hand-bat,right-arm-offbreak,1,188,0,96,0,86.4,50.0,85.9,50.0,78.6,50.0,76.2,89.0,10.58
YK Pathan,2008,Rajasthan Royals,AR,India,right-hand-bat,right-arm-offbreak,0,435,8,253,170,90.0,80.5,81.6,91.0,77.0,71.2,81.7,88.9,10.51
SR Watson,2008,Rajasthan Royals,AR,Australia,right-hand-bat,right-arm-fast-medium,0,472,17,322,344,85.4,86.0,77.6,77.3,50.0,74.0,80.5,88.7,10.36
Umar Gul,2008,Kolkata Knight Riders,BOWL,Pakistan,right-hand-bat,right-arm-fast-medium,0,39,12,19,153,50.0,84.8,50.0,82.1,65.5,77.7,82.7,88.1,9.93
ST Jayasuriya,2008,Mumbai Indians,BAT,Sri Lanka,left-hand-bat,slow-left-arm-orthodox,0,514,4,333,127,84.9,71.5,74.4,50.0,50.0,67.4,77.5,87.6,9.58
VY Mahesh,2008,Delhi Capitals,BOWL,United Arab Emirates,right-hand-bat,legbreak-googly,0,15,16,28,266,50.0,83.2,50.0,73.9,57.2,81.9,83.5,86.6,8.92
PA Patel,2008,Chennai Super Kings,WK,India,right-hand-bat,right-arm-fast,1,302,0,315,0,83.3,50.0,78.5,50.0,50.0,50.0,79.8,86.3,8.72
RG Sharma,2008,Sunrisers Hyderabad,BAT,India,right-hand-bat,right-arm-fast-medium,0,404,1,276,25,83.7,50.0,67.3,50.0,85.5,50.0,76.4,86.3,8.72
R Bhatia,2008,Delhi Capitals,BOWL,United Arab Emirates,right-hand-bat,right-arm-fast-medium,0,34,6,28,134,50.0,82.7,50.0,50.0,66.6,61.9,81.9,85.9,8.47
Y Venugopal Rao,2008,Sunrisers Hyderabad,BAT,India,right-hand-bat,right-arm-offbreak,0,288,2,217,88,82.5,68.6,78.7,63.1,83.1,50.0,81.1,85.6,8.29
LRPL Taylor,2008,Royal Challengers Bengaluru,BAT,New Zealand,unknown,unknown,0,149,0,85,0,82.6,50.0,86.9,50.0,50.0,50.0,78.8,85.5,8.23
MS Gony,2008,Chennai Super Kings,BOWL,India,right-hand-bat,right-arm-fast-medium,0,35,17,25,371,50.0,83.0,50.0,76.1,72.7,76.1,74.7,85.5,8.23
SK Raina,2008,Chennai Super Kings,BAT,India,left-hand-bat,right-arm-offbreak,0,421,1,304,20,82.7,50.0,79.7,50.0,73.2,50.0,71.6,84.9,7.87
R Dravid,2008,Royal Challengers Bengaluru,BAT,India,right-hand-bat,right-arm-offbreak,0,371,0,299,0,81.7,50.0,77.2,50.0,85.6,50.0,75.8,84.3,7.52
AB Agarkar,2008,Kolkata Knight Riders,BOWL,India,right-hand-bat,right-arm-fast,0,54,8,49,168,60.4,81.8,65.7,71.7,57.6,64.6,73.9,84.2,7.46
GD McGrath,2008,Delhi Capitals,BOWL,Australia,right-hand-bat,right-arm-fast-medium,0,4,12,5,329,50.0,81.5,50.0,78.0,50.0,73.2,77.2,84.2,7.46
SA Asnodkar,2008,Rajasthan Royals,BAT,unknown,unknown,unknown,0,311,0,241,0,81.4,50.0,78.0,50.0,50.0,50.0,78.1,84.2,7.46
JA Morkel,2008,Chennai Super Kings,AR,South Africa,left-hand-bat,right-arm-fast-medium,0,241,17,168,310,77.2,85.6,50.0,73.3,75.5,76.9,81.0,84.1,7.4
SC Ganguly,2008,Kolkata Knight Riders,BAT,India,left-hand-bat,right-arm-fast-medium,0,349,6,324,121,81.2,74.7,77.9,50.0,81.1,50.0,76.1,83.8,7.24
Shahid Afridi,2008,Sunrisers Hyderabad,BOWL,Germany,right-hand-bat,legbreak,0,81,9,46,185,58.0,79.7,69.3,76.3,50.0,69.2,86.7,83.4,7.02
GC Smith,2008,Rajasthan Royals,BAT,South Africa,left-hand-bat,right-arm-offbreak,0,441,0,375,0,80.5,50.0,75.2,50.0,77.5,50.0,75.8,83.1,6.86
KC Sangakkara,2008,Punjab Kings,WK,Sri Lanka,left-hand-bat,right-arm-offbreak,1,320,0,207,0,81.0,50.0,80.2,50.0,77.0,50.0,71.3,83.1,6.86
I Sharma,2008,Kolkata Knight Riders,BOWL,India,right-hand-bat,right-arm-fast-medium,0,11,7,11,266,50.0,80.6,50.0,83.1,50.0,78.2,73.8,83.0,6.8
RP Singh,2008,Sunrisers Hyderabad,BOWL,India,right-hand-bat,left-arm-fast-medium,0,27,15,25,325,50.0,80.5,50.0,74.0,65.3,81.9,75.1,83.0,6.8
DW Steyn,2008,Royal Challengers Bengaluru,BOWL,South Africa,right-hand-bat,right-arm-fast,0,2,10,5,247,50.0,79.7,50.0,73.3,50.0,81.5,78.4,82.5,6.54
A Mishra,2008,Delhi Capitals,BOWL,India,right-hand-bat,legbreak,0,37,11,42,123,57.6,80.3,50.0,59.0,54.4,69.8,68.7,82.2,6.39
M Muralitharan,2008,Chennai Super Kings,BOWL,Sri Lanka,right-hand-bat,right-arm-offbreak,0,0,11,3,369,50.0,79.2,50.0,50.0,50.0,76.3,78.4,82.0,6.29
ML Hayden,2008,Chennai Super Kings,BAT,Australia,left-hand-bat,right-arm-fast-medium,0,189,0,135,0,79.4,50.0,77.4,50.0,77.3,50.0,75.6,82.0,6.29
SK Trivedi,2008,Rajasthan Royals,BOWL,India,left-hand-bat,right-arm-fast-medium,0,5,13,12,300,50.0,78.7,50.0,71.0,50.1,77.0,83.2,82.0,6.29
CRD Fernando,2008,Mumbai Indians,BOWL,Sri Lanka,right-hand-bat,right-arm-fast,0,2,10,1,128,50.0,79.3,50.0,84.7,50.0,74.8,75.9,81.9,6.24
Yuvraj Singh,2008,Punjab Kings,BAT,India,left-hand-bat,slow-left-arm-orthodox,0,299,3,191,56,79.6,65.2,62.1,50.0,81.7,50.0,73.0,81.9,6.24
AM Nayar,2008,Mumbai Indians,BAT,India,left-hand-bat,right-arm-fast-medium,0,206,1,142,43,78.9,57.4,50.0,50.0,87.3,50.0,78.5,81.8,6.19
DJ Bravo,2008,Mumbai Indians,AR,West Indies,left-hand-bat,right-arm-fast-medium,0,178,11,137,181,76.2,82.0,68.5,90.7,76.3,72.5,77.6,81.6,6.1
SM Pollock,2008,Mumbai Indians,BOWL,South Africa,right-hand-bat,right-arm-fast-medium,0,147,11,116,280,70.4,79.1,50.0,78.5,80.7,50.0,73.6,81.5,6.05
PP Ojha,2008,Sunrisers Hyderabad,BOWL,India,left-hand-bat,slow-left-arm-orthodox,0,2,11,4,236,50.0,78.5,50.0,53.8,50.0,77.7,78.0,81.3,5.95
RR Raje,2008,Mumbai Indians,BOWL,India,right-hand-bat,right-arm-fast-medium,0,8,5,9,102,50.0,77.9,50.0,50.0,50.0,77.7,82.7,81.2,5.9
A Symonds,2008,Sunrisers Hyderabad,BAT,Australia,right-hand-bat,right-arm-fast-medium,0,161,0,111,44,79.9,50.0,70.5,50.0,84.4,50.0,60.7,81.0,5.81
NK Patel,2008,Rajasthan Royals,BAT,United States,right-hand-bat,slow-left-arm-orthodox,0,103,0,83,0,77.5,50.0,75.2,50.0,76.7,50.0,85.4,81.0,5.81
Z Khan,2008,Royal Challengers Bengaluru,BOWL,India,right-hand-bat,left-arm-fast-medium,0,34,13,43,258,57.6,78.4,50.0,75.2,71.9,77.0,75.4,80.9,5.76
DS Kulkarni,2008,Mumbai Indians,BOWL,India,right-hand-bat,right-arm-fast-medium,0,2,11,17,193,50.0,77.6,50.0,71.6,61.0,71.8,79.7,80.6,5.63
P Kumar,2008,Royal Challengers Bengaluru,BOWL,Finland,right-hand-bat,right-arm-fast,0,112,11,100,275,62.9,78.4,50.0,73.7,63.1,92.3,71.7,80.6,5.63
S Sreesanth,2008,Punjab Kings,BOWL,India,right-hand-bat,right-arm-fast-medium,0,0,19,3,332,50.0,78.1,50.0,74.6,50.0,76.5,73.8,80.5,5.58
MS Dhoni,2008,Chennai Super Kings,WK,India,right-hand-bat,right-arm-fast-medium,1,414,0,319,0,78.2,50.0,50.0,50.0,75.2,50.0,69.4,80.1,5.4
MV Boucher,2008,Royal Challengers Bengaluru,WK,South Africa,right-hand-bat,right-arm-fast-medium,1,225,0,181,0,76.6,50.0,68.1,50.0,80.4,50.0,85.1,80.1,5.4
JR Hopes,2008,Punjab Kings,AR,Australia,right-hand-bat,right-arm-fast-medium,0,221,7,152,171,78.2,76.4,77.6,67.1,50.0,64.5,76.0,80.0,5.36
MM Patel,2008,Rajasthan Royals,BOWL,England,right-hand-bat,right-arm-fast-medium,0,0,14,1,336,50.0,77.4,50.0,71.4,50.0,72.3,74.6,79.9,5.32
Salman Butt,2008,Kolkata Knight Riders,BAT,Pakistan,right-hand-bat,right-arm-offbreak,0,193,0,172,0,76.5,50.0,74.1,50.0,50.0,50.0,79.0,79.4,5.1
LA Pomersbach,2008,Punjab Kings,BAT,Australia,left-hand-bat,right-arm-offbreak,0,152,0,101,0,77.7,50.0,70.6,50.0,73.8,50.0,62.3,78.9,4.9
RV Uthappa,2008,Mumbai Indians,WK,India,right-hand-bat,right-arm-fast-medium,1,320,0,291,0,76.8,50.0,76.4,50.0,61.2,50.0,71.0,78.9,4.9
DJ Hussey,2008,Kolkata Knight Riders,BAT,Australia,right-hand-bat,right-arm-offbreak,0,319,2,267,79,76.7,66.2,72.8,50.0,78.4,53.2,69.8,78.7,4.82
MEK Hussey,2008,Chennai Super Kings,BAT,Australia,left-hand-bat,right-arm-fast-medium,0,168,0,100,0,78.6,50.0,68.1,50.0,84.4,50.0,50.0,78.6,4.78
AB Dinda,2008,Kolkata Knight Riders,BOWL,India,right-hand-bat,right-arm-fast-medium,0,2,9,4,245,50.0,75.9,50.0,76.3,50.0,72.0,74.1,78.3,4.66
WPUJC Vaas,2008,Sunrisers Hyderabad,BOWL,Sri Lanka,left-hand-bat,left-arm-fast-medium,0,21,5,18,103,50.0,76.1,50.0,71.3,65.9,59.5,72.4,78.3,4.66
KD Karthik,2008,Delhi Capitals,BAT,India,unknown,unknown,0,145,0,108,0,75.4,50.0,50.0,50.0,77.4,50.0,77.1,78.1,4.58
S Vidyut,2008,Chennai Super Kings,BAT,unknown,unknown,unknown,0,145,1,115,13,75.3,50.0,76.2,50.0,50.0,50.0,76.8,78.0,4.55
WP Saha,2008,Kolkata Knight Riders,WK,India,right-hand-bat,unknown,1,159,0,119,0,75.4,50.0,72.7,50.0,80.8,50.0,75.4,77.9,4.51
Kamran Akmal,2008,Rajasthan Royals,WK,Pakistan,right-hand-bat,unknown,1,128,0,78,0,75.5,50.0,76.9,50.0,64.6,50.0,72.7,77.8,4.47
S Badrinath,2008,Chennai Super Kings,BAT,India,right-hand-bat,right-arm-offbreak,0,192,0,138,0,75.5,50.0,76.0,50.0,82.5,50.0,69.5,77.4,4.32
IK Pathan,2008,Punjab Kings,BOWL,India,left-hand-bat,left-arm-fast-medium,0,131,15,120,336,71.3,75.3,50.0,78.1,72.4,81.1,65.7,76.9,4.14
SM Katich,2008,Punjab Kings,BAT,Australia,left-hand-bat,slow-left-arm-orthodox,0,96,0,72,0,74.2,50.0,75.1,50.0,63.2,50.0,77.3,76.9,4.14
A Kumble,2008,Royal Challengers Bengaluru,BOWL,India,right-hand-bat,legbreak-googly,0,13,7,17,236,50.0,74.7,50.0,72.4,64.3,94.1,64.8,76.2,3.9
CL White,2008,Royal Challengers Bengaluru,BAT,Australia,right-hand-bat,legbreak-googly,0,114,0,105,7,74.0,50.0,63.0,50.0,58.6,50.0,69.8,76.0,3.84
L Balaji,2008,Chennai Super Kings,BOWL,India,right-hand-bat,right-arm-fast-medium,0,0,11,5,205,50.0,74.0,50.0,50.0,50.0,74.5,69.2,75.9,3.81
A Nehra,2008,Mumbai Indians,BOWL,India,right-hand-bat,left-arm-fast-medium,0,3,12,13,280,50.0,73.8,50.0,74.0,56.9,77.0,70.2,75.8,3.77
DP Vijaykumar,2008,Sunrisers Hyderabad,BOWL,unknown,right-hand-bat,right-arm-fast-medium,0,1,4,1,159,50.0,73.1,50.0,74.7,50.0,72.1,77.0,75.8,3.77
VRV Singh,2008,Punjab Kings,BOWL,West Indies,left-hand-bat,slow-left-arm-orthodox,0,4,11,3,296,50.0,73.3,50.0,68.8,50.0,75.0,75.2,75.8,3.77
R Vinay Kumar,2008,Royal Challengers Bengaluru,BOWL,India,right-hand-bat,right-arm-offbreak,0,25,5,28,141,50.0,73.9,50.0,68.8,68.6,58.1,67.3,75.6,3.71
B Lee,2008,Punjab Kings,BOWL,Australia,right-hand-bat,right-arm-fast,0,17,4,14,99,50.0,73.3,50.0,79.7,60.9,65.1,72.3,75.5,3.68
M Ntini,2008,Chennai Super Kings,BOWL,South Africa,right-hand-bat,right-arm-fast,0,11,7,19,213,50.0,73.1,50.0,76.0,63.3,75.0,73.2,75.4,3.65
HH Gibbs,2008,Sunrisers Hyderabad,BAT,South Africa,right-hand-bat,right-arm-fast,0,167,0,159,0,73.0,50.0,75.8,50.0,50.0,50.0,73.0,75.3,3.62
JH Kallis,2008,Royal Challengers Bengaluru,AR,South Africa,right-hand-bat,right-arm-fast-medium,0,199,4,188,211,75.3,69.3,77.1,74.3,65.6,70.9,77.1,75.3,3.62
LR Shukla,2008,Kolkata Knight Riders,AR,India,right-hand-bat,right-arm-fast-medium,0,163,6,127,78,74.9,73.2,50.0,50.0,80.9,86.7,58.8,75.0,3.52
Misbah-ul-Haq,2008,Royal Challengers Bengaluru,BAT,Pakistan,unknown,unknown,0,117,0,82,0,72.5,50.0,67.8,50.0,71.7,50.0,70.9,74.6,3.4
M Kartik,2008,Kolkata Knight Riders,BOWL,India,left-hand-bat,slow-left-arm-orthodox,0,30,3,28,89,50.0,73.3,50.0,50.0,65.0,66.3,61.6,74.5,3.38
SR Tendulkar,2008,Mumbai Indians,BAT,India,right-hand-bat,legbreak,0,188,0,189,0,71.7,50.0,78.5,50.0,50.0,50.0,78.0,74.5,3.38
RR Powar,2008,Punjab Kings,BOWL,India,right-hand-bat,right-arm-offbreak,0,28,3,21,77,50.0,72.9,50.0,69.2,68.9,50.0,63.8,74.3,3.32
DB Ravi Teja,2008,Sunrisers Hyderabad,BAT,India,right-hand-bat,legbreak-googly,0,109,1,85,12,73.3,50.0,50.0,50.0,79.6,50.0,59.2,74.2,3.29
RA Jadeja,2008,Rajasthan Royals,BAT,India,left-hand-bat,slow-left-arm-orthodox,0,135,0,108,13,72.7,50.0,50.0,50.0,79.0,63.0,63.9,74.1,3.26
SB Bangar,2008,Sunrisers Hyderabad,BOWL,India,right-hand-bat,right-arm-fast-medium,0,47,4,49,153,58.5,71.1,50.0,73.4,66.8,61.2,79.1,74.0,3.23
M Kaif,2008,Rajasthan Royals,BAT,India,right-hand-bat,right-arm-offbreak,0,176,0,176,0,71.2,50.0,70.9,50.0,73.5,50.0,74.9,73.7,3.15
B Akhil,2008,Royal Challengers Bengaluru,BOWL,unknown,right-hand-bat,right-arm-medium-fast,0,46,2,32,105,55.5,73.6,50.0,50.0,68.4,70.1,50.0,73.6,3.12
Mohammad Asif,2008,Delhi Capitals,BOWL,Pakistan,right-hand-bat,right-arm-fast-medium,0,3,8,6,199,50.0,71.2,50.0,71.8,50.0,72.7,73.3,73.5,3.1
W Jaffer,2008,Royal Challengers Bengaluru,BAT,India,unknown,unknown,0,115,0,110,0,70.1,50.0,71.4,50.0,50.0,50.0,75.9,72.7,2.89
Shoaib Akhtar,2008,Kolkata Knight Riders,BOWL,Pakistan,right-hand-bat,right-arm-fast,0,2,5,8,46,50.0,70.5,50.0,85.7,50.0,50.0,71.2,72.6,2.86
S Dhawan,2008,Delhi Capitals,BAT,India,left-hand-bat,right-arm-offbreak,0,340,0,308,0,69.9,50.0,73.8,50.0,54.1,50.0,69.6,71.9,2.7
JDP Oram,2008,Chennai Super Kings,BOWL,New Zealand,left-hand-bat,right-arm-fast-medium,0,18,3,13,100,50.0,68.6,50.0,68.3,50.0,70.7,80.5,71.6,2.63
SB Styris,2008,Sunrisers Hyderabad,AR,New Zealand,right-hand-bat,right-arm-fast-medium,0,112,3,124,167,67.2,72.3,60.6,78.8,65.5,71.3,70.6,71.6,2.63
TM Dilshan,2008,Delhi Capitals,BAT,Sri Lanka,right-hand-bat,right-arm-offbreak,0,104,1,79,6,70.4,50.0,50.0,50.0,66.4,50.0,62.1,71.6,2.63
YV Takawale,2008,Mumbai Indians,WK,India,right-hand-bat,unknown,1,70,0,69,0,71.4,50.0,76.0,50.0,68.0,50.0,50.0,71.4,2.58
Harbhajan Singh,2008,Mumbai Indians,BOWL,India,right-hand-bat,right-arm-offbreak,0,30,5,17,62,50.0,69.2,50.0,50.0,68.6,68.6,68.4,71.0,2.5
MK Tiwary,2008,Delhi Capitals,BAT,India,right-hand-bat,legbreak-googly,0,104,0,87,0,69.5,50.0,62.2,50.0,66.4,50.0,63.6,70.9,2.47
PJ Sangwan,2008,Delhi Capitals,BOWL,India,right-hand-bat,left-arm-fast-medium,0,2,5,5,155,50.0,68.1,50.0,70.0,50.0,71.9,75.6,70.7,2.43
SD Chitnis,2008,Mumbai Indians,BOWL,India,right-hand-bat,right-arm-offbreak,0,18,2,10,38,50.0,70.4,50.0,50.0,60.2,50.0,50.0,70.4,2.37
DB Das,2008,Kolkata Knight Riders,WK,India,right-hand-bat,legbreak-googly,1,103,0,95,0,68.8,50.0,72.8,50.0,62.0,50.0,65.1,70.3,2.35
V Kohli,2008,Royal Challengers Bengaluru,BAT,India,right-hand-bat,right-arm-fast-medium,0,165,2,168,49,67.8,64.1,70.5,50.0,61.9,50.0,71.3,69.9,2.27
K Goel,2008,Punjab Kings,BAT,unknown,left-hand-bat,slow-left-arm-orthodox,0,76,0,79,12,68.2,50.0,75.9,50.0,50.0,50.0,66.1,69.8,2.25
P Amarnath,2008,Chennai Super Kings,BOWL,unknown,right-hand-bat,right-arm-medium,0,0,7,0,132,50.0,67.0,50.0,50.0,50.0,56.7,76.1,69.6,2.22
Joginder Sharma,2008,Chennai Super Kings,BOWL,India,right-hand-bat,right-arm-medium-fast,0,16,8,11,158,50.0,69.5,50.0,50.0,50.0,76.1,50.3,69.5,2.2
RR Sarwan,2008,Punjab Kings,BAT,West Indies,right-hand-bat,legbreak,0,73,0,78,0,68.0,50.0,77.7,50.0,50.0,50.0,58.9,68.9,2.09
Mohammad Hafeez,2008,Kolkata Knight Riders,AR,Pakistan,right-hand-bat,right-arm-offbreak,0,64,2,84,63,63.5,67.9,65.8,50.0,50.0,50.0,73.0,67.8,1.91
Gagandeep Singh,2008,Punjab Kings,BOWL,Bulgaria,right-hand-bat,right-arm-fast,0,0,3,0,84,50.0,67.4,50.0,50.0,50.0,60.6,50.0,67.4,1.85
SB Joshi,2008,Royal Challengers Bengaluru,BOWL,India,right-hand-bat,right-arm-fast-medium,0,6,1,16,55,50.0,67.4,50.0,50.0,50.0,50.0,50.0,67.4,1.85
SP Fleming,2008,Chennai Super Kings,BAT,New Zealand,left-hand-bat,unknown,0,196,0,171,0,64.9,50.0,72.8,50.0,50.0,50.0,74.6,67.4,1.85
SP Goswami,2008,Royal Challengers Bengaluru,WK,India,left-hand-bat,unknown,1,82,0,86,0,66.8,50.0,70.8,50.0,50.0,50.0,55.7,67.4,1.85
VVS Laxman,2008,Sunrisers Hyderabad,BAT,India,unknown,unknown,0,155,0,134,0,64.8,50.0,75.1,50.0,50.0,50.0,73.5,67.1,1.81
DPMD Jayawardene,2008,Punjab Kings,BAT,Sri Lanka,unknown,unknown,0,179,0,138,0,64.6,50.0,73.1,50.0,66.4,50.0,73.0,66.9,1.78
AB de Villiers,2008,Delhi Capitals,WK,South Africa,right-hand-bat,right-arm-fast-medium,1,95,0,100,0,65.7,50.0,68.0,50.0,57.3,50.0,55.7,66.3,1.7
DNT Zoysa,2008,Sunrisers Hyderabad,BOWL,Sri Lanka,left-hand-bat,left-arm-fast-medium,0,11,2,9,69,50.0,64.4,50.0,71.3,50.0,63.9,64.2,65.8,1.64
DL Vettori,2008,Delhi Capitals,BOWL,New Zealand,left-hand-bat,slow-left-arm-orthodox,0,0,2,0,48,50.0,65.0,50.0,50.0,50.0,66.8,50.0,65.0,1.55
Pankaj Singh,2008,Rajasthan Royals,BOWL,India,right-hand-bat,right-arm-fast-medium,0,5,0,8,76,50.0,62.7,50.0,65.7,50.0,55.7,60.6,63.8,1.42
A Chopra,2008,Kolkata Knight Riders,BAT,India,right-hand-bat,unknown,0,42,0,55,0,62.5,50.0,74.3,50.0,50.0,50.0,61.5,63.6,1.41
L Ronchi,2008,Mumbai Indians,WK,New Zealand,right-hand-bat,unknown,1,34,0,34,0,60.6,50.0,78.7,50.0,50.0,50.0,79.6,63.6,1.41
DJ Thornely,2008,Mumbai Indians,AR,unknown,unknown,unknown,0,39,3,54,44,60.6,66.0,65.3,50.0,50.0,50.0,50.0,63.0,1.35
DR Smith,2008,Mumbai Indians,WK,England,right-hand-bat,right-arm-fast-medium,1,45,5,41,69,61.0,74.3,62.3,50.0,50.0,50.0,57.5,61.8,1.27
AS Yadav,2008,Sunrisers Hyderabad,BAT,Thailand,right-hand-bat,left-arm-fast-medium,0,49,0,40,0,59.4,50.0,50.0,50.0,73.5,50.0,67.9,61.2,1.23
D Kalyankrishna,2008,Sunrisers Hyderabad,BOWL,unknown,right-hand-bat,right-arm-medium-fast,0,3,2,8,50,50.0,58.7,50.0,50.0,50.0,50.0,65.5,60.2,1.17
RT Ponting,2008,Kolkata Knight Riders,BAT,Australia,right-hand-bat,right-arm-fast-medium,0,39,0,53,0,58.6,50.0,56.6,50.0,50.0,50.0,50.0,58.6,1.1
PM Sarvesh Kumar,2008,Sunrisers Hyderabad,BOWL,Finland,right-hand-bat,right-arm-fast,0,1,1,2,31,50.0,58.0,50.0,50.0,50.0,50.0,50.0,58.0,1.08
PR Shah,2008,Mumbai Indians,BAT,USA,right-hand-bat,right-arm-fast-medium,0,34,0,38,0,57.7,50.0,50.0,50.0,61.9,50.0,53.1,58.0,1.08
Shoaib Malik,2008,Delhi Capitals,AR,Pakistan,right-hand-bat,right-arm-offbreak,0,52,2,49,58,50.0,62.9,61.2,50.0,50.0,63.4,61.2,56.9,1.05
B Chipli,2008,Royal Challengers Bengaluru,BAT,India,right-hand-bat,right-arm-fast-medium,0,20,0,30,0,54.8,50.0,71.2,50.0,50.0,50.0,60.6,55.9,1.03
S Chanderpaul,2008,Royal Challengers Bengaluru,BAT,West Indies,left-hand-bat,legbreak,0,25,0,33,0,54.5,50.0,69.5,50.0,50.0,50.0,63.7,55.9,1.03
B Geeves,2008,Delhi Capitals,BOWL,Australia,right-hand-bat,right-arm-fast-medium,0,0,1,0,49,50.0,54.0,50.0,57.2,50.0,50.0,66.4,55.6,1.03
VS Yeligati,2008,Mumbai Indians,BOWL,unknown,unknown,unknown,0,2,0,2,32,50.0,55.3,50.0,50.0,50.0,50.0,50.0,55.3,1.02
D Salunkhe,2008,Rajasthan Royals,AR,India,right-hand-bat,legbreak,0,33,1,24,51,50.0,60.5,50.0,50.0,66.2,50.0,50.0,54.7,1.02
MA Khote,2008,Mumbai Indians,AR,unknown,unknown,unknown,0,24,2,22,30,50.0,57.2,50.0,50.0,60.7,58.6,50.0,53.2,1.01
M Rawat,2008,Rajasthan Royals,WK,India,right-hand-bat,unknown,1,34,0,39,0,52.0,50.0,50.0,50.0,58.3,50.0,54.8,52.5,1.0
AD Mascarenhas,2008,Rajasthan Royals,BOWL,England,right-hand-bat,right-arm-fast-medium,0,9,2,8,25,50.0,50.0,50.0,56.9,50.0,50.0,63.6,51.4,1.0
AM Rahane,2008,Mumbai Indians,BAT,India,right-hand-bat,right-arm-fast-medium,0,4,0,19,0,50.0,50.0,59.0,50.0,50.0,50.0,62.5,51.2,1.0
J Arunkumar,2008,Royal Challengers Bengaluru,BAT,unknown,unknown,unknown,0,23,0,24,0,50.0,50.0,68.9,50.0,50.0,50.0,61.5,51.2,1.0
A Nel,2008,Mumbai Indians,BOWL,South Africa,right-hand-bat,right-arm-fast-medium,0,0,1,0,18,50.0,50.0,50.0,50.0,50.0,50.0,60.5,51.0,1.0
BJ Hodge,2008,Kolkata Knight Riders,BAT,Australia,right-hand-bat,right-arm-offbreak,0,12,0,18,0,50.0,50.0,56.8,50.0,50.0,50.0,59.0,50.9,1.0
T Kohli,2008,Rajasthan Royals,BAT,unknown,unknown,unknown,0,10,0,16,0,50.0,50.0,61.0,50.0,50.0,50.0,58.7,50.9,1.0
DS Lehmann,2008,Rajasthan Royals,BAT,Australia,unknown,unknown,0,18,0,19,0,50.0,50.0,50.0,50.0,50.0,50.0,57.9,50.8,1.0
A Mukund,2008,Chennai Super Kings,BAT,India,left-hand-bat,legbreak-googly,0,0,0,1,0,50.0,50.0,50.0,50.0,50.0,50.0,50.0,50.0,1.0
AA Noffke,2008,Royal Challengers Bengaluru,AR,Australia,right-hand-bat,right-arm-fast-medium,0,9,1,12,25,50.0,50.0,50.0,50.0,50.0,62.9,50.0,50.0,1.0
Abdur Razzak,2008,Royal Challengers Bengaluru,BOWL,Bangladesh,left-hand-bat,slow-left-arm-orthodox,0,0,0,2,14,50.0,50.0,50.0,50.0,50.0,50.0,50.0,50.0,1.0
BAW Mendis,2008,Kolkata Knight Riders,BOWL,Sri Lanka,right-hand-bat,right-arm-offbreak,0,0,1,0,24,50.0,50.0,50.0,64.4,50.0,50.0,50.0,50.0,1.0
CK Kapugedera,2008,Chennai Super Kings,AR,Sri Lanka,right-hand-bat,right-arm-fast-medium,0,16,0,24,17,50.0,50.0,50.0,50.0,64.0,50.0,50.0,50.0,1.0
DT Patil,2008,Royal Challengers Bengaluru,BAT,unknown,unknown,unknown,0,13,0,13,0,50.0,50.0,50.0,50.0,50.0,50.0,50.0,50.0,1.0
H Das,2008,Sunrisers Hyderabad,BAT,unknown,unknown,unknown,0,2,0,5,0,50.0,50.0,50.0,50.0,50.0,50.0,50.0,50.0,1.0
Iqbal Abdulla,2008,Kolkata Knight Riders,BOWL,India,left-hand-bat,slow-left-arm-orthodox,0,1,0,2,18,50.0,50.0,50.0,50.0,50.0,50.0,50.0,50.0,1.0
LPC Silva,2008,Sunrisers Hyderabad,BAT,Sri Lanka,unknown,unknown,0,40,0,27,6,50.0,50.0,50.0,50.0,62.1,50.0,50.0,50.0,1.0
MK Pandey,2008,Mumbai Indians,BAT,India,right-hand-bat,right-arm-fast-medium,0,3,0,10,0,50.0,50.0,50.0,50.0,50.0,50.0,50.0,50.0,1.0
S Anirudha,2008,Chennai Super Kings,BAT,India,right-hand-bat,unknown,0,1,0,8,0,50.0,50.0,50.0,50.0,50.0,50.0,50.0,50.0,1.0
S Sohal,2008,Punjab Kings,BAT,United States,right-hand-bat,legbreak,0,4,0,8,0,50.0,50.0,50.0,50.0,50.0,50.0,50.0,50.0,1.0
SS Tiwary,2008,Mumbai Indians,BAT,India,left-hand-bat,unknown,0,26,0,20,0,50.0,50.0,50.0,50.0,59.6,50.0,50.0,50.0,1.0
T Taibu,2008,Kolkata Knight Riders,WK,Zimbabwe,right-hand-bat,right-arm-fast-medium,1,31,0,26,0,50.0,50.0,50.0,50.0,50.0,50.0,50.0,50.0,1.0
TM Srivastava,2008,Punjab Kings,BAT,unknown,unknown,unknown,0,8,0,10,0,50.0,50.0,50.0,50.0,50.0,50.0,50.0,50.0,1.0
U Kaul,2008,Punjab Kings,BAT,unknown,unknown,unknown,0,0,0,1,0,50.0,50.0,50.0,50.0,50.0,50.0,50.0,50.0,1.0
WA Mota,2008,Punjab Kings,AR,unknown,right-hand-bat,right-arm-medium,0,26,1,28,20,50.0,50.0,50.0,50.0,62.2,50.0,50.0,50.0,1.0
Younis Khan,2008,Rajasthan Royals,BAT,Pakistan,right-hand-bat,right-arm-fast-medium,0,3,0,7,0,50.0,50.0,50.0,50.0,50.0,50.0,50.0,50.0,1.0
AC Gilchrist,2009,Sunrisers Hyderabad,WK,Australia,left-hand-bat,right-arm-offbreak,1,495,0,337,0,99.0,50.0,82.0,50.0,50.0,50.0,82.0,99.0,20.0
ML Hayden,2009,Chennai Super Kings,BAT,Australia,left-hand-bat,right-arm-fast-medium,0,572,0,409,0,95.4,50.0,79.8,50.0,85.4,50.0,80.6,98.5,19.42
A Kumble,2009,Royal Challengers Bengaluru,BOWL,India,right-hand-bat,legbreak-googly,0,16,21,20,358,50.0,94.8,50.0,82.8,60.7,81.6,85.2,98.3,19.2
PP Ojha,2009,Sunrisers Hyderabad,BOWL,India,left-hand-bat,slow-left-arm-orthodox,0,1,18,7,327,50.0,90.2,50.0,50.0,50.0,76.8,84.5,93.6,14.39
MM Patel,2009,Rajasthan Royals,BOWL,England,right-hand-bat,right-arm-fast-medium,0,33,16,26,218,50.0,89.9,50.0,84.4,78.1,70.3,82.5,93.2,14.02
M Muralitharan,2009,Chennai Super Kings,BOWL,Sri Lanka,right-hand-bat,right-arm-offbreak,0,8,14,8,304,50.0,89.9,50.0,78.5,50.0,81.7,82.0,93.1,13.93
A Nehra,2009,Delhi Capitals,BOWL,India,right-hand-bat,left-arm-fast-medium,0,1,19,1,326,50.0,88.7,50.0,76.5,50.0,79.0,79.0,91.6,12.63
PP Chawla,2009,Punjab Kings,BOWL,India,left-hand-bat,legbreak,0,31,12,39,273,57.7,85.4,50.0,79.4,67.6,71.9,81.9,88.6,10.29
SB Jakati,2009,Chennai Super Kings,BOWL,India,left-hand-bat,slow-left-arm-orthodox,0,20,13,16,175,50.0,84.8,50.0,50.0,60.7,78.8,81.2,87.9,9.79
Kamran Khan,2009,Rajasthan Royals,BOWL,Qatar,right-hand-bat,right-arm-fast,0,3,7,5,121,50.0,84.9,50.0,97.6,50.0,73.7,77.4,87.6,9.58
PJ Sangwan,2009,Delhi Capitals,BOWL,India,right-hand-bat,left-arm-fast-medium,0,6,15,10,297,50.0,83.1,50.0,77.0,53.9,84.0,79.8,86.1,8.6
BAW Mendis,2009,Kolkata Knight Riders,BOWL,Sri Lanka,right-hand-bat,right-arm-offbreak,0,0,3,1,102,50.0,84.1,50.0,68.0,50.0,77.0,68.6,86.0,8.53
SK Raina,2009,Chennai Super Kings,AR,India,left-hand-bat,right-arm-offbreak,0,434,7,318,167,84.4,82.0,80.2,50.0,82.0,80.2,77.2,86.0,8.53
TM Dilshan,2009,Delhi Capitals,BAT,Sri Lanka,right-hand-bat,right-arm-offbreak,0,418,0,357,96,83.0,69.5,81.5,50.0,77.0,50.0,78.2,85.8,8.41
R Bhatia,2009,Delhi Capitals,BOWL,United Arab Emirates,right-hand-bat,right-arm-fast-medium,0,8,10,18,133,50.0,81.5,50.0,50.0,58.0,77.5,86.0,85.1,7.98
RG Sharma,2009,Sunrisers Hyderabad,AR,India,right-hand-bat,right-arm-fast-medium,0,362,11,323,140,80.3,84.3,72.7,69.6,75.9,86.4,80.3,85.1,7.98
A Singh,2009,Rajasthan Royals,BOWL,India,right-hand-bat,right-arm-fast-medium,0,1,9,3,107,50.0,82.7,50.0,81.6,50.0,78.6,70.8,84.8,7.81
Harbhajan Singh,2009,Mumbai Indians,BOWL,India,right-hand-bat,right-arm-offbreak,0,84,12,57,268,64.7,81.8,50.0,73.8,81.4,79.3,77.2,84.5,7.63
AB de Villiers,2009,Delhi Capitals,WK,South Africa,right-hand-bat,right-arm-fast-medium,1,465,0,359,0,82.1,50.0,73.2,50.0,77.9,50.0,71.9,84.3,7.52
A Mishra,2009,Delhi Capitals,BOWL,India,right-hand-bat,legbreak,0,26,14,20,262,50.0,81.4,50.0,60.2,56.0,61.6,76.6,84.1,7.4
SK Warne,2009,Rajasthan Royals,BOWL,Australia,right-hand-bat,legbreak-googly,0,108,14,118,313,66.4,81.0,50.0,50.0,71.9,75.3,80.8,84.1,7.4
SL Malinga,2009,Mumbai Indians,BOWL,Sri Lanka,right-hand-bat,right-arm-fast,0,0,18,1,326,50.0,81.8,50.0,74.0,50.0,84.6,71.0,83.9,7.29
A Symonds,2009,Sunrisers Hyderabad,AR,Australia,right-hand-bat,right-arm-fast-medium,0,249,7,171,147,79.4,81.3,63.9,88.5,82.1,62.8,84.1,83.7,7.18
LRPL Taylor,2009,Royal Challengers Bengaluru,BAT,New Zealand,unknown,unknown,0,280,0,211,7,80.8,50.0,74.2,50.0,81.1,50.0,78.8,83.7,7.18
DR Smith,2009,Sunrisers Hyderabad,WK,England,right-hand-bat,right-arm-fast-medium,1,215,1,134,85,81.9,65.8,70.6,61.3,77.0,58.9,67.3,83.6,7.13
YA Abdulla,2009,Punjab Kings,BOWL,South Africa,left-hand-bat,left-arm-fast-medium,0,0,14,0,180,50.0,80.7,50.0,81.0,50.0,71.0,77.6,83.5,7.07
SR Tendulkar,2009,Mumbai Indians,BAT,India,right-hand-bat,legbreak,0,364,0,315,37,80.5,57.6,75.4,50.0,66.0,50.0,74.0,82.9,6.75
BB McCullum,2009,Kolkata Knight Riders,WK,New Zealand,right-hand-bat,right-arm-offbreak,1,286,0,248,0,80.1,50.0,79.0,50.0,79.7,50.0,75.2,82.6,6.6
KD Karthik,2009,Delhi Capitals,BAT,India,unknown,unknown,0,288,0,224,0,79.1,50.0,50.0,50.0,75.0,50.0,77.0,81.8,6.19
DL Vettori,2009,Delhi Capitals,BOWL,New Zealand,left-hand-bat,slow-left-arm-orthodox,0,34,7,32,141,58.2,78.5,50.0,50.0,59.5,73.3,80.0,81.5,6.05
RP Singh,2009,Sunrisers Hyderabad,BOWL,India,right-hand-bat,left-arm-fast-medium,0,8,23,17,382,50.0,80.0,50.0,78.6,55.9,79.9,65.0,81.5,6.05
JA Morkel,2009,Chennai Super Kings,BOWL,South Africa,left-hand-bat,right-arm-fast-medium,0,97,13,73,249,64.5,78.6,50.0,75.0,73.0,73.3,76.6,81.3,5.95
JP Duminy,2009,Mumbai Indians,BAT,South Africa,left-hand-bat,right-arm-offbreak,0,372,4,334,107,78.7,82.0,74.8,50.0,79.3,72.0,74.0,81.1,5.86
M Kartik,2009,Kolkata Knight Riders,BOWL,India,left-hand-bat,slow-left-arm-orthodox,0,21,4,20,210,50.0,77.5,50.0,76.6,68.6,67.8,79.4,80.4,5.54
DJ Bravo,2009,Mumbai Indians,AR,West Indies,left-hand-bat,right-arm-fast-medium,0,218,11,211,211,71.0,84.5,72.3,82.1,66.2,76.3,82.3,80.3,5.49
S Sohal,2009,Punjab Kings,BAT,United States,right-hand-bat,legbreak,0,115,0,102,0,77.3,50.0,77.6,50.0,50.0,50.0,80.3,80.3,5.49
Yuvraj Singh,2009,Punjab Kings,BAT,India,left-hand-bat,slow-left-arm-orthodox,0,340,6,317,121,77.9,75.9,73.5,50.0,70.0,66.0,73.7,80.3,5.49
ST Jayasuriya,2009,Mumbai Indians,AR,Sri Lanka,left-hand-bat,slow-left-arm-orthodox,0,221,7,205,119,78.4,75.5,74.9,50.0,50.0,74.1,81.5,80.2,5.45
G Gambhir,2009,Delhi Capitals,BAT,India,left-hand-bat,legbreak,0,286,0,283,0,77.1,50.0,75.8,50.0,55.1,50.0,78.6,80.0,5.36
R Vinay Kumar,2009,Royal Challengers Bengaluru,BOWL,India,right-hand-bat,right-arm-offbreak,0,47,9,44,199,62.4,77.2,50.0,77.9,79.6,77.0,77.3,79.9,5.32
MK Pandey,2009,Royal Challengers Bengaluru,BAT,India,right-hand-bat,right-arm-fast-medium,0,168,0,120,0,77.6,50.0,81.7,50.0,69.4,50.0,72.4,79.8,5.27
RS Bopara,2009,Punjab Kings,BAT,England,right-hand-bat,right-arm-fast-medium,0,138,0,124,8,76.6,50.0,76.9,50.0,68.5,50.0,82.1,79.8,5.27
BJ Hodge,2009,Kolkata Knight Riders,BAT,Australia,right-hand-bat,right-arm-offbreak,0,365,7,317,123,76.5,80.9,71.2,84.4,80.5,59.1,76.7,79.2,5.02
MS Dhoni,2009,Chennai Super Kings,WK,India,right-hand-bat,right-arm-fast-medium,1,332,0,270,0,76.9,50.0,50.0,50.0,71.9,50.0,72.0,79.1,4.98
MV Boucher,2009,Royal Challengers Bengaluru,WK,South Africa,right-hand-bat,right-arm-fast-medium,1,150,0,121,0,75.5,50.0,50.0,50.0,75.4,50.0,85.6,79.1,4.98
JH Kallis,2009,Royal Challengers Bengaluru,AR,South Africa,right-hand-bat,right-arm-fast-medium,0,361,6,349,289,80.1,70.6,75.8,77.5,59.2,64.7,78.5,78.7,4.82
I Sharma,2009,Kolkata Knight Riders,BOWL,India,right-hand-bat,right-arm-fast-medium,0,16,11,13,270,50.0,76.3,50.0,73.7,60.4,78.6,72.5,78.6,4.78
IK Pathan,2009,Punjab Kings,AR,India,left-hand-bat,left-arm-fast-medium,0,196,17,164,314,72.9,80.4,66.8,75.6,74.4,79.7,73.7,78.6,4.78
RA Jadeja,2009,Rajasthan Royals,AR,India,left-hand-bat,slow-left-arm-orthodox,0,295,6,276,144,75.2,76.6,59.2,50.0,75.1,75.3,74.5,78.3,4.66
RR Powar,2009,Punjab Kings,BOWL,India,right-hand-bat,right-arm-offbreak,0,23,5,22,132,50.0,75.5,50.0,78.2,71.0,50.0,77.7,78.3,4.66
Z Khan,2009,Mumbai Indians,BOWL,India,right-hand-bat,left-arm-fast-medium,0,8,6,11,132,50.0,75.9,50.0,76.2,56.3,73.9,73.4,78.2,4.62
R Dravid,2009,Royal Challengers Bengaluru,BAT,India,right-hand-bat,right-arm-offbreak,0,271,0,239,0,75.9,50.0,76.5,50.0,67.3,50.0,71.4,78.0,4.55
FH Edwards,2009,Sunrisers Hyderabad,BOWL,West Indies,right-hand-bat,right-arm-fast,0,4,5,5,150,50.0,75.6,50.0,80.4,50.0,75.1,73.2,77.9,4.51
TL Suman,2009,Sunrisers Hyderabad,AR,India,right-hand-bat,right-arm-offbreak,0,237,5,193,91,73.2,76.8,75.0,50.0,67.8,63.4,81.1,77.9,4.51
HH Gibbs,2009,Sunrisers Hyderabad,BAT,South Africa,right-hand-bat,right-arm-fast,0,371,0,344,0,75.2,50.0,75.2,50.0,78.1,50.0,74.2,77.6,4.4
AD Mascarenhas,2009,Rajasthan Royals,BOWL,England,right-hand-bat,right-arm-fast-medium,0,39,6,39,116,56.9,75.1,50.0,79.0,59.2,50.0,73.4,77.4,4.32
DPMD Jayawardene,2009,Punjab Kings,BAT,Sri Lanka,unknown,unknown,0,219,0,172,0,74.3,50.0,50.0,50.0,78.2,50.0,79.1,77.2,4.25
AM Nayar,2009,Mumbai Indians,AR,India,left-hand-bat,right-arm-fast-medium,0,193,4,155,77,76.6,71.0,50.0,50.0,81.0,50.0,75.5,76.6,4.04
V Kohli,2009,Royal Challengers Bengaluru,BAT,India,right-hand-bat,right-arm-fast-medium,0,246,0,225,39,73.8,59.5,72.5,50.0,75.4,50.0,75.5,76.4,3.97
B Lee,2009,Punjab Kings,BOWL,Australia,right-hand-bat,right-arm-fast,0,28,5,35,133,57.7,73.8,50.0,73.3,73.5,80.4,70.6,75.9,3.81
RE van der Merwe,2009,Royal Challengers Bengaluru,AR,Netherlands,right-hand-bat,slow-left-arm-orthodox,0,122,9,101,209,70.7,75.6,68.8,54.7,79.0,73.1,79.7,75.9,3.81
S Sreesanth,2009,Punjab Kings,BOWL,India,right-hand-bat,right-arm-fast-medium,0,5,6,19,145,50.0,73.3,50.0,72.4,59.9,52.6,75.3,75.8,3.77
MN van Wyk,2009,Kolkata Knight Riders,WK,South Africa,right-hand-bat,slow-left-arm-orthodox,1,167,0,135,0,74.4,50.0,73.5,50.0,76.9,50.0,63.4,75.7,3.74
B Akhil,2009,Royal Challengers Bengaluru,BOWL,unknown,right-hand-bat,right-arm-medium-fast,0,17,4,16,69,50.0,73.5,50.0,50.0,50.0,70.7,71.5,75.6,3.71
AM Salvi,2009,Delhi Capitals,BOWL,India,right-hand-bat,right-arm-medium-fast,0,0,4,0,106,50.0,73.1,50.0,72.3,50.0,60.7,72.9,75.4,3.65
SK Trivedi,2009,Rajasthan Royals,BOWL,India,left-hand-bat,right-arm-fast-medium,0,9,6,19,123,50.0,74.5,50.0,83.5,64.3,75.2,59.4,75.4,3.65
MF Maharoof,2009,Delhi Capitals,BOWL,Sri Lanka,right-hand-bat,right-arm-fast-medium,0,21,4,21,66,50.0,73.7,50.0,82.9,64.0,64.4,65.9,75.3,3.62
P Kumar,2009,Royal Challengers Bengaluru,BOWL,Finland,right-hand-bat,right-arm-fast,0,65,13,46,312,62.7,73.4,50.0,75.1,82.3,75.9,68.7,75.3,3.62
YK Pathan,2009,Rajasthan Royals,AR,India,right-hand-bat,right-arm-offbreak,0,261,7,192,221,71.4,73.5,57.6,78.7,82.1,67.5,76.2,75.0,3.52
AB Agarkar,2009,Kolkata Knight Riders,BOWL,India,right-hand-bat,right-arm-fast,0,66,6,58,199,64.7,72.3,50.0,72.6,74.8,74.0,76.2,74.9,3.49
KC Sangakkara,2009,Punjab Kings,WK,Sri Lanka,left-hand-bat,right-arm-offbreak,1,332,0,332,0,72.8,50.0,68.2,50.0,73.8,50.0,71.2,74.9,3.49
KP Pietersen,2009,Royal Challengers Bengaluru,AR,England,right-hand-bat,right-arm-offbreak,0,93,4,89,80,71.2,73.7,74.7,59.2,50.0,63.7,76.2,74.9,3.49
RJ Quiney,2009,Rajasthan Royals,BAT,Australia,left-hand-bat,right-arm-fast-medium,0,103,0,105,0,72.1,50.0,74.8,50.0,50.0,50.0,77.7,74.9,3.49
AM Rahane,2009,Mumbai Indians,BAT,India,right-hand-bat,right-arm-fast-medium,0,144,1,128,6,74.1,50.0,74.7,50.0,79.2,50.0,55.6,74.7,3.43
DA Warner,2009,Delhi Capitals,BAT,Australia,left-hand-bat,legbreak,0,163,0,137,0,71.9,50.0,75.4,50.0,50.0,50.0,76.8,74.6,3.4
PA Patel,2009,Chennai Super Kings,WK,India,right-hand-bat,right-arm-fast,1,142,0,131,0,71.9,50.0,76.0,50.0,50.0,50.0,76.5,74.6,3.4
S Tyagi,2009,Chennai Super Kings,BOWL,India,right-hand-bat,right-arm-fast-medium,0,0,5,0,118,50.0,72.1,50.0,75.1,50.0,50.0,73.3,74.4,3.35
GC Smith,2009,Rajasthan Royals,BAT,South Africa,left-hand-bat,right-arm-offbreak,0,212,0,222,0,72.0,50.0,74.5,50.0,50.0,50.0,72.4,74.2,3.29
RV Uthappa,2009,Royal Challengers Bengaluru,WK,India,right-hand-bat,right-arm-fast-medium,1,175,0,177,0,71.6,50.0,73.6,50.0,67.1,50.0,74.1,74.0,3.23
Shoaib Ahmed,2009,Sunrisers Hyderabad,BOWL,Cyprus,right-hand-bat,right-arm-fast-medium,0,1,5,6,103,50.0,71.4,50.0,62.8,50.0,55.1,74.1,73.8,3.18
DS Kulkarni,2009,Mumbai Indians,BOWL,India,right-hand-bat,right-arm-fast-medium,0,9,5,18,160,50.0,71.4,50.0,76.4,60.4,64.7,70.8,73.5,3.1
DP Nannes,2009,Delhi Capitals,BOWL,Australia,right-hand-bat,left-arm-fast,0,0,15,0,320,50.0,71.6,50.0,76.5,50.0,75.1,68.2,73.4,3.07
LR Shukla,2009,Kolkata Knight Riders,AR,India,right-hand-bat,right-arm-fast-medium,0,83,3,86,88,71.6,71.0,50.0,50.0,79.2,60.3,71.2,73.4,3.07
CH Gayle,2009,Kolkata Knight Riders,AR,West Indies,left-hand-bat,right-arm-offbreak,0,184,1,159,119,70.1,70.5,68.8,63.1,50.0,76.7,79.8,73.3,3.04
RJ Harris,2009,Sunrisers Hyderabad,BOWL,Australia,right-hand-bat,right-arm-fast,0,21,6,18,192,50.0,71.1,50.0,75.7,59.0,73.6,71.0,73.2,3.02
S Badrinath,2009,Chennai Super Kings,BAT,India,right-hand-bat,right-arm-offbreak,0,177,0,166,0,70.8,50.0,68.3,50.0,69.4,50.0,69.6,72.8,2.91
SM Katich,2009,Punjab Kings,BAT,Australia,left-hand-bat,slow-left-arm-orthodox,0,145,0,119,0,70.1,50.0,74.1,50.0,50.0,50.0,75.0,72.6,2.86
AB Dinda,2009,Kolkata Knight Riders,BOWL,India,right-hand-bat,right-arm-fast-medium,0,2,4,3,150,50.0,70.3,50.0,74.2,50.0,67.0,71.5,72.4,2.82
L Balaji,2009,Chennai Super Kings,BOWL,India,right-hand-bat,right-arm-fast-medium,0,4,13,10,229,50.0,70.5,50.0,68.7,59.3,79.0,62.7,71.8,2.67
KP Appanna,2009,Royal Challengers Bengaluru,BOWL,India,right-hand-bat,slow-left-arm-orthodox,0,0,2,1,72,50.0,70.2,50.0,50.0,50.0,50.0,65.4,71.7,2.65
JDP Oram,2009,Chennai Super Kings,AR,New Zealand,left-hand-bat,right-arm-fast-medium,0,88,5,94,94,65.1,74.1,50.0,59.4,70.0,79.8,72.7,71.4,2.58
Harmeet Singh,2009,Sunrisers Hyderabad,BOWL,Germany,left-hand-bat,right-arm-fast-medium,0,0,3,0,142,50.0,68.9,50.0,70.6,50.0,64.4,72.0,71.1,2.52
LA Carseldine,2009,Rajasthan Royals,BAT,unknown,unknown,unknown,0,81,1,71,7,68.7,50.0,75.4,50.0,60.9,50.0,70.5,70.8,2.45
SM Harwood,2009,Rajasthan Royals,BOWL,Australia,right-hand-bat,right-arm-fast-medium,0,9,3,14,67,50.0,70.8,50.0,70.1,60.1,68.0,50.0,70.8,2.45
K Goel,2009,Punjab Kings,BAT,unknown,left-hand-bat,slow-left-arm-orthodox,0,124,0,140,49,68.5,61.9,74.8,50.0,64.1,50.0,70.8,70.6,2.41
AA Bilakhia,2009,Sunrisers Hyderabad,BAT,unknown,unknown,unknown,0,67,0,84,0,68.5,50.0,79.9,50.0,70.4,50.0,68.9,70.4,2.37
WPUJC Vaas,2009,Sunrisers Hyderabad,BOWL,Sri Lanka,left-hand-bat,left-arm-fast-medium,0,30,4,21,52,50.0,68.0,50.0,84.4,50.0,54.3,73.2,70.3,2.35
Y Venugopal Rao,2009,Sunrisers Hyderabad,AR,India,right-hand-bat,right-arm-offbreak,0,124,4,118,92,62.5,73.4,50.0,61.2,70.4,62.4,75.6,70.0,2.29
MS Gony,2009,Chennai Super Kings,BOWL,India,right-hand-bat,right-arm-fast-medium,0,13,5,7,107,50.0,67.5,50.0,70.7,50.0,56.8,74.3,69.9,2.27
DJ Hussey,2009,Kolkata Knight Riders,BAT,Australia,right-hand-bat,right-arm-offbreak,0,98,0,61,25,69.6,50.0,64.0,50.0,75.7,50.0,50.0,69.6,2.22
VS Malik,2009,Punjab Kings,BOWL,India,right-hand-bat,right-arm-fast-medium,0,0,2,0,74,50.0,68.2,50.0,74.9,50.0,50.0,64.3,69.6,2.22
SC Ganguly,2009,Kolkata Knight Riders,BAT,India,left-hand-bat,right-arm-fast-medium,0,189,2,213,73,66.8,68.6,69.6,50.0,79.5,50.0,71.8,69.0,2.11
AS Raut,2009,Rajasthan Royals,BAT,India,unknown,unknown,0,78,0,65,24,67.1,50.0,50.0,50.0,73.7,59.6,67.7,68.9,2.09
JD Ryder,2009,Royal Challengers Bengaluru,AR,New Zealand,left-hand-bat,right-arm-fast-medium,0,56,3,49,104,59.1,75.2,72.1,50.0,50.0,57.1,74.9,68.8,2.07
SA Asnodkar,2009,Rajasthan Royals,BAT,unknown,unknown,unknown,0,98,0,98,0,66.4,50.0,70.1,50.0,50.0,50.0,72.0,68.6,2.04
DW Steyn,2009,Royal Challengers Bengaluru,BOWL,South Africa,right-hand-bat,right-arm-fast,0,0,2,3,59,50.0,66.5,50.0,72.8,50.0,68.4,68.1,68.3,1.99
V Sehwag,2009,Delhi Capitals,BAT,India,right-hand-bat,right-arm-offbreak,0,198,0,146,7,65.7,50.0,63.4,50.0,50.0,50.0,74.9,68.2,1.97
M Vijay,2009,Chennai Super Kings,BAT,India,right-hand-bat,right-arm-offbreak,0,60,0,69,0,65.6,50.0,73.1,50.0,50.0,50.0,75.4,68.1,1.96
MC Henriques,2009,Kolkata Knight Riders,AR,Australia,right-hand-bat,right-arm-fast-medium,0,38,2,40,76,58.6,79.7,50.0,62.3,64.2,73.1,50.0,68.1,1.96
D du Preez,2009,Royal Challengers Bengaluru,BOWL,South Africa,right-hand-bat,right-arm-fast-medium,0,10,4,13,43,50.0,67.0,50.0,78.2,50.0,50.0,50.0,67.0,1.79
PR Shah,2009,Mumbai Indians,BAT,USA,right-hand-bat,right-arm-fast-medium,0,53,0,54,0,64.5,50.0,76.3,50.0,50.0,50.0,75.1,67.0,1.79
J Botha,2009,Rajasthan Royals,AR,South Africa,right-hand-bat,right-arm-offbreak,0,47,3,42,75,58.0,73.3,58.6,50.0,50.0,68.6,70.0,66.9,1.78
WP Saha,2009,Kolkata Knight Riders,WK,India,right-hand-bat,unknown,1,72,0,41,0,62.9,50.0,50.0,50.0,78.4,50.0,80.5,66.0,1.66
A Flintoff,2009,Chennai Super Kings,AR,England,right-hand-bat,right-arm-fast-medium,0,62,2,57,66,65.7,63.0,66.1,56.3,65.5,60.2,63.8,65.9,1.65
C Nanda,2009,Mumbai Indians,BOWL,unknown,right-hand-bat,legbreak,0,0,2,1,50,50.0,64.8,50.0,50.0,50.0,50.0,58.9,65.7,1.62
SB Styris,2009,Sunrisers Hyderabad,BOWL,New Zealand,right-hand-bat,right-arm-fast-medium,0,14,5,8,49,50.0,65.7,50.0,50.0,50.0,66.6,50.0,65.7,1.62
DB Ravi Teja,2009,Sunrisers Hyderabad,BAT,India,right-hand-bat,legbreak-googly,0,65,0,71,0,63.8,50.0,50.0,50.0,73.7,50.0,67.9,65.6,1.61
NV Ojha,2009,Rajasthan Royals,WK,India,right-hand-bat,unknown,1,168,0,145,0,63.4,50.0,69.1,50.0,50.0,50.0,70.9,65.5,1.6
WA Mota,2009,Punjab Kings,AR,unknown,right-hand-bat,right-arm-medium,0,30,3,48,55,59.6,67.3,50.0,50.0,61.6,64.7,64.3,64.5,1.49
GJ Bailey,2009,Chennai Super Kings,BAT,Australia,right-hand-bat,right-arm-fast-medium,0,45,0,40,0,62.9,50.0,80.2,50.0,50.0,50.0,65.0,64.4,1.48
SP Goswami,2009,Royal Challengers Bengaluru,WK,India,left-hand-bat,unknown,1,53,0,64,0,63.2,50.0,75.1,50.0,50.0,50.0,61.2,64.3,1.47
M Manhas,2009,Delhi Capitals,BAT,India,right-hand-bat,right-arm-offbreak,0,75,0,65,0,63.0,50.0,50.0,50.0,70.7,50.0,60.3,64.0,1.44
T Thushara,2009,Chennai Super Kings,BOWL,Sri Lanka,left-hand-bat,left-arm-fast-medium,0,2,3,8,50,50.0,63.6,50.0,76.1,50.0,57.4,50.0,63.6,1.41
Pankaj Singh,2009,Royal Challengers Bengaluru,BOWL,India,right-hand-bat,right-arm-fast-medium,0,1,2,2,45,50.0,62.1,50.0,76.1,50.0,50.0,63.2,63.4,1.39
M Morkel,2009,Rajasthan Royals,BOWL,South Africa,left-hand-bat,right-arm-fast,0,8,0,9,44,50.0,62.0,50.0,74.4,50.0,50.0,62.0,63.2,1.37
Joginder Sharma,2009,Chennai Super Kings,BOWL,India,right-hand-bat,right-arm-medium-fast,0,20,2,18,43,50.0,61.6,50.0,50.0,63.7,50.0,50.0,61.6,1.25
Yashpal Singh,2009,Kolkata Knight Riders,BAT,unknown,unknown,unknown,0,47,0,67,0,60.1,50.0,70.2,50.0,61.5,50.0,62.9,61.4,1.24
RR Raje,2009,Mumbai Indians,BOWL,India,right-hand-bat,right-arm-fast-medium,0,12,1,9,42,50.0,60.5,50.0,50.0,50.0,66.1,50.0,60.5,1.19
VRV Singh,2009,Punjab Kings,BOWL,West Indies,left-hand-bat,slow-left-arm-orthodox,0,0,1,0,54,50.0,60.2,50.0,62.6,50.0,61.2,50.0,60.2,1.17
S Dhawan,2009,Mumbai Indians,BAT,India,left-hand-bat,right-arm-offbreak,0,40,0,46,0,58.7,50.0,50.0,50.0,57.2,50.0,50.0,58.7,1.11
LA Pomersbach,2009,Punjab Kings,BAT,Australia,left-hand-bat,right-arm-offbreak,0,41,0,49,0,58.4,50.0,71.3,50.0,50.0,50.0,50.0,58.4,1.1
NK Patel,2009,Rajasthan Royals,BAT,United States,right-hand-bat,slow-left-arm-orthodox,0,18,0,41,0,58.4,50.0,68.6,50.0,50.0,50.0,50.0,58.4,1.1
Anureet Singh,2009,Kolkata Knight Riders,BOWL,India,right-hand-bat,right-arm-fast-medium,0,0,2,0,34,50.0,56.6,50.0,62.7,50.0,58.4,60.0,57.6,1.07
T Henderson,2009,Rajasthan Royals,AR,South Africa,right-hand-bat,right-arm-fast-medium,0,11,1,16,36,50.0,60.0,56.6,50.0,50.0,62.1,50.0,54.5,1.01
VVS Laxman,2009,Sunrisers Hyderabad,BAT,India,unknown,unknown,0,19,0,33,0,54.2,50.0,65.4,50.0,50.0,50.0,50.0,54.2,1.01
SS Tiwary,2009,Mumbai Indians,BAT,India,left-hand-bat,unknown,0,13,0,12,0,50.0,50.0,50.0,50.0,57.2,50.0,68.1,51.8,1.0
CK Langeveldt,2009,Kolkata Knight Riders,BOWL,South Africa,right-hand-bat,right-arm-fast-medium,0,0,3,0,25,50.0,50.0,50.0,58.3,50.0,50.0,63.7,51.4,1.0
GR Napier,2009,Mumbai Indians,AR,unknown,right-hand-bat,right-arm-fast-medium,0,15,1,16,24,50.0,50.0,50.0,50.0,50.0,50.0,61.0,51.1,1.0
Mashrafe Mortaza,2009,Kolkata Knight Riders,BOWL,Bangladesh,right-hand-bat,right-arm-fast-medium,0,2,0,2,28,50.0,50.0,50.0,54.9,50.0,57.8,58.6,50.9,1.0
Y Nagar,2009,Delhi Capitals,AR,India,right-hand-bat,right-arm-offbreak,0,20,2,22,13,50.0,50.0,50.0,50.0,50.0,50.0,58.6,50.9,1.0
YV Takawale,2009,Mumbai Indians,WK,India,right-hand-bat,unknown,1,18,0,22,0,50.0,50.0,64.8,50.0,50.0,50.0,58.7,50.9,1.0
RR Bose,2009,Punjab Kings,BOWL,unknown,unknown,unknown,0,0,0,0,12,50.0,50.0,50.0,57.6,50.0,50.0,56.8,50.7,1.0
A Chopra,2009,Kolkata Knight Riders,BAT,India,right-hand-bat,unknown,0,11,0,20,0,50.0,50.0,50.0,50.0,50.0,50.0,50.0,50.0,1.0
A Mithun,2009,Royal Challengers Bengaluru,BOWL,India,right-hand-bat,right-arm-fast-medium,0,0,0,0,27,50.0,50.0,50.0,50.0,50.0,50.0,50.0,50.0,1.0
AB McDonald,2009,Delhi Capitals,BOWL,Australia,right-hand-bat,right-arm-fast-medium,0,3,0,4,18,50.0,50.0,50.0,50.0,50.0,50.0,50.0,50.0,1.0
AD Mathews,2009,Kolkata Knight Riders,AR,Sri Lanka,right-hand-bat,right-arm-fast-medium,0,16,0,14,15,50.0,50.0,50.0,50.0,50.0,50.0,50.0,50.0,1.0
AN Ghosh,2009,Kolkata Knight Riders,BAT,Sweden,unknown,unknown,0,7,0,8,0,50.0,50.0,50.0,50.0,50.0,50.0,50.0,50.0,1.0
Jaskaran Singh,2009,Sunrisers Hyderabad,BOWL,Malta,right-hand-bat,right-arm-fast-medium,0,0,0,0,19,50.0,50.0,50.0,50.0,50.0,50.0,50.0,50.0,1.0
KV Sharma,2009,Royal Challengers Bengaluru,BAT,India,right-hand-bat,right-arm-offbreak,0,1,0,3,0,50.0,50.0,50.0,50.0,50.0,50.0,50.0,50.0,1.0
L Ronchi,2009,Mumbai Indians,WK,New Zealand,right-hand-bat,unknown,1,0,0,3,0,50.0,50.0,50.0,50.0,50.0,50.0,50.0,50.0,1.0
M Rawat,2009,Rajasthan Royals,WK,India,right-hand-bat,unknown,1,16,0,20,0,50.0,50.0,50.0,50.0,57.7,50.0,50.0,50.0,1.0
MK Tiwary,2009,Delhi Capitals,AR,India,right-hand-bat,legbreak-googly,0,9,0,13,6,50.0,50.0,50.0,50.0,55.9,50.0,50.0,50.0,1.0
Mohammad Ashraful,2009,Mumbai Indians,BAT,Bangladesh,right-hand-bat,right-arm-offbreak,0,2,0,12,0,50.0,50.0,57.2,50.0,50.0,50.0,50.0,50.0,1.0
PC Valthaty,2009,Rajasthan Royals,BAT,India,right-hand-bat,right-arm-fast-medium,0,6,0,12,0,50.0,50.0,61.4,50.0,50.0,50.0,50.0,50.0,1.0
R Ashwin,2009,Chennai Super Kings,AR,India,right-hand-bat,right-arm-offbreak,0,8,2,15,24,50.0,50.0,50.0,50.0,57.5,50.0,50.0,50.0,1.0
R Bishnoi,2009,Royal Challengers Bengaluru,BAT,India,right-hand-bat,right-arm-offbreak,0,19,0,17,0,50.0,50.0,62.2,50.0,50.0,50.0,50.0,50.0,1.0
RA Shaikh,2009,Mumbai Indians,BOWL,unknown,unknown,unknown,0,0,0,0,6,50.0,50.0,50.0,50.0,50.0,50.0,50.0,50.0,1.0
SB Bangar,2009,Kolkata Knight Riders,BAT,India,right-hand-bat,right-arm-fast-medium,0,2,0,9,0,50.0,50.0,50.0,50.0,50.0,50.0,50.0,50.0,1.0
SD Chitnis,2009,Rajasthan Royals,BAT,India,right-hand-bat,right-arm-offbreak,0,6,0,9,0,50.0,50.0,50.0,50.0,50.0,50.0,50.0,50.0,1.0
SS Sarkar,2009,Kolkata Knight Riders,BOWL,Bangladesh,left-hand-bat,right-arm-fast-medium,0,0,1,0,25,50.0,50.0,50.0,50.0,50.0,71.2,50.0,50.0,1.0
SS Shaikh,2009,Kolkata Knight Riders,BAT,India,right-hand-bat,right-arm-fast-medium,0,6,0,7,0,50.0,50.0,50.0,50.0,50.0,50.0,50.0,50.0,1.0
T Kohli,2009,Punjab Kings,BAT,unknown,unknown,unknown,0,1,0,4,0,50.0,50.0,50.0,50.0,50.0,50.0,50.0,50.0,1.0
TM Srivastava,2009,Punjab Kings,BAT,unknown,unknown,unknown,0,0,0,1,0,50.0,50.0,50.0,50.0,50.0,50.0,50.0,50.0,1.0
VY Mahesh,2009,Delhi Capitals,BOWL,United Arab Emirates,right-hand-bat,legbreak-googly,0,0,1,0,13,50.0,50.0,50.0,61.1,50.0,50.0,50.0,50.0,1.0
W Jaffer,2009,Royal Challengers Bengaluru,BAT,India,unknown,unknown,0,15,0,19,0,50.0,50.0,60.3,50.0,50.0,50.0,50.0,50.0,1.0
PP Ojha,2010,Sunrisers Hyderabad,BOWL,India,left-hand-bat,slow-left-arm-orthodox,0,3,21,8,360,50.0,91.5,50.0,82.8,50.0,65.3,86.5,95.2,15.91
M Vijay,2010,Chennai Super Kings,BAT,India,right-hand-bat,right-arm-offbreak,0,458,0,305,0,91.6,50.0,80.4,50.0,81.7,50.0,80.9,94.7,15.42
SR Tendulkar,2010,Mumbai Indians,BAT,India,right-hand-bat,legbreak,0,618,0,489,0,90.7,50.0,76.8,50.0,80.8,50.0,78.0,93.5,14.29
M Muralitharan,2010,Chennai Super Kings,BOWL,Sri Lanka,right-hand-bat,right-arm-offbreak,0,1,16,2,306,50.0,89.3,50.0,99.0,50.0,75.4,86.3,92.9,13.75
A Kumble,2010,Royal Challengers Bengaluru,BOWL,India,right-hand-bat,legbreak-googly,0,6,17,12,389,50.0,89.2,50.0,82.5,60.0,79.7,83.3,92.5,13.4
RV Uthappa,2010,Royal Challengers Bengaluru,WK,India,right-hand-bat,right-arm-fast-medium,1,374,0,224,0,87.5,50.0,66.2,50.0,89.6,50.0,80.1,90.5,11.73
J Theron,2010,Punjab Kings,BOWL,United States,right-hand-bat,right-arm-fast-medium,0,2,8,6,158,50.0,87.1,50.0,99.0,50.0,76.9,79.6,90.1,11.41
MJ Lumb,2010,Rajasthan Royals,BAT,England,right-hand-bat,right-arm-fast-medium,0,278,0,196,0,86.9,50.0,81.1,50.0,50.0,50.0,80.3,89.9,11.26
SC Ganguly,2010,Kolkata Knight Riders,BAT,India,left-hand-bat,right-arm-fast-medium,0,493,0,440,25,85.9,50.0,78.1,50.0,80.1,50.0,76.5,88.6,10.29
SL Malinga,2010,Mumbai Indians,BOWL,Sri Lanka,right-hand-bat,right-arm-fast,0,1,15,1,310,50.0,85.3,50.0,80.3,50.0,78.6,76.9,88.0,9.86
V Sehwag,2010,Delhi Capitals,BAT,India,right-hand-bat,right-arm-offbreak,0,356,3,227,34,85.3,66.2,78.4,50.0,50.0,50.0,77.3,88.0,9.86
DPMD Jayawardene,2010,Punjab Kings,BAT,Sri Lanka,unknown,unknown,0,445,0,312,0,84.9,50.0,77.8,50.0,79.2,50.0,79.0,87.8,9.72
DW Steyn,2010,Royal Challengers Bengaluru,BOWL,South Africa,right-hand-bat,right-arm-fast,0,13,15,17,382,50.0,84.7,50.0,78.0,61.1,77.5,78.8,87.6,9.58
R Ashwin,2010,Chennai Super Kings,BOWL,India,right-hand-bat,right-arm-offbreak,0,30,13,40,297,55.3,84.6,50.0,82.6,66.2,73.6,78.5,87.4,9.45
SK Trivedi,2010,Rajasthan Royals,BOWL,India,left-hand-bat,right-arm-fast-medium,0,20,11,15,218,50.0,84.1,50.0,70.1,65.0,84.4,81.8,87.3,9.38
A Mishra,2010,Delhi Capitals,BOWL,India,right-hand-bat,legbreak,0,39,17,54,329,60.4,84.4,50.0,85.3,77.9,73.1,73.8,86.8,9.05
SE Bond,2010,Kolkata Knight Riders,BOWL,New Zealand,right-hand-bat,right-arm-fast,0,1,9,2,191,50.0,83.0,50.0,80.8,50.0,74.2,81.8,86.2,8.66
TL Suman,2010,Sunrisers Hyderabad,BAT,India,right-hand-bat,right-arm-offbreak,0,307,0,264,13,82.6,50.0,72.1,50.0,75.0,50.0,86.1,86.2,8.66
A Nehra,2010,Delhi Capitals,BOWL,India,right-hand-bat,left-arm-fast-medium,0,23,6,20,85,50.0,82.8,50.0,82.6,69.7,76.4,83.0,86.1,8.6
KA Pollard,2010,Mumbai Indians,AR,West Indies,right-hand-bat,right-arm-fast-medium,0,273,15,152,233,80.3,85.4,50.0,61.9,84.2,75.4,83.7,86.0,8.53
M Kartik,2010,Kolkata Knight Riders,BOWL,India,left-hand-bat,slow-left-arm-orthodox,0,22,9,22,238,50.0,81.7,50.0,81.8,67.7,78.6,84.8,85.2,8.04
AB Dinda,2010,Kolkata Knight Riders,BOWL,India,right-hand-bat,right-arm-fast-medium,0,0,9,1,144,50.0,82.2,50.0,73.8,50.0,82.7,78.6,85.1,7.98
SK Raina,2010,Chennai Super Kings,BAT,India,left-hand-bat,right-arm-offbreak,0,528,6,387,147,82.3,77.4,70.7,50.0,74.9,75.1,75.0,84.8,7.81
JH Kallis,2010,Royal Challengers Bengaluru,AR,South Africa,right-hand-bat,right-arm-fast-medium,0,572,13,517,350,83.8,79.4,76.8,80.2,76.9,73.7,78.8,84.7,7.75
Harbhajan Singh,2010,Mumbai Indians,BOWL,India,right-hand-bat,right-arm-offbreak,0,105,17,64,334,74.0,82.4,50.0,76.1,85.5,83.2,72.0,84.6,7.69
KC Sangakkara,2010,Punjab Kings,WK,Sri Lanka,left-hand-bat,right-arm-offbreak,1,357,0,260,0,82.0,50.0,79.3,50.0,71.8,50.0,76.4,84.6,7.69
AT Rayudu,2010,Mumbai Indians,WK,India,right-hand-bat,right-arm-offbreak,1,356,0,258,0,82.6,50.0,79.3,50.0,79.6,50.0,69.1,84.5,7.63
PP Chawla,2010,Punjab Kings,BOWL,India,left-hand-bat,legbreak,0,62,12,63,296,66.0,81.5,50.0,85.1,76.6,74.2,78.8,84.4,7.57
A Symonds,2010,Sunrisers Hyderabad,AR,Australia,right-hand-bat,right-arm-fast-medium,0,429,12,356,325,80.3,81.7,69.4,79.0,74.5,69.8,82.9,84.2,7.46
RJ Harris,2010,Sunrisers Hyderabad,BOWL,Australia,right-hand-bat,right-arm-fast,0,45,14,39,195,58.6,81.4,50.0,79.1,73.3,71.4,77.5,84.2,7.46
SW Tait,2010,Rajasthan Royals,BOWL,Australia,right-hand-bat,right-arm-fast,0,12,10,13,205,50.0,80.5,50.0,74.3,50.0,78.8,82.7,83.8,7.24
Z Khan,2010,Mumbai Indians,BOWL,India,right-hand-bat,left-arm-fast-medium,0,24,15,13,295,50.0,81.0,50.0,73.2,62.9,77.0,76.1,83.6,7.13
SB Jakati,2010,Chennai Super Kings,BOWL,India,left-hand-bat,slow-left-arm-orthodox,0,0,13,0,232,50.0,80.6,50.0,50.0,50.0,71.5,79.0,83.5,7.07
Harmeet Singh,2010,Sunrisers Hyderabad,BOWL,Germany,left-hand-bat,right-arm-fast-medium,0,0,8,1,151,50.0,80.0,50.0,71.0,50.0,81.0,83.7,83.4,7.02
S Narwal,2010,Rajasthan Royals,BOWL,India,left-hand-bat,right-arm-fast-medium,0,14,5,13,99,50.0,80.5,50.0,73.7,50.0,51.9,78.0,83.3,6.96
RG Sharma,2010,Sunrisers Hyderabad,BAT,India,right-hand-bat,right-arm-fast-medium,0,404,2,310,119,80.6,69.5,73.7,73.7,79.2,59.6,73.3,82.9,6.75
R Vinay Kumar,2010,Royal Challengers Bengaluru,BOWL,India,right-hand-bat,right-arm-offbreak,0,27,16,35,284,56.6,80.4,50.0,77.5,69.7,75.8,73.7,82.8,6.7
SS Tiwary,2010,Mumbai Indians,BAT,India,left-hand-bat,unknown,0,419,0,319,0,80.3,50.0,74.6,50.0,82.8,50.0,72.2,82.5,6.54
MS Dhoni,2010,Chennai Super Kings,WK,India,right-hand-bat,right-arm-fast-medium,1,287,0,215,0,79.6,50.0,50.0,50.0,82.4,50.0,77.3,82.3,6.44
R Dravid,2010,Royal Challengers Bengaluru,BAT,India,right-hand-bat,right-arm-offbreak,0,256,0,203,0,79.6,50.0,77.2,50.0,57.8,50.0,75.9,82.2,6.39
SK Warne,2010,Rajasthan Royals,BOWL,Australia,right-hand-bat,legbreak-googly,0,10,11,21,305,50.0,79.2,50.0,59.8,63.7,74.2,80.4,82.2,6.39
ML Hayden,2010,Chennai Super Kings,BAT,Australia,left-hand-bat,right-arm-fast-medium,0,346,0,295,0,79.4,50.0,74.8,50.0,50.0,50.0,76.2,82.0,6.29
JA Morkel,2010,Chennai Super Kings,AR,South Africa,left-hand-bat,right-arm-fast-medium,0,199,11,135,295,79.2,76.3,50.0,69.9,80.8,81.4,85.6,81.5,6.05
NV Ojha,2010,Rajasthan Royals,WK,India,right-hand-bat,unknown,1,377,0,294,0,78.2,50.0,75.9,50.0,75.2,50.0,76.4,80.8,5.72
DA Warner,2010,Delhi Capitals,BAT,Australia,left-hand-bat,legbreak,0,282,0,195,0,77.7,50.0,74.8,50.0,59.2,50.0,75.8,80.3,5.49
HH Gibbs,2010,Sunrisers Hyderabad,BAT,South Africa,right-hand-bat,right-arm-fast,0,267,0,243,0,77.5,50.0,77.0,50.0,50.0,50.0,77.8,80.3,5.49
R Sharma,2010,Sunrisers Hyderabad,BOWL,Hong Kong,right-hand-bat,right-arm-fast-medium,0,29,5,26,126,50.0,77.7,50.0,50.0,70.7,75.8,72.5,80.0,5.36
T Thushara,2010,Chennai Super Kings,BOWL,Sri Lanka,left-hand-bat,left-arm-fast-medium,0,10,5,11,94,50.0,76.8,50.0,78.2,55.7,73.1,82.1,80.0,5.36
SR Watson,2010,Rajasthan Royals,AR,Australia,right-hand-bat,right-arm-fast-medium,0,185,6,117,139,78.9,75.0,77.2,76.9,50.0,73.2,76.2,79.8,5.27
G Gambhir,2010,Delhi Capitals,BAT,India,left-hand-bat,legbreak,0,277,0,223,0,76.9,50.0,73.8,50.0,69.0,50.0,76.5,79.6,5.19
DE Bollinger,2010,Chennai Super Kings,BOWL,Australia,left-hand-bat,left-arm-fast-medium,0,18,12,17,193,50.0,78.0,50.0,79.9,69.5,75.1,62.8,79.3,5.06
MK Pandey,2010,Royal Challengers Bengaluru,BAT,India,right-hand-bat,right-arm-fast-medium,0,249,0,233,0,76.3,50.0,75.6,50.0,50.0,50.0,78.7,79.2,5.02
MS Bisla,2010,Punjab Kings,WK,India,right-hand-bat,unknown,1,218,0,189,0,76.5,50.0,78.8,50.0,50.0,50.0,74.7,79.0,4.94
V Kohli,2010,Royal Challengers Bengaluru,BAT,India,right-hand-bat,right-arm-fast-medium,0,307,0,216,33,76.6,56.9,50.0,50.0,78.8,50.0,73.5,78.9,4.9
PJ Sangwan,2010,Delhi Capitals,BOWL,India,right-hand-bat,left-arm-fast-medium,0,10,9,15,199,50.0,76.2,50.0,74.1,50.0,72.2,75.5,78.8,4.86
MK Tiwary,2010,Kolkata Knight Riders,BAT,India,right-hand-bat,legbreak-googly,0,237,1,192,7,76.3,50.0,76.1,50.0,78.2,50.0,74.2,78.7,4.82
L Balaji,2010,Chennai Super Kings,BOWL,India,right-hand-bat,right-arm-fast-medium,0,18,7,20,147,50.0,75.4,50.0,76.8,60.2,72.4,80.3,78.4,4.7
RP Singh,2010,Sunrisers Hyderabad,BOWL,India,right-hand-bat,left-arm-fast-medium,0,9,13,20,266,50.0,76.2,50.0,75.0,54.4,70.1,72.4,78.4,4.7
UT Yadav,2010,Delhi Capitals,BOWL,India,right-hand-bat,right-arm-fast,0,3,6,4,152,50.0,75.5,50.0,74.5,50.0,74.4,78.8,78.4,4.7
AC Gilchrist,2010,Sunrisers Hyderabad,WK,Australia,left-hand-bat,right-arm-offbreak,1,289,0,200,0,75.9,50.0,74.0,50.0,50.0,50.0,74.2,78.3,4.66
MF Maharoof,2010,Delhi Capitals,BOWL,Sri Lanka,right-hand-bat,right-arm-fast-medium,0,31,8,24,149,50.0,75.6,50.0,75.6,50.0,69.6,77.1,78.3,4.66
S Badrinath,2010,Chennai Super Kings,BAT,India,right-hand-bat,right-arm-offbreak,0,356,0,310,0,76.1,50.0,68.2,50.0,74.8,50.0,72.1,78.3,4.66
MD Mishra,2010,Sunrisers Hyderabad,BAT,Hungary,unknown,unknown,0,166,0,149,0,75.7,50.0,77.0,50.0,50.0,50.0,75.5,78.2,4.62
S Dhawan,2010,Mumbai Indians,BAT,India,left-hand-bat,right-arm-offbreak,0,191,0,180,0,75.7,50.0,77.3,50.0,50.0,50.0,74.7,78.2,4.62
AD Mathews,2010,Kolkata Knight Riders,AR,Sri Lanka,right-hand-bat,right-arm-fast-medium,0,233,8,197,230,75.9,74.9,59.9,67.1,77.1,84.4,76.2,78.1,4.58
IK Pathan,2010,Punjab Kings,AR,India,left-hand-bat,left-arm-fast-medium,0,276,15,188,290,79.5,71.8,82.4,70.6,79.7,73.9,71.1,78.1,4.58
SE Marsh,2010,Punjab Kings,BAT,Australia,left-hand-bat,slow-left-arm-orthodox,0,147,0,117,0,75.6,50.0,77.0,50.0,60.7,50.0,72.9,77.9,4.51
KD Karthik,2010,Delhi Capitals,BAT,India,unknown,unknown,0,278,0,242,0,75.2,50.0,71.8,50.0,81.8,50.0,75.9,77.8,4.47
YK Pathan,2010,Rajasthan Royals,AR,India,right-hand-bat,right-arm-offbreak,0,333,5,210,214,80.6,69.7,50.0,73.0,50.0,75.7,71.5,77.8,4.47
PD Collingwood,2010,Delhi Capitals,AR,England,right-hand-bat,right-arm-fast-medium,0,203,5,159,90,75.7,76.2,65.7,50.0,83.4,75.4,68.2,77.7,4.43
DP Nannes,2010,Delhi Capitals,BOWL,Australia,right-hand-bat,left-arm-fast,0,4,7,13,218,50.0,75.0,50.0,76.4,50.0,75.5,73.4,77.3,4.29
KP Pietersen,2010,Royal Challengers Bengaluru,BAT,England,right-hand-bat,right-arm-offbreak,0,236,3,159,60,74.4,65.5,83.5,50.0,66.6,50.0,78.2,77.2,4.25
RS Bopara,2010,Punjab Kings,BAT,England,right-hand-bat,right-arm-fast-medium,0,248,5,223,82,74.7,72.4,72.4,50.0,73.4,64.3,73.5,77.0,4.18
CH Gayle,2010,Kolkata Knight Riders,AR,West Indies,left-hand-bat,right-arm-offbreak,0,292,4,197,102,81.2,65.6,76.7,72.7,70.3,64.1,74.2,76.6,4.04
WPUJC Vaas,2010,Sunrisers Hyderabad,BOWL,Sri Lanka,left-hand-bat,left-arm-fast-medium,0,30,9,34,133,56.8,74.6,50.0,81.0,71.6,66.9,65.6,76.2,3.9
Iqbal Abdulla,2010,Kolkata Knight Riders,BOWL,India,left-hand-bat,slow-left-arm-orthodox,0,0,1,1,51,50.0,75.5,50.0,50.0,50.0,62.3,50.0,75.5,3.68
RR Powar,2010,Punjab Kings,BOWL,India,right-hand-bat,right-arm-offbreak,0,5,3,8,144,50.0,72.5,50.0,76.4,50.0,50.0,77.0,75.2,3.58
SJ Srivastava,2010,Punjab Kings,BOWL,Spain,right-hand-bat,left-arm-fast-medium,0,1,6,2,178,50.0,72.6,50.0,76.0,50.0,70.1,75.3,75.1,3.55
JD Unadkat,2010,Kolkata Knight Riders,BOWL,India,right-hand-bat,left-arm-fast-medium,0,0,4,0,62,50.0,73.0,50.0,63.1,50.0,71.8,69.1,74.9,3.49
PA Patel,2010,Chennai Super Kings,WK,India,right-hand-bat,right-arm-fast,1,72,0,83,0,73.1,50.0,78.4,50.0,56.8,50.0,68.4,74.9,3.49
S Sreesanth,2010,Punjab Kings,BOWL,India,right-hand-bat,right-arm-fast-medium,0,27,3,22,128,50.0,72.6,50.0,75.7,72.5,60.8,73.5,74.9,3.49
Yuvraj Singh,2010,Punjab Kings,AR,India,left-hand-bat,slow-left-arm-orthodox,0,259,5,206,139,68.4,76.3,50.0,50.0,78.6,71.9,76.4,74.6,3.4
CK Langeveldt,2010,Kolkata Knight Riders,BOWL,South Africa,right-hand-bat,right-arm-fast-medium,0,0,5,1,70,50.0,71.6,50.0,73.2,50.0,71.5,77.0,74.3,3.32
CRD Fernando,2010,Mumbai Indians,BOWL,Sri Lanka,right-hand-bat,right-arm-fast,0,2,7,2,121,50.0,73.1,50.0,74.8,50.0,75.8,62.1,74.3,3.32
AA Jhunjhunwala,2010,Rajasthan Royals,BAT,unknown,unknown,unknown,0,183,0,172,39,72.4,60.7,68.1,57.7,78.6,50.0,63.1,73.7,3.15
AC Voges,2010,Rajasthan Royals,BAT,Australia,right-hand-bat,slow-left-arm-orthodox,0,181,0,143,56,72.4,63.6,50.0,59.4,77.2,50.0,56.7,73.1,2.99
JP Duminy,2010,Mumbai Indians,BAT,South Africa,left-hand-bat,right-arm-offbreak,0,157,1,134,33,72.8,64.5,67.2,50.0,80.0,50.0,50.0,72.8,2.91
P Dogra,2010,Rajasthan Royals,BAT,India,right-hand-bat,legbreak,0,107,0,108,0,70.6,50.0,50.0,50.0,75.6,50.0,71.6,72.8,2.91
P Kumar,2010,Royal Challengers Bengaluru,BOWL,Finland,right-hand-bat,right-arm-fast,0,4,10,8,288,50.0,70.5,50.0,71.6,50.0,73.2,72.6,72.8,2.91
AG Murtaza,2010,Mumbai Indians,BOWL,India,left-hand-bat,right-arm-fast,0,0,3,0,73,50.0,72.6,50.0,60.2,50.0,58.6,50.0,72.6,2.86
DJ Bravo,2010,Mumbai Indians,BOWL,West Indies,left-hand-bat,right-arm-fast-medium,0,61,4,53,162,57.3,71.3,60.4,78.8,59.0,71.0,58.8,72.2,2.77
FY Fazal,2010,Rajasthan Royals,BAT,India,unknown,unknown,0,164,0,160,12,70.0,50.0,71.1,50.0,71.8,58.5,70.0,72.0,2.72
LR Shukla,2010,Kolkata Knight Riders,BOWL,India,right-hand-bat,right-arm-fast-medium,0,36,3,27,72,50.0,69.7,50.0,55.7,65.4,66.8,68.5,71.6,2.63
AB de Villiers,2010,Delhi Capitals,WK,South Africa,right-hand-bat,right-arm-fast-medium,1,111,0,123,0,71.1,50.0,77.9,50.0,50.0,50.0,54.1,71.5,2.61
DL Vettori,2010,Delhi Capitals,BOWL,New Zealand,left-hand-bat,slow-left-arm-orthodox,0,33,2,28,72,50.0,70.6,50.0,54.6,68.8,83.1,58.9,71.5,2.61
BJ Hodge,2010,Kolkata Knight Riders,BAT,Australia,right-hand-bat,right-arm-offbreak,0,99,2,95,30,70.4,56.7,75.9,50.0,50.0,50.0,58.0,71.2,2.54
OA Shah,2010,Kolkata Knight Riders,BAT,England,right-hand-bat,legbreak-googly,0,115,0,96,0,70.0,50.0,50.0,50.0,73.9,50.0,59.4,70.9,2.47
AP Dole,2010,Rajasthan Royals,BOWL,unknown,unknown,unknown,0,34,5,23,73,50.0,68.1,50.0,69.3,73.6,59.0,73.4,70.4,2.37
CA Pujara,2010,Kolkata Knight Riders,BAT,India,right-hand-bat,legbreak,0,122,0,119,0,68.0,50.0,78.1,50.0,50.0,50.0,71.2,70.1,2.31
VVS Laxman,2010,Sunrisers Hyderabad,BAT,India,unknown,unknown,0,64,0,62,0,67.7,50.0,78.3,50.0,50.0,50.0,68.8,69.6,2.22
S Ladda,2010,Delhi Capitals,BOWL,India,right-hand-bat,legbreak,0,0,4,10,92,50.0,69.5,50.0,60.8,50.0,68.9,50.0,69.5,2.2
I Sharma,2010,Kolkata Knight Riders,BOWL,India,right-hand-bat,right-arm-fast-medium,0,6,7,17,160,50.0,67.8,50.0,72.3,58.1,71.6,66.0,69.4,2.18
M Manhas,2010,Delhi Capitals,BAT,India,right-hand-bat,right-arm-offbreak,0,157,0,151,0,67.3,50.0,50.0,50.0,65.6,50.0,70.1,69.3,2.16
R Bhatia,2010,Delhi Capitals,BOWL,United Arab Emirates,right-hand-bat,right-arm-fast-medium,0,24,3,17,98,50.0,68.2,50.0,56.1,62.0,50.0,57.6,69.0,2.11
MM Patel,2010,Rajasthan Royals,BOWL,England,right-hand-bat,right-arm-fast-medium,0,4,3,5,78,50.0,67.1,50.0,64.9,50.0,66.3,59.9,68.1,1.96
Jaskaran Singh,2010,Sunrisers Hyderabad,BOWL,Malta,right-hand-bat,right-arm-fast-medium,0,8,6,11,92,50.0,67.0,50.0,73.8,50.0,65.1,60.0,68.0,1.94
Bipul Sharma,2010,Punjab Kings,BOWL,India,left-hand-bat,slow-left-arm-orthodox,0,9,3,7,60,50.0,66.0,50.0,50.0,50.0,58.0,69.0,67.9,1.93
R McLaren,2010,Mumbai Indians,BOWL,South Africa,left-hand-bat,right-arm-fast-medium,0,66,4,71,215,66.4,66.5,63.7,73.0,67.2,73.3,63.7,67.9,1.93
WP Saha,2010,Kolkata Knight Riders,WK,India,right-hand-bat,unknown,1,67,0,53,0,65.1,50.0,62.4,50.0,73.2,50.0,76.4,67.7,1.9
AD Mascarenhas,2010,Rajasthan Royals,BOWL,England,right-hand-bat,right-arm-fast-medium,0,12,4,11,48,50.0,65.0,50.0,68.4,56.7,50.0,75.3,67.5,1.87
BB McCullum,2010,Kolkata Knight Riders,WK,New Zealand,right-hand-bat,right-arm-offbreak,1,114,0,117,0,66.3,50.0,67.3,50.0,50.0,50.0,61.2,67.4,1.85
DJ Hussey,2010,Kolkata Knight Riders,AR,Australia,right-hand-bat,right-arm-offbreak,0,94,0,89,60,70.6,63.4,50.0,50.0,78.8,50.0,50.0,67.4,1.85
BAW Mendis,2010,Kolkata Knight Riders,BOWL,Sri Lanka,right-hand-bat,right-arm-offbreak,0,1,2,1,50,50.0,64.8,50.0,50.0,50.0,58.9,64.4,66.2,1.69
ST Jayasuriya,2010,Mumbai Indians,AR,Sri Lanka,left-hand-bat,slow-left-arm-orthodox,0,33,2,35,55,62.4,64.4,81.9,50.0,50.0,58.6,78.6,66.2,1.69
AB Agarkar,2010,Kolkata Knight Riders,BOWL,India,right-hand-bat,right-arm-fast,0,40,4,30,136,59.0,65.1,50.0,76.5,81.2,71.7,55.0,65.6,1.61
Kamran Khan,2010,Rajasthan Royals,BOWL,Qatar,right-hand-bat,right-arm-fast,0,0,3,0,38,50.0,63.8,50.0,81.4,50.0,50.0,63.8,65.2,1.57
KM Jadhav,2010,Delhi Capitals,BAT,India,right-hand-bat,right-arm-offbreak,0,76,0,60,0,64.4,50.0,50.0,50.0,72.0,50.0,55.2,64.9,1.53
AB McDonald,2010,Delhi Capitals,AR,Australia,right-hand-bat,right-arm-fast-medium,0,65,5,54,85,62.5,66.9,50.0,69.3,73.3,66.2,50.4,64.5,1.49
R Sathish,2010,Mumbai Indians,AR,India,right-hand-bat,right-arm-fast-medium,0,112,2,98,51,63.2,60.6,50.0,50.0,68.3,50.0,64.4,63.5,1.4
LRPL Taylor,2010,Royal Challengers Bengaluru,BAT,New Zealand,unknown,unknown,0,88,0,77,0,63.3,50.0,50.0,50.0,50.0,50.0,50.0,63.3,1.38
VS Malik,2010,Punjab Kings,BOWL,India,right-hand-bat,right-arm-fast-medium,0,6,1,5,46,50.0,60.9,50.0,63.7,50.0,50.0,72.1,63.1,1.36
AM Nayar,2010,Mumbai Indians,BAT,India,left-hand-bat,right-arm-fast-medium,0,58,0,51,0,62.2,50.0,67.6,50.0,50.0,50.0,57.6,63.0,1.35
TM Dilshan,2010,Delhi Capitals,AR,Sri Lanka,right-hand-bat,right-arm-offbreak,0,44,3,55,49,59.4,64.9,72.7,50.0,50.0,71.1,59.4,62.8,1.34
AS Raut,2010,Rajasthan Royals,BAT,India,unknown,unknown,0,56,0,48,0,62.7,50.0,50.0,50.0,76.1,50.0,50.0,62.7,1.33
YA Abdulla,2010,Punjab Kings,BOWL,South Africa,left-hand-bat,left-arm-fast-medium,0,0,1,1,42,50.0,61.4,50.0,50.0,50.0,63.8,62.1,62.6,1.32
MR Marsh,2010,Sunrisers Hyderabad,AR,Australia,right-hand-bat,right-arm-fast-medium,0,28,2,31,64,56.7,67.0,50.0,70.3,60.8,64.0,61.3,62.5,1.32
KP Appanna,2010,Royal Challengers Bengaluru,BOWL,India,right-hand-bat,slow-left-arm-orthodox,0,2,1,3,43,50.0,62.3,50.0,50.0,50.0,50.0,50.0,62.3,1.3
Pankaj Singh,2010,Royal Challengers Bengaluru,BOWL,India,right-hand-bat,right-arm-fast-medium,0,1,2,2,51,50.0,62.3,50.0,71.4,50.0,50.0,50.0,62.3,1.3
Anirudh Singh,2010,Sunrisers Hyderabad,BAT,India,unknown,unknown,0,63,0,69,0,60.6,50.0,60.1,50.0,59.8,50.0,63.3,61.9,1.27
GC Smith,2010,Rajasthan Royals,BAT,South Africa,left-hand-bat,right-arm-offbreak,0,44,0,40,0,60.1,50.0,76.6,50.0,50.0,50.0,61.7,61.3,1.23
Joginder Sharma,2010,Chennai Super Kings,BOWL,India,right-hand-bat,right-arm-medium-fast,0,0,2,0,51,50.0,60.1,50.0,61.3,50.0,60.0,61.6,61.3,1.23
Y Venugopal Rao,2010,Sunrisers Hyderabad,BAT,India,right-hand-bat,right-arm-offbreak,0,34,0,44,6,60.3,50.0,50.0,50.0,50.0,50.0,57.7,61.1,1.22
A Uniyal,2010,Rajasthan Royals,BOWL,Chile,unknown,unknown,0,4,2,7,38,50.0,60.4,50.0,64.6,50.0,66.0,50.0,60.4,1.18
B Lee,2010,Punjab Kings,BOWL,Australia,right-hand-bat,right-arm-fast,0,11,0,11,91,50.0,58.9,50.0,68.0,54.7,68.5,59.0,59.8,1.15
S Tyagi,2010,Chennai Super Kings,BOWL,India,right-hand-bat,right-arm-fast-medium,0,3,1,4,102,50.0,59.2,50.0,67.4,50.0,54.6,54.9,59.7,1.15
KAJ Roach,2010,Sunrisers Hyderabad,BOWL,West Indies,right-hand-bat,right-arm-fast-medium,0,10,0,9,52,50.0,57.9,50.0,63.9,50.0,56.5,67.0,59.6,1.14
CL White,2010,Royal Challengers Bengaluru,BAT,Australia,right-hand-bat,legbreak-googly,0,48,0,33,7,58.7,50.0,56.6,50.0,76.4,50.0,50.0,58.7,1.11
M Morkel,2010,Rajasthan Royals,BOWL,South Africa,left-hand-bat,right-arm-fast,0,9,0,16,46,50.0,58.2,50.0,61.4,59.2,50.0,50.0,58.2,1.09
AP Tare,2010,Mumbai Indians,WK,India,right-hand-bat,unknown,1,50,0,41,0,57.2,50.0,73.1,50.0,50.0,50.0,55.6,57.8,1.08
S Sriram,2010,Royal Challengers Bengaluru,BAT,India,left-hand-bat,slow-left-arm-orthodox,0,27,0,31,12,57.3,50.0,61.6,50.0,50.0,50.0,50.0,57.3,1.06
JM Kemp,2010,Chennai Super Kings,AR,South Africa,right-hand-bat,right-arm-fast-medium,0,26,3,25,47,50.0,65.1,50.0,50.0,50.0,50.0,50.0,56.8,1.05
MS Gony,2010,Chennai Super Kings,BOWL,India,right-hand-bat,right-arm-fast-medium,0,2,1,7,51,50.0,55.4,50.0,64.9,50.0,50.0,64.1,56.8,1.05
MEK Hussey,2010,Chennai Super Kings,BAT,Australia,left-hand-bat,right-arm-fast-medium,0,37,0,44,0,56.6,50.0,50.0,50.0,58.8,50.0,50.0,56.6,1.05
EJG Morgan,2010,Royal Challengers Bengaluru,BAT,England,left-hand-bat,right-arm-fast-medium,0,35,0,31,0,56.1,50.0,50.0,50.0,55.5,50.0,50.0,56.1,1.04
M Kaif,2010,Punjab Kings,BAT,India,right-hand-bat,right-arm-offbreak,0,28,0,31,0,55.7,50.0,50.0,50.0,50.0,50.0,50.0,55.7,1.03
AB Barath,2010,Punjab Kings,BAT,West Indies,unknown,unknown,0,42,0,43,0,54.9,50.0,64.0,50.0,50.0,50.0,50.0,54.9,1.02
B Sumanth,2010,Sunrisers Hyderabad,BAT,India,right-hand-bat,right-arm-fast-medium,0,35,0,38,0,53.3,50.0,50.0,50.0,55.6,50.0,50.0,53.3,1.01
L Ablish,2010,Punjab Kings,BOWL,unknown,right-hand-bat,right-arm-medium,0,0,3,0,27,50.0,50.0,50.0,64.2,50.0,68.3,65.4,51.5,1.0
VRV Singh,2010,Punjab Kings,BOWL,West Indies,left-hand-bat,slow-left-arm-orthodox,0,0,0,0,21,50.0,50.0,50.0,50.0,50.0,50.0,57.8,50.8,1.0
C Madan,2010,Mumbai Indians,BAT,unknown,unknown,unknown,0,15,0,21,0,50.0,50.0,68.8,50.0,50.0,50.0,56.8,50.7,1.0
MB Parmar,2010,Kolkata Knight Riders,BOWL,unknown,unknown,unknown,0,0,0,0,19,50.0,50.0,50.0,50.0,50.0,50.0,57.3,50.7,1.0
A Mithun,2010,Royal Challengers Bengaluru,BOWL,India,right-hand-bat,right-arm-fast-medium,0,5,1,4,20,50.0,50.0,50.0,50.0,50.0,50.0,50.0,50.0,1.0
AA Bilakhia,2010,Sunrisers Hyderabad,BAT,unknown,unknown,unknown,0,2,0,4,0,50.0,50.0,50.0,50.0,50.0,50.0,50.0,50.0,1.0
AG Paunikar,2010,Rajasthan Royals,WK,India,right-hand-bat,unknown,1,0,0,1,0,50.0,50.0,50.0,50.0,50.0,50.0,50.0,50.0,1.0
AJ Finch,2010,Rajasthan Royals,BAT,Australia,right-hand-bat,slow-left-arm-orthodox,0,21,0,21,7,50.0,50.0,50.0,50.0,50.0,50.0,50.0,50.0,1.0
AN Ahmed,2010,Mumbai Indians,AR,Pakistan,right-hand-bat,right-arm-offbreak,0,4,0,8,14,50.0,50.0,50.0,50.0,50.0,50.0,50.0,50.0,1.0
B Akhil,2010,Royal Challengers Bengaluru,BOWL,unknown,right-hand-bat,right-arm-medium-fast,0,0,0,0,6,50.0,50.0,50.0,50.0,50.0,50.0,50.0,50.0,1.0
C Ganapathy,2010,Chennai Super Kings,BOWL,India,right-hand-bat,right-arm-fast-medium,0,0,0,0,6,50.0,50.0,50.0,50.0,50.0,50.0,50.0,50.0,1.0
DR Martyn,2010,Rajasthan Royals,BAT,Australia,right-hand-bat,right-arm-fast-medium,0,19,0,26,0,50.0,50.0,50.0,50.0,50.0,50.0,50.0,50.0,1.0
DR Smith,2010,Sunrisers Hyderabad,WK,England,right-hand-bat,right-arm-fast-medium,1,22,1,25,23,50.0,50.0,50.0,58.9,58.1,50.0,50.0,50.0,1.0
DS Kulkarni,2010,Mumbai Indians,BOWL,India,right-hand-bat,right-arm-fast-medium,0,0,1,0,25,50.0,50.0,50.0,72.3,50.0,50.0,50.0,50.0,1.0
GJ Bailey,2010,Chennai Super Kings,BAT,Australia,right-hand-bat,right-arm-fast-medium,0,18,0,27,0,50.0,50.0,58.2,50.0,50.0,50.0,50.0,50.0,1.0
K Goel,2010,Punjab Kings,BAT,unknown,left-hand-bat,slow-left-arm-orthodox,0,18,0,20,6,50.0,50.0,50.0,50.0,58.3,50.0,50.0,50.0,1.0
KB Arun Karthik,2010,Chennai Super Kings,BAT,India,unknown,unknown,0,3,0,5,0,50.0,50.0,50.0,50.0,50.0,50.0,50.0,50.0,1.0
MC Henriques,2010,Delhi Capitals,BOWL,Australia,right-hand-bat,right-arm-fast-medium,0,11,1,5,24,50.0,50.0,50.0,50.0,50.0,57.1,50.0,50.0,1.0
MV Boucher,2010,Royal Challengers Bengaluru,WK,South Africa,right-hand-bat,right-arm-fast-medium,1,13,0,10,0,50.0,50.0,50.0,50.0,50.0,50.0,50.0,50.0,1.0
Mandeep Singh,2010,Kolkata Knight Riders,BAT,India,right-hand-bat,right-arm-fast,0,4,0,11,0,50.0,50.0,52.1,50.0,50.0,50.0,50.0,50.0,1.0
ND Doshi,2010,Royal Challengers Bengaluru,BOWL,unknown,right-hand-bat,slow-left-arm-orthodox,0,0,1,0,25,50.0,50.0,50.0,50.0,50.0,50.0,50.0,50.0,1.0
NLTC Perera,2010,Chennai Super Kings,BOWL,Sri Lanka,left-hand-bat,right-arm-fast-medium,0,0,0,0,6,50.0,50.0,50.0,50.0,50.0,50.0,50.0,50.0,1.0
RE van der Merwe,2010,Royal Challengers Bengaluru,BOWL,Netherlands,right-hand-bat,slow-left-arm-orthodox,0,1,2,2,27,50.0,50.0,50.0,50.0,50.0,50.0,50.0,50.0,1.0
RS Gavaskar,2010,Kolkata Knight Riders,AR,India,unknown,unknown,0,2,0,8,6,50.0,50.0,50.0,50.0,50.0,50.0,50.0,50.0,1.0
RS Sodhi,2010,Punjab Kings,BAT,India,right-hand-bat,right-arm-fast-medium,0,4,0,2,0,50.0,50.0,50.0,50.0,50.0,50.0,50.0,50.0,1.0
S Anirudha,2010,Chennai Super Kings,BAT,India,right-hand-bat,unknown,0,30,0,19,0,50.0,50.0,50.0,50.0,72.7,50.0,50.0,50.0,1.0
SA Asnodkar,2010,Rajasthan Royals,BAT,unknown,unknown,unknown,0,5,0,4,0,50.0,50.0,50.0,50.0,50.0,50.0,50.0,50.0,1.0
SB Wagh,2010,Rajasthan Royals,BOWL,India,left-hand-bat,left-arm-fast-medium,0,0,1,0,6,50.0,50.0,50.0,50.0,50.0,50.0,50.0,50.0,1.0
SP Goswami,2010,Royal Challengers Bengaluru,WK,India,left-hand-bat,unknown,1,8,0,10,0,50.0,50.0,56.3,50.0,50.0,50.0,50.0,50.0,1.0
STR Binny,2010,Mumbai Indians,AR,India,right-hand-bat,right-arm-fast-medium,0,8,0,5,6,50.0,50.0,50.0,50.0,50.0,50.0,50.0,50.0,1.0
VY Mahesh,2010,Delhi Capitals,BOWL,United Arab Emirates,right-hand-bat,legbreak-googly,0,0,1,0,19,50.0,50.0,50.0,50.0,50.0,50.0,50.0,50.0,1.0
Y Nagar,2010,Delhi Capitals,BOWL,India,right-hand-bat,right-arm-offbreak,0,1,1,7,18,50.0,50.0,50.0,50.0,50.0,50.0,50.0,50.0,1.0
SL Malinga,2011,Mumbai Indians,BOWL,Sri Lanka,right-hand-bat,right-arm-fast,0,8,28,9,397,50.0,98.1,50.0,79.7,50.0,81.3,79.5,99.0,20.0
R Ashwin,2011,Chennai Super Kings,BOWL,India,right-hand-bat,right-arm-offbreak,0,2,20,6,385,50.0,94.6,50.0,83.2,50.0,73.5,79.1,97.5,18.31
V Sehwag,2011,Delhi Capitals,BAT,India,right-hand-bat,right-arm-offbreak,0,424,0,247,0,92.5,50.0,77.9,50.0,65.1,50.0,79.6,95.5,16.21
R Sharma,2011,Pune Warriors,BOWL,Hong Kong,right-hand-bat,right-arm-fast-medium,0,24,16,23,302,50.0,89.4,50.0,79.5,64.6,81.3,83.9,92.8,13.66
CH Gayle,2011,Royal Challengers Bengaluru,AR,West Indies,left-hand-bat,right-arm-offbreak,0,608,8,342,225,95.4,81.7,79.7,80.9,50.0,77.3,83.3,92.6,13.49
Iqbal Abdulla,2011,Kolkata Knight Riders,BOWL,India,left-hand-bat,slow-left-arm-orthodox,0,15,16,12,305,50.0,88.9,50.0,83.0,60.2,75.7,80.5,92.0,12.97
A Mishra,2011,Sunrisers Hyderabad,BOWL,India,right-hand-bat,legbreak,0,68,19,52,324,67.6,88.7,50.0,58.3,75.4,77.9,77.5,91.4,12.46
PC Valthaty,2011,Punjab Kings,BAT,India,right-hand-bat,right-arm-fast-medium,0,463,7,351,147,88.2,80.9,76.4,50.0,74.2,81.0,79.0,91.1,12.21
DW Steyn,2011,Sunrisers Hyderabad,BOWL,South Africa,right-hand-bat,right-arm-fast,0,36,14,37,286,57.3,87.3,50.0,79.8,73.3,79.5,78.7,90.2,11.49
SK Warne,2011,Rajasthan Royals,BOWL,Australia,right-hand-bat,legbreak-googly,0,10,13,20,286,50.0,85.9,50.0,63.3,50.0,86.8,86.6,89.6,11.03
MM Patel,2011,Mumbai Indians,BOWL,England,right-hand-bat,right-arm-fast-medium,0,0,22,1,329,50.0,87.2,50.0,81.8,50.0,76.4,71.7,89.4,10.88
P Parameswaran,2011,Kochi Tuskers Kerala,BOWL,India,right-hand-bat,left-arm-fast-medium,0,1,4,1,97,50.0,85.8,50.0,68.2,50.0,70.6,77.0,88.5,10.22
AC Gilchrist,2011,Punjab Kings,WK,Australia,left-hand-bat,right-arm-offbreak,1,383,0,309,0,85.6,50.0,77.9,50.0,71.8,50.0,76.6,88.3,10.07
PP Chawla,2011,Punjab Kings,BOWL,India,left-hand-bat,legbreak,0,48,16,55,253,62.4,84.9,50.0,50.0,73.0,83.8,80.9,88.0,9.86
BB McCullum,2011,Kochi Tuskers Kerala,WK,New Zealand,right-hand-bat,right-arm-offbreak,1,357,0,292,0,84.9,50.0,79.2,50.0,50.0,50.0,78.9,87.8,9.72
S Aravind,2011,Royal Challengers Bengaluru,BOWL,India,left-hand-bat,left-arm-fast-medium,0,13,21,10,288,50.0,85.3,50.0,79.5,62.7,76.5,74.1,87.7,9.65
DL Vettori,2011,Royal Challengers Bengaluru,BOWL,New Zealand,left-hand-bat,slow-left-arm-orthodox,0,23,12,30,312,57.1,84.2,50.0,80.6,68.4,79.2,79.1,87.1,9.25
CK Langeveldt,2011,Royal Challengers Bengaluru,BOWL,South Africa,right-hand-bat,right-arm-fast-medium,0,8,5,8,70,50.0,85.2,50.0,81.4,50.0,69.5,64.5,86.6,8.92
I Sharma,2011,Sunrisers Hyderabad,BOWL,India,right-hand-bat,right-arm-fast-medium,0,4,11,5,275,50.0,83.7,50.0,83.5,50.0,71.3,79.0,86.6,8.92
Shakib Al Hasan,2011,Kolkata Knight Riders,BOWL,Bangladesh,left-hand-bat,slow-left-arm-orthodox,0,29,11,23,158,50.0,83.8,50.0,77.7,59.0,90.8,78.3,86.6,8.92
V Kohli,2011,Royal Challengers Bengaluru,BAT,India,right-hand-bat,right-arm-fast-medium,0,557,2,473,106,83.0,70.2,75.6,50.0,74.6,59.6,78.6,85.9,8.47
MEK Hussey,2011,Chennai Super Kings,BAT,Australia,left-hand-bat,right-arm-fast-medium,0,492,0,423,0,83.4,50.0,74.5,50.0,74.9,50.0,73.7,85.8,8.41
RJ Harris,2011,Punjab Kings,BOWL,Australia,right-hand-bat,right-arm-fast,0,31,16,39,295,57.3,83.0,50.0,76.3,65.9,78.2,77.5,85.8,8.41
SE Marsh,2011,Punjab Kings,BAT,Australia,left-hand-bat,slow-left-arm-orthodox,0,504,0,349,0,83.2,50.0,70.0,50.0,73.2,50.0,74.7,85.7,8.35
S Badrinath,2011,Chennai Super Kings,BAT,India,right-hand-bat,right-arm-offbreak,0,396,0,320,0,82.4,50.0,67.9,50.0,74.0,50.0,82.5,85.6,8.29
DA Warner,2011,Delhi Capitals,BAT,Australia,left-hand-bat,legbreak,0,324,0,281,0,82.0,50.0,79.4,50.0,67.2,50.0,77.1,84.7,7.75
JD Ryder,2011,Pune Warriors,AR,New Zealand,left-hand-bat,right-arm-fast-medium,0,292,4,201,94,88.4,73.1,80.4,50.0,50.0,59.8,81.1,84.6,7.69
PP Ojha,2011,Sunrisers Hyderabad,BOWL,India,left-hand-bat,slow-left-arm-orthodox,0,0,10,0,224,50.0,81.2,50.0,74.8,50.0,78.1,82.9,84.5,7.63
SR Tendulkar,2011,Mumbai Indians,BAT,India,right-hand-bat,legbreak,0,553,0,511,0,81.7,50.0,73.5,50.0,60.5,50.0,75.7,84.3,7.52
Bipul Sharma,2011,Punjab Kings,BOWL,India,left-hand-bat,slow-left-arm-orthodox,0,23,4,18,78,50.0,82.5,50.0,86.2,65.1,50.0,66.6,84.2,7.46
WD Parnell,2011,Pune Warriors,BOWL,South Africa,left-hand-bat,left-arm-fast-medium,0,37,9,42,184,56.4,81.2,50.0,78.3,70.5,84.8,79.5,84.2,7.46
SR Watson,2011,Rajasthan Royals,AR,Australia,right-hand-bat,right-arm-fast-medium,0,330,6,256,226,83.4,78.0,76.9,81.2,50.0,77.3,80.2,84.0,7.35
SW Tait,2011,Rajasthan Royals,BOWL,Australia,right-hand-bat,right-arm-fast,0,10,6,10,102,50.0,80.8,50.0,77.6,50.0,70.3,81.1,83.9,7.29
YK Pathan,2011,Kolkata Knight Riders,AR,India,right-hand-bat,right-arm-offbreak,0,283,13,205,241,76.1,86.0,50.0,79.1,77.0,60.1,83.9,83.9,7.29
Y Venugopal Rao,2011,Delhi Capitals,BAT,India,right-hand-bat,right-arm-offbreak,0,336,0,292,12,80.7,50.0,72.0,50.0,81.3,50.0,77.0,83.4,7.02
R Bhatia,2011,Kolkata Knight Riders,BOWL,United Arab Emirates,right-hand-bat,right-arm-fast-medium,0,25,8,23,194,50.0,79.8,50.0,50.0,52.1,63.1,84.5,83.2,6.91
R Vinay Kumar,2011,Kochi Tuskers Kerala,BOWL,India,right-hand-bat,right-arm-offbreak,0,50,12,48,278,59.6,80.7,50.0,82.5,66.7,75.7,75.1,83.2,6.91
M Vijay,2011,Chennai Super Kings,BAT,India,right-hand-bat,right-arm-offbreak,0,434,0,349,0,80.7,50.0,73.7,50.0,50.0,50.0,72.4,82.9,6.75
M Morkel,2011,Delhi Capitals,BOWL,South Africa,left-hand-bat,right-arm-fast,0,40,13,25,274,50.0,80.0,50.0,74.5,71.9,79.2,77.7,82.8,6.7
MS Dhoni,2011,Chennai Super Kings,WK,India,right-hand-bat,right-arm-fast-medium,1,392,0,247,0,80.5,50.0,50.0,50.0,79.1,50.0,73.0,82.8,6.7
RV Uthappa,2011,Pune Warriors,WK,India,right-hand-bat,right-arm-fast-medium,1,264,0,215,0,79.4,50.0,77.0,50.0,74.1,50.0,82.7,82.7,6.65
Harbhajan Singh,2011,Mumbai Indians,BOWL,India,right-hand-bat,right-arm-offbreak,0,103,14,74,328,75.2,80.2,82.4,78.8,73.4,80.6,72.9,82.5,6.54
MK Tiwary,2011,Kolkata Knight Riders,BAT,India,right-hand-bat,legbreak-googly,0,359,0,336,13,79.6,50.0,77.7,50.0,75.8,50.0,74.5,82.0,6.29
KC Sangakkara,2011,Sunrisers Hyderabad,WK,Sri Lanka,left-hand-bat,right-arm-offbreak,1,358,0,298,0,79.6,50.0,75.3,50.0,59.6,50.0,71.9,81.8,6.19
A Singh,2011,Rajasthan Royals,BOWL,India,right-hand-bat,right-arm-fast-medium,0,1,9,4,175,50.0,78.5,50.0,74.6,50.0,81.6,81.4,81.6,6.1
S Dhawan,2011,Sunrisers Hyderabad,BAT,India,left-hand-bat,right-arm-offbreak,0,400,1,315,12,79.2,50.0,76.0,50.0,79.2,50.0,73.6,81.6,6.1
S Randiv,2011,Chennai Super Kings,BOWL,Sri Lanka,right-hand-bat,right-arm-offbreak,0,2,6,4,180,50.0,79.2,50.0,61.3,50.0,66.2,73.1,81.5,6.05
SB Jakati,2011,Chennai Super Kings,BOWL,India,left-hand-bat,slow-left-arm-orthodox,0,0,10,0,269,50.0,78.5,50.0,50.0,50.0,75.9,79.7,81.5,6.05
AG Murtaza,2011,Mumbai Indians,BOWL,India,left-hand-bat,right-arm-fast,0,2,3,5,122,50.0,78.7,50.0,82.8,50.0,59.9,77.2,81.4,6.0
BJ Hodge,2011,Kochi Tuskers Kerala,BAT,Australia,right-hand-bat,right-arm-offbreak,0,285,7,245,67,78.6,76.7,75.3,50.0,80.1,50.0,77.6,81.4,6.0
AT Rayudu,2011,Mumbai Indians,WK,India,right-hand-bat,right-arm-offbreak,1,395,0,355,0,78.6,50.0,70.7,50.0,78.7,50.0,75.0,81.1,5.86
Yuvraj Singh,2011,Pune Warriors,AR,India,left-hand-bat,slow-left-arm-orthodox,0,343,9,269,175,75.7,80.8,50.0,50.0,80.9,68.2,79.7,81.0,5.81
RG Sharma,2011,Mumbai Indians,BAT,India,right-hand-bat,right-arm-fast-medium,0,372,0,304,25,78.9,50.0,76.3,50.0,77.6,50.0,68.7,80.8,5.72
S Sohal,2011,Sunrisers Hyderabad,BAT,United States,right-hand-bat,legbreak,0,249,0,201,0,78.4,50.0,78.9,50.0,50.0,50.0,73.8,80.8,5.72
SK Trivedi,2011,Rajasthan Royals,BOWL,India,left-hand-bat,right-arm-fast-medium,0,0,10,2,224,50.0,77.6,50.0,70.9,50.0,79.8,79.8,80.6,5.63
S Sreesanth,2011,Kochi Tuskers Kerala,BOWL,India,right-hand-bat,right-arm-fast-medium,0,1,7,9,206,50.0,77.4,50.0,78.0,50.0,72.9,78.9,80.3,5.49
TM Dilshan,2011,Royal Challengers Bengaluru,BAT,Sri Lanka,right-hand-bat,right-arm-offbreak,0,226,1,185,74,77.8,67.9,79.5,73.4,59.3,50.0,75.3,80.3,5.49
Z Khan,2011,Royal Challengers Bengaluru,BOWL,India,right-hand-bat,left-arm-fast-medium,0,21,14,24,373,50.0,77.7,50.0,74.0,64.6,74.7,75.1,80.2,5.45
SK Raina,2011,Chennai Super Kings,AR,India,left-hand-bat,right-arm-offbreak,0,438,4,335,173,81.6,73.4,74.1,50.0,77.8,84.1,72.2,80.1,5.4
M Muralitharan,2011,Kochi Tuskers Kerala,BOWL,Sri Lanka,right-hand-bat,right-arm-offbreak,0,5,2,8,117,50.0,77.4,50.0,76.4,50.0,70.9,74.5,79.9,5.32
JE Taylor,2011,Pune Warriors,BOWL,West Indies,right-hand-bat,right-arm-offbreak,0,3,6,4,122,50.0,76.5,50.0,75.8,50.0,75.6,76.9,79.2,5.02
KD Karthik,2011,Punjab Kings,BAT,India,unknown,unknown,0,282,0,225,0,76.6,50.0,64.3,50.0,71.6,50.0,74.9,79.1,4.98
BA Bhatt,2011,Punjab Kings,BOWL,India,left-hand-bat,slow-left-arm-orthodox,0,0,9,5,172,50.0,77.0,50.0,76.1,50.0,75.3,69.8,79.0,4.94
DPMD Jayawardene,2011,Kochi Tuskers Kerala,BAT,Sri Lanka,unknown,unknown,0,299,0,272,0,76.4,50.0,74.2,50.0,75.3,50.0,75.3,78.9,4.9
R Dravid,2011,Rajasthan Royals,BAT,India,right-hand-bat,right-arm-offbreak,0,343,0,320,0,75.9,50.0,75.3,50.0,50.0,50.0,77.3,78.6,4.78
JH Kallis,2011,Kolkata Knight Riders,BAT,South Africa,right-hand-bat,right-arm-fast-medium,0,424,7,386,150,76.2,77.1,76.2,77.0,68.7,79.1,73.3,78.5,4.74
IK Pathan,2011,Delhi Capitals,AR,India,left-hand-bat,left-arm-fast-medium,0,150,11,146,288,68.6,83.7,50.0,78.2,77.9,77.6,77.1,78.1,4.58
RA Jadeja,2011,Kochi Tuskers Kerala,AR,India,left-hand-bat,slow-left-arm-orthodox,0,283,8,234,261,72.6,78.3,58.4,65.4,68.4,83.2,78.8,78.0,4.55
G Gambhir,2011,Kolkata Knight Riders,BAT,India,left-hand-bat,legbreak,0,378,0,332,0,75.7,50.0,72.8,50.0,61.5,50.0,72.0,77.9,4.51
J Syed Mohammad,2011,Royal Challengers Bengaluru,BOWL,India,left-hand-bat,slow-left-arm-orthodox,0,15,5,13,91,50.0,75.4,50.0,70.8,60.2,61.0,72.5,77.6,4.4
SJ Srivastava,2011,Punjab Kings,BOWL,Spain,right-hand-bat,left-arm-fast-medium,0,4,8,3,128,50.0,76.7,50.0,70.9,50.0,85.4,59.5,77.6,4.4
AC Thomas,2011,Pune Warriors,BOWL,South Africa,right-hand-bat,right-arm-fast-medium,0,1,11,4,240,50.0,75.1,50.0,73.5,50.0,73.3,73.8,77.5,4.36
RE van der Merwe,2011,Delhi Capitals,BOWL,Netherlands,right-hand-bat,slow-left-arm-orthodox,0,14,5,16,91,50.0,77.4,50.0,50.0,57.2,64.1,50.0,77.4,4.32
Y Nagar,2011,Delhi Capitals,BAT,India,right-hand-bat,right-arm-offbreak,0,111,1,108,34,75.2,55.0,50.0,50.0,78.8,50.0,72.1,77.4,4.32
JA Morkel,2011,Chennai Super Kings,BOWL,South Africa,left-hand-bat,right-arm-fast-medium,0,138,15,108,280,71.1,74.8,50.0,71.3,73.1,73.4,73.4,77.1,4.21
AB Dinda,2011,Delhi Capitals,BOWL,India,right-hand-bat,right-arm-fast-medium,0,0,5,5,107,50.0,74.2,50.0,72.2,50.0,77.3,76.2,76.8,4.11
AB de Villiers,2011,Royal Challengers Bengaluru,WK,South Africa,right-hand-bat,right-arm-fast-medium,1,312,0,248,0,74.3,50.0,71.4,50.0,84.5,50.0,73.5,76.6,4.04
DB Ravi Teja,2011,Sunrisers Hyderabad,BAT,India,right-hand-bat,legbreak-googly,0,183,0,147,6,74.3,50.0,75.9,50.0,79.9,50.0,72.8,76.6,4.04
AC Blizzard,2011,Mumbai Indians,BAT,Australia,left-hand-bat,left-arm-fast-medium,0,120,0,88,0,73.7,50.0,76.7,50.0,50.0,50.0,78.1,76.5,4.01
DS Kulkarni,2011,Mumbai Indians,BOWL,India,right-hand-bat,right-arm-fast-medium,0,2,5,4,126,50.0,74.3,50.0,76.4,50.0,73.6,71.4,76.4,3.97
S Nadeem,2011,Delhi Capitals,BOWL,India,right-hand-bat,slow-left-arm-orthodox,0,0,4,1,115,50.0,74.9,50.0,50.0,50.0,56.7,64.8,76.4,3.97
VR Aaron,2011,Delhi Capitals,BOWL,India,right-hand-bat,right-arm-fast,0,0,2,5,77,50.0,76.4,50.0,73.1,50.0,68.8,50.0,76.4,3.97
JR Hopes,2011,Delhi Capitals,AR,Australia,right-hand-bat,right-arm-fast-medium,0,196,7,162,198,73.4,74.5,72.8,50.0,73.9,75.2,73.7,76.3,3.94
MK Pandey,2011,Pune Warriors,BAT,India,right-hand-bat,right-arm-fast-medium,0,246,0,233,0,73.7,50.0,75.0,50.0,60.8,50.0,75.4,76.2,3.9
B Chipli,2011,Sunrisers Hyderabad,BAT,India,right-hand-bat,right-arm-fast-medium,0,207,0,172,6,73.3,50.0,75.7,50.0,70.8,50.0,72.9,75.6,3.71
DJ Bravo,2011,Chennai Super Kings,BOWL,West Indies,left-hand-bat,right-arm-fast-medium,0,11,6,6,129,50.0,74.5,50.0,50.0,50.0,57.2,61.3,75.6,3.71
MR Marsh,2011,Pune Warriors,AR,Australia,right-hand-bat,right-arm-fast-medium,0,50,7,50,86,57.9,91.8,50.0,58.3,63.0,76.1,74.0,75.6,3.71
MA Agarwal,2011,Royal Challengers Bengaluru,BAT,India,right-hand-bat,unknown,0,141,0,129,0,73.2,50.0,77.4,50.0,50.0,50.0,72.4,75.4,3.65
J Botha,2011,Rajasthan Royals,AR,South Africa,right-hand-bat,right-arm-offbreak,0,230,7,200,219,69.2,76.2,61.2,77.2,68.6,79.6,79.2,75.3,3.62
AB Agarkar,2011,Delhi Capitals,BOWL,India,right-hand-bat,right-arm-fast,0,7,8,7,164,50.0,74.2,50.0,57.6,50.0,74.6,59.0,75.1,3.55
LRPL Taylor,2011,Rajasthan Royals,BAT,New Zealand,unknown,unknown,0,181,0,158,6,72.2,50.0,50.0,50.0,75.4,50.0,77.1,74.9,3.49
JD Unadkat,2011,Kolkata Knight Riders,BOWL,India,right-hand-bat,left-arm-fast-medium,0,0,6,0,111,50.0,73.0,50.0,74.4,50.0,65.4,65.1,74.5,3.38
DE Bollinger,2011,Chennai Super Kings,BOWL,Australia,left-hand-bat,left-arm-fast-medium,0,0,17,1,294,50.0,73.6,50.0,73.0,50.0,81.5,57.8,74.4,3.35
SS Tiwary,2011,Royal Challengers Bengaluru,BAT,India,left-hand-bat,unknown,0,187,0,196,0,72.1,50.0,57.4,50.0,76.7,50.0,73.4,74.4,3.35
JEC Franklin,2011,Mumbai Indians,AR,New Zealand,left-hand-bat,left-arm-fast-medium,0,107,3,80,63,68.8,76.5,50.0,50.0,77.0,64.2,69.5,74.2,3.29
L Balaji,2011,Kolkata Knight Riders,BOWL,India,right-hand-bat,right-arm-fast-medium,0,4,10,2,282,50.0,72.5,50.0,74.5,50.0,73.7,66.8,74.2,3.29
AL Menaria,2011,Rajasthan Royals,AR,India,left-hand-bat,slow-left-arm-orthodox,0,180,2,158,93,71.0,71.6,50.0,73.8,59.9,61.4,76.9,74.0,3.23
RN ten Doeschate,2011,Kolkata Knight Riders,BAT,Netherlands,right-hand-bat,right-arm-fast-medium,0,107,0,76,7,73.8,50.0,50.0,50.0,78.4,50.0,50.0,73.8,3.18
EJG Morgan,2011,Kolkata Knight Riders,BAT,England,left-hand-bat,right-arm-fast-medium,0,137,0,123,0,71.0,50.0,73.9,50.0,67.8,50.0,75.6,73.6,3.12
P Kumar,2011,Punjab Kings,BOWL,Finland,right-hand-bat,right-arm-fast,0,27,10,33,283,57.1,71.3,50.0,74.2,68.5,59.8,71.5,73.4,3.07
JP Duminy,2011,Sunrisers Hyderabad,AR,South Africa,left-hand-bat,right-arm-offbreak,0,205,4,176,111,72.4,69.2,50.0,74.3,75.7,50.0,70.2,73.0,2.96
DT Christian,2011,Sunrisers Hyderabad,AR,Australia,right-hand-bat,right-arm-fast-medium,0,190,11,161,291,69.8,73.0,50.0,79.3,75.3,78.1,63.0,72.5,2.84
RP Singh,2011,Kochi Tuskers Kerala,BOWL,India,right-hand-bat,left-arm-fast-medium,0,2,13,4,314,50.0,70.4,50.0,75.0,50.0,77.6,69.8,72.4,2.82
SB Wagh,2011,Pune Warriors,BOWL,India,left-hand-bat,left-arm-fast-medium,0,2,4,3,102,50.0,70.2,50.0,76.0,50.0,56.9,71.7,72.4,2.82
DJ Jacobs,2011,Mumbai Indians,WK,Thailand,right-hand-bat,right-arm-fast-medium,1,92,0,91,0,69.6,50.0,74.9,50.0,50.0,50.0,76.3,72.2,2.77
AN Ahmed,2011,Mumbai Indians,BOWL,Pakistan,right-hand-bat,right-arm-offbreak,0,18,5,13,128,50.0,70.1,50.0,75.2,64.6,73.7,70.1,72.1,2.74
NLTC Perera,2011,Kochi Tuskers Kerala,BOWL,Sri Lanka,left-hand-bat,right-arm-fast-medium,0,23,2,29,86,50.0,72.0,59.3,62.2,50.0,65.5,50.0,72.0,2.72
KA Pollard,2011,Mumbai Indians,AR,West Indies,right-hand-bat,right-arm-fast-medium,0,146,10,141,270,66.7,73.3,50.0,64.4,75.6,75.2,70.1,71.7,2.65
AM Rahane,2011,Rajasthan Royals,BAT,India,right-hand-bat,right-arm-fast-medium,0,120,0,99,0,71.0,50.0,66.8,50.0,60.4,50.0,56.4,71.6,2.63
MS Bisla,2011,Kolkata Knight Riders,WK,India,right-hand-bat,unknown,1,72,0,90,0,69.1,50.0,76.5,50.0,50.0,50.0,73.4,71.4,2.58
TG Southee,2011,Chennai Super Kings,BOWL,New Zealand,right-hand-bat,right-arm-fast-medium,0,0,4,0,119,50.0,69.4,50.0,73.4,50.0,73.2,69.6,71.4,2.58
UT Yadav,2011,Delhi Capitals,BOWL,India,right-hand-bat,right-arm-fast,0,1,2,6,113,50.0,69.0,50.0,69.7,50.0,57.3,70.9,71.1,2.52
B Kumar,2011,Pune Warriors,BOWL,India,right-hand-bat,right-arm-fast-medium,0,1,3,1,67,50.0,68.8,50.0,74.7,50.0,50.0,64.3,70.2,2.33
B Lee,2011,Kolkata Knight Riders,BOWL,Australia,right-hand-bat,right-arm-fast,0,5,5,9,284,50.0,68.1,50.0,72.3,50.0,76.5,70.0,70.1,2.31
M Klinger,2011,Kochi Tuskers Kerala,BAT,Australia,right-hand-bat,unknown,0,73,0,78,0,68.7,50.0,76.3,50.0,50.0,50.0,64.4,70.1,2.31
R McLaren,2011,Punjab Kings,AR,South Africa,left-hand-bat,right-arm-fast-medium,0,90,5,101,111,68.5,72.1,50.0,72.6,74.2,72.9,50.0,70.1,2.31
M Kartik,2011,Pune Warriors,BOWL,India,left-hand-bat,slow-left-arm-orthodox,0,12,1,15,130,50.0,67.7,50.0,80.6,50.0,63.2,68.0,69.5,2.2
M Manhas,2011,Pune Warriors,BAT,India,right-hand-bat,right-arm-offbreak,0,114,0,128,42,68.1,61.3,77.0,50.0,65.0,50.0,62.8,69.4,2.18
NV Ojha,2011,Delhi Capitals,WK,India,right-hand-bat,unknown,1,160,0,169,0,67.1,50.0,72.1,50.0,70.6,50.0,72.6,69.4,2.18
S Anirudha,2011,Chennai Super Kings,BAT,India,right-hand-bat,unknown,0,83,0,78,0,68.3,50.0,69.1,50.0,65.0,50.0,60.8,69.4,2.18
ND Doshi,2011,Rajasthan Royals,BOWL,unknown,right-hand-bat,slow-left-arm-orthodox,0,0,1,13,32,50.0,68.9,50.0,58.4,56.8,50.0,50.0,68.9,2.09
WP Saha,2011,Chennai Super Kings,WK,India,right-hand-bat,unknown,1,68,0,67,0,68.6,50.0,50.0,50.0,64.5,50.0,50.0,68.6,2.04
AM Nayar,2011,Punjab Kings,AR,India,left-hand-bat,right-arm-fast-medium,0,61,2,67,63,60.1,73.3,61.1,50.0,59.5,50.0,68.2,67.9,1.93
CL White,2011,Sunrisers Hyderabad,BAT,Australia,right-hand-bat,legbreak-googly,0,104,0,109,0,65.9,50.0,50.0,50.0,69.0,50.0,67.7,67.7,1.9
A Symonds,2011,Mumbai Indians,BAT,Australia,right-hand-bat,right-arm-fast-medium,0,135,1,143,24,67.0,50.0,50.0,50.0,69.9,50.0,56.2,67.6,1.88
RV Gomez,2011,Kochi Tuskers Kerala,AR,India,right-hand-bat,right-arm-fast-medium,0,46,5,52,91,59.9,72.7,50.0,50.0,74.1,50.0,68.7,67.5,1.87
JJ van der Wath,2011,Royal Challengers Bengaluru,BOWL,South Africa,right-hand-bat,right-arm-fast-medium,0,18,3,17,76,50.0,65.2,50.0,70.5,60.3,68.0,67.2,66.9,1.78
RR Powar,2011,Kochi Tuskers Kerala,BOWL,India,right-hand-bat,right-arm-offbreak,0,11,2,13,72,50.0,65.6,50.0,50.0,58.2,63.4,60.0,66.6,1.74
TR Birt,2011,Delhi Capitals,BAT,Australia,unknown,unknown,0,75,0,59,0,66.0,50.0,50.0,50.0,80.0,50.0,55.4,66.5,1.73
Harmeet Singh,2011,Sunrisers Hyderabad,BOWL,Germany,left-hand-bat,right-arm-fast-medium,0,0,3,0,44,50.0,64.9,50.0,69.5,50.0,50.0,64.8,66.4,1.71
AM Salvi,2011,Delhi Capitals,BOWL,India,right-hand-bat,right-arm-medium-fast,0,0,3,0,50,50.0,66.0,50.0,70.3,50.0,65.6,50.0,66.0,1.66
A Mithun,2011,Royal Challengers Bengaluru,BOWL,India,right-hand-bat,right-arm-fast-medium,0,27,5,20,221,50.0,64.6,50.0,79.9,50.0,74.6,54.4,65.0,1.55
PA Patel,2011,Kochi Tuskers Kerala,WK,India,right-hand-bat,right-arm-fast,1,202,0,189,0,62.5,50.0,72.6,50.0,50.0,50.0,72.0,64.7,1.51
AG Paunikar,2011,Rajasthan Royals,WK,India,right-hand-bat,unknown,1,49,0,60,0,61.7,50.0,72.6,50.0,50.0,50.0,77.2,64.4,1.48
AS Raut,2011,Rajasthan Royals,BAT,India,unknown,unknown,0,60,0,59,6,63.9,50.0,50.0,50.0,74.3,50.0,50.0,63.9,1.43
VVS Laxman,2011,Kochi Tuskers Kerala,BAT,India,unknown,unknown,0,44,0,42,0,62.6,50.0,80.4,50.0,50.0,50.0,61.5,63.8,1.42
MS Gony,2011,Sunrisers Hyderabad,BOWL,India,right-hand-bat,right-arm-fast-medium,0,0,4,2,55,50.0,63.0,50.0,58.5,50.0,50.0,50.0,63.0,1.35
LA Pomersbach,2011,Royal Challengers Bengaluru,BAT,Australia,left-hand-bat,right-arm-offbreak,0,51,0,41,0,62.4,50.0,66.8,50.0,54.8,50.0,50.0,62.4,1.31
TL Suman,2011,Mumbai Indians,AR,India,right-hand-bat,right-arm-offbreak,0,65,0,53,36,63.0,58.2,56.2,50.0,60.9,50.0,62.7,62.1,1.29
CJ Ferguson,2011,Pune Warriors,BAT,Australia,right-hand-bat,right-arm-fast-medium,0,48,0,56,0,61.6,50.0,58.3,50.0,54.6,50.0,50.0,61.6,1.25
MD Mishra,2011,Pune Warriors,BAT,Hungary,unknown,unknown,0,67,0,60,0,59.9,50.0,62.2,50.0,62.9,50.0,67.0,61.6,1.25
GC Smith,2011,Pune Warriors,BAT,South Africa,left-hand-bat,right-arm-offbreak,0,42,0,54,0,60.4,50.0,74.4,50.0,50.0,50.0,61.1,61.5,1.25
DJ Hussey,2011,Punjab Kings,BAT,Australia,right-hand-bat,right-arm-offbreak,0,64,1,65,18,60.5,50.0,50.0,50.0,58.4,50.0,57.3,61.2,1.23
SC Ganguly,2011,Pune Warriors,BAT,India,left-hand-bat,right-arm-fast-medium,0,50,0,61,0,60.6,50.0,55.5,50.0,50.0,50.0,50.0,60.6,1.19
Anand Rajan,2011,Sunrisers Hyderabad,BOWL,India,right-hand-bat,right-arm-fast-medium,0,0,3,0,35,50.0,59.9,50.0,50.0,50.0,68.7,50.0,59.9,1.16
AJ Finch,2011,Delhi Capitals,BAT,Australia,right-hand-bat,slow-left-arm-orthodox,0,47,0,51,13,57.4,50.0,66.0,50.0,69.1,50.0,70.5,59.4,1.13
R Ninan,2011,Royal Challengers Bengaluru,BOWL,unknown,right-hand-bat,right-arm-offbreak,0,3,3,6,36,50.0,58.7,50.0,50.0,50.0,50.0,50.0,58.7,1.11
R Sathish,2011,Mumbai Indians,AR,India,right-hand-bat,right-arm-fast-medium,0,25,0,35,31,58.6,58.9,50.0,50.0,70.0,50.0,50.0,58.7,1.11
CA Pujara,2011,Royal Challengers Bengaluru,BAT,India,right-hand-bat,legbreak,0,34,0,32,0,58.5,50.0,50.0,50.0,57.9,50.0,50.0,58.5,1.1
IR Jaggi,2011,Sunrisers Hyderabad,BAT,India,right-hand-bat,legbreak-googly,0,28,0,38,0,57.7,50.0,67.9,50.0,50.0,50.0,56.2,58.3,1.09
SP Goswami,2011,Kolkata Knight Riders,WK,India,left-hand-bat,unknown,1,29,0,31,0,55.8,50.0,72.5,50.0,50.0,50.0,67.6,57.6,1.07
M Kaif,2011,Royal Challengers Bengaluru,BAT,India,right-hand-bat,right-arm-offbreak,0,41,0,35,0,57.5,50.0,50.0,50.0,50.0,50.0,50.0,57.5,1.07
Mandeep Singh,2011,Punjab Kings,BAT,India,right-hand-bat,right-arm-fast,0,47,0,42,0,57.0,50.0,50.0,50.0,68.7,50.0,50.0,57.0,1.06
AUK Pathan,2011,Royal Challengers Bengaluru,AR,Germany,right-hand-bat,right-arm-fast-medium,0,33,0,18,35,50.0,62.0,50.0,50.0,50.0,50.0,62.9,56.7,1.05
AA Chavan,2011,Rajasthan Royals,BOWL,India,left-hand-bat,slow-left-arm-orthodox,0,1,0,3,30,50.0,56.3,50.0,66.9,50.0,50.0,50.0,56.3,1.04
Sunny Singh,2011,Punjab Kings,BAT,Philippines,right-hand-bat,right-arm-fast-medium,0,43,0,31,0,55.4,50.0,50.0,50.0,50.0,50.0,58.2,56.2,1.04
MS Wade,2011,Delhi Capitals,WK,Australia,left-hand-bat,right-arm-fast-medium,1,22,0,33,0,56.1,50.0,50.0,50.0,50.0,50.0,50.0,56.1,1.04
STR Binny,2011,Rajasthan Royals,AR,India,right-hand-bat,right-arm-fast-medium,0,37,0,31,25,56.6,50.0,50.0,50.0,50.0,50.0,50.0,53.6,1.01
NL McCullum,2011,Pune Warriors,AR,New Zealand,right-hand-bat,right-arm-offbreak,0,26,0,23,30,50.0,57.3,50.0,59.3,64.8,50.0,50.0,53.3,1.01
FY Fazal,2011,Rajasthan Royals,BAT,India,unknown,unknown,0,19,0,19,0,50.0,50.0,62.8,50.0,50.0,50.0,59.7,51.0,1.0
DP Nannes,2011,Royal Challengers Bengaluru,BOWL,Australia,right-hand-bat,left-arm-fast,0,0,2,0,25,50.0,50.0,50.0,59.0,50.0,50.0,58.8,50.9,1.0
LR Shukla,2011,Kolkata Knight Riders,BAT,India,right-hand-bat,right-arm-fast-medium,0,14,0,10,0,50.0,50.0,50.0,50.0,58.2,50.0,58.4,50.8,1.0
AA Jhunjhunwala,2011,Pune Warriors,AR,unknown,unknown,unknown,0,10,0,19,13,50.0,50.0,50.0,50.0,50.0,50.0,50.0,50.0,1.0
AA Kazi,2011,Royal Challengers Bengaluru,BOWL,Cyprus,left-hand-bat,slow-left-arm-orthodox,0,0,0,0,13,50.0,50.0,50.0,50.0,50.0,50.0,50.0,50.0,1.0
AB McDonald,2011,Delhi Capitals,AR,Australia,right-hand-bat,right-arm-fast-medium,0,8,0,7,12,50.0,50.0,50.0,50.0,50.0,50.0,50.0,50.0,1.0
B Akhil,2011,Kochi Tuskers Kerala,AR,unknown,right-hand-bat,right-arm-medium-fast,0,13,0,9,13,50.0,50.0,50.0,50.0,50.0,50.0,50.0,50.0,1.0
BJ Haddin,2011,Kolkata Knight Riders,WK,Australia,right-hand-bat,unknown,1,18,0,11,0,50.0,50.0,60.0,50.0,50.0,50.0,50.0,50.0,1.0
CA Ingram,2011,Delhi Capitals,BAT,South Africa,left-hand-bat,legbreak,0,21,0,26,0,50.0,50.0,58.5,50.0,50.0,50.0,50.0,50.0,1.0
DH Yagnik,2011,Rajasthan Royals,WK,India,left-hand-bat,unknown,1,16,0,23,0,50.0,50.0,50.0,50.0,63.8,50.0,50.0,50.0,1.0
Harpreet Singh,2011,Pune Warriors,BAT,Germany,right-hand-bat,right-arm-fast-medium,0,14,0,20,0,50.0,50.0,50.0,50.0,57.6,50.0,50.0,50.0,1.0
I Malhotra,2011,Sunrisers Hyderabad,AR,India,right-hand-bat,right-arm-fast-medium,0,7,0,4,6,50.0,50.0,50.0,50.0,50.0,50.0,50.0,50.0,1.0
JDP Oram,2011,Rajasthan Royals,BOWL,New Zealand,left-hand-bat,right-arm-fast-medium,0,0,1,3,24,50.0,50.0,50.0,69.8,50.0,50.0,50.0,50.0,1.0
JP Faulkner,2011,Pune Warriors,BOWL,Australia,right-hand-bat,left-arm-fast-medium,0,0,1,0,12,50.0,50.0,50.0,58.5,50.0,50.0,50.0,50.0,1.0
Joginder Sharma,2011,Chennai Super Kings,BOWL,India,right-hand-bat,right-arm-medium-fast,0,0,0,1,20,50.0,50.0,50.0,50.0,50.0,50.0,50.0,50.0,1.0
KB Arun Karthik,2011,Royal Challengers Bengaluru,BAT,India,unknown,unknown,0,7,0,8,0,50.0,50.0,50.0,50.0,50.0,50.0,50.0,50.0,1.0
KM Jadhav,2011,Kochi Tuskers Kerala,BAT,India,right-hand-bat,right-arm-offbreak,0,18,0,23,0,50.0,50.0,50.0,50.0,54.7,50.0,50.0,50.0,1.0
KMDN Kulasekara,2011,Chennai Super Kings,BOWL,Sri Lanka,right-hand-bat,right-arm-fast-medium,0,0,1,0,19,50.0,50.0,50.0,67.8,50.0,50.0,50.0,50.0,1.0
Kamran Khan,2011,Pune Warriors,BOWL,Qatar,right-hand-bat,right-arm-fast,0,0,0,0,18,50.0,50.0,50.0,52.4,50.0,50.0,50.0,50.0,1.0
L Ablish,2011,Punjab Kings,BOWL,unknown,right-hand-bat,right-arm-medium,0,0,0,2,18,50.0,50.0,50.0,50.0,50.0,50.0,50.0,50.0,1.0
MJ Lumb,2011,Sunrisers Hyderabad,BAT,England,right-hand-bat,right-arm-fast-medium,0,0,0,2,0,50.0,50.0,50.0,50.0,50.0,50.0,50.0,50.0,1.0
MV Boucher,2011,Kolkata Knight Riders,WK,South Africa,right-hand-bat,right-arm-fast-medium,1,6,0,6,0,50.0,50.0,50.0,50.0,50.0,50.0,50.0,50.0,1.0
NJ Rimmington,2011,Punjab Kings,BOWL,Australia,right-hand-bat,right-arm-fast-medium,0,1,0,1,18,50.0,50.0,50.0,56.9,50.0,50.0,50.0,50.0,1.0
OA Shah,2011,Kochi Tuskers Kerala,BAT,England,right-hand-bat,legbreak-googly,0,26,0,16,0,50.0,50.0,50.0,50.0,65.3,50.0,50.0,50.0,1.0
P Prasanth,2011,Kochi Tuskers Kerala,BOWL,unknown,unknown,unknown,0,0,0,0,6,50.0,50.0,50.0,50.0,50.0,50.0,50.0,50.0,1.0
PR Shah,2011,Rajasthan Royals,BAT,USA,right-hand-bat,right-arm-fast-medium,0,5,0,5,0,50.0,50.0,50.0,50.0,50.0,50.0,50.0,50.0,1.0
Pankaj Singh,2011,Rajasthan Royals,BOWL,India,right-hand-bat,right-arm-fast-medium,0,0,0,0,12,50.0,50.0,50.0,50.0,50.0,50.0,50.0,50.0,1.0
RW Price,2011,Mumbai Indians,BOWL,Zimbabwe,right-hand-bat,slow-left-arm-orthodox,0,0,0,0,18,50.0,50.0,50.0,50.0,50.0,50.0,50.0,50.0,1.0
S Ladda,2011,Kolkata Knight Riders,BOWL,India,right-hand-bat,legbreak,0,0,0,0,25,50.0,50.0,50.0,50.0,50.0,50.0,50.0,50.0,1.0
S Rana,2011,Pune Warriors,BAT,Pakistan,right-hand-bat,right-arm-fast-medium,0,18,0,16,4,50.0,50.0,50.0,50.0,62.4,50.0,50.0,50.0,1.0
S Sriram,2011,Delhi Capitals,AR,India,left-hand-bat,slow-left-arm-orthodox,0,4,0,7,6,50.0,50.0,50.0,50.0,50.0,50.0,50.0,50.0,1.0
SA Asnodkar,2011,Rajasthan Royals,BAT,unknown,unknown,unknown,0,9,0,9,0,50.0,50.0,50.0,50.0,50.0,50.0,50.0,50.0,1.0
SB Styris,2011,Chennai Super Kings,BOWL,New Zealand,right-hand-bat,right-arm-fast-medium,0,5,0,2,6,50.0,50.0,50.0,50.0,50.0,50.0,50.0,50.0,1.0
SD Chitnis,2011,Punjab Kings,BAT,India,right-hand-bat,right-arm-offbreak,0,9,0,9,0,50.0,50.0,50.0,50.0,50.0,50.0,50.0,50.0,1.0
SS Mundhe,2011,Pune Warriors,BOWL,India,right-hand-bat,right-arm-fast-medium,0,0,1,0,7,50.0,50.0,50.0,50.0,50.0,50.0,50.0,50.0,1.0
TD Paine,2011,Pune Warriors,WK,Australia,right-hand-bat,right-arm-fast-medium,1,10,0,29,0,50.0,50.0,64.5,50.0,50.0,50.0,50.0,50.0,1.0
UBT Chand,2011,Delhi Capitals,BAT,India,right-hand-bat,right-arm-offbreak,0,2,0,12,0,50.0,50.0,50.0,50.0,50.0,50.0,50.0,50.0,1.0
VS Malik,2011,Punjab Kings,BOWL,India,right-hand-bat,right-arm-fast-medium,0,0,0,0,12,50.0,50.0,50.0,50.0,50.0,50.0,50.0,50.0,1.0
Y Gnaneswara Rao,2011,Kochi Tuskers Kerala,BAT,India,unknown,unknown,0,19,0,18,6,50.0,50.0,61.6,50.0,50.0,50.0,50.0,50.0,1.0
CH Gayle,2012,Royal Challengers Bengaluru,BAT,West Indies,left-hand-bat,right-arm-offbreak,0,733,0,472,30,98.0,53.0,74.8,50.0,89.6,52.5,78.7,99.0,20.0
M Morkel,2012,Delhi Capitals,BOWL,South Africa,left-hand-bat,right-arm-fast,0,3,25,5,389,50.0,98.1,50.0,81.0,50.0,78.5,85.1,99.0,20.0
SP Narine,2012,Kolkata Knight Riders,BOWL,West Indies,left-hand-bat,right-arm-offbreak,0,9,24,8,357,50.0,95.9,50.0,82.5,50.0,80.5,78.3,98.7,19.65
SL Malinga,2012,Mumbai Indians,BOWL,Sri Lanka,right-hand-bat,right-arm-fast,0,55,22,55,351,64.1,94.9,50.0,77.9,73.6,79.2,83.8,98.3,19.2
DW Steyn,2012,Sunrisers Hyderabad,BOWL,South Africa,right-hand-bat,right-arm-fast,0,19,18,21,289,50.0,92.4,50.0,83.3,64.2,76.4,78.1,95.2,15.91
G Gambhir,2012,Kolkata Knight Riders,BAT,India,left-hand-bat,legbreak,0,590,0,429,0,92.1,50.0,80.5,50.0,75.3,50.0,76.2,94.7,15.42
S Dhawan,2012,Sunrisers Hyderabad,BAT,India,left-hand-bat,right-arm-offbreak,0,569,3,448,37,91.0,62.2,80.0,65.6,74.5,50.0,78.3,93.8,14.57
M Muralitharan,2012,Royal Challengers Bengaluru,BOWL,Sri Lanka,right-hand-bat,right-arm-offbreak,0,6,15,9,245,50.0,88.9,50.0,61.1,50.0,71.6,91.5,93.1,13.93
AM Rahane,2012,Rajasthan Royals,BAT,India,right-hand-bat,right-arm-fast-medium,0,560,0,448,0,88.1,50.0,76.5,50.0,79.4,50.0,76.5,90.8,11.97
R Ashwin,2012,Chennai Super Kings,BOWL,India,right-hand-bat,right-arm-offbreak,0,18,14,15,402,50.0,87.4,50.0,78.4,58.4,81.5,77.0,90.1,11.41
V Sehwag,2012,Delhi Capitals,BAT,India,right-hand-bat,right-arm-offbreak,0,495,0,317,24,87.2,50.0,79.5,50.0,50.0,50.0,75.4,89.7,11.11
R Bhatia,2012,Kolkata Knight Riders,BOWL,United Arab Emirates,right-hand-bat,right-arm-fast-medium,0,35,13,30,323,58.8,85.9,50.0,50.0,63.1,75.6,81.4,89.0,10.58
P Awana,2012,Punjab Kings,BOWL,India,right-hand-bat,right-arm-fast-medium,0,4,17,5,296,50.0,85.9,50.0,80.3,50.0,75.0,80.2,88.9,10.51
F du Plessis,2012,Chennai Super Kings,BAT,South Africa,right-hand-bat,legbreak,0,398,0,310,6,85.5,50.0,80.2,50.0,59.7,50.0,78.9,88.4,10.14
L Balaji,2012,Kolkata Knight Riders,BOWL,India,right-hand-bat,right-arm-fast-medium,0,0,11,0,189,50.0,84.6,50.0,77.5,50.0,80.7,78.9,87.5,9.52
Mandeep Singh,2012,Punjab Kings,BAT,India,right-hand-bat,right-arm-fast,0,432,0,349,0,84.3,50.0,77.6,50.0,61.6,50.0,77.3,87.0,9.18
DA Warner,2012,Delhi Capitals,BAT,Australia,left-hand-bat,legbreak,0,256,0,161,0,83.8,50.0,78.9,50.0,50.0,50.0,79.9,86.8,9.05
R Dravid,2012,Rajasthan Royals,BAT,India,right-hand-bat,right-arm-offbreak,0,462,0,424,0,83.6,50.0,76.1,50.0,60.1,50.0,77.8,86.4,8.79
KA Pollard,2012,Mumbai Indians,AR,West Indies,right-hand-bat,right-arm-fast-medium,0,220,16,163,286,78.1,87.8,50.0,50.0,76.2,77.1,86.9,86.2,8.66
UT Yadav,2012,Delhi Capitals,BOWL,India,right-hand-bat,right-arm-fast,0,2,19,7,383,50.0,83.7,50.0,77.9,50.0,75.3,75.3,86.2,8.66
Z Khan,2012,Royal Challengers Bengaluru,BOWL,India,right-hand-bat,left-arm-fast-medium,0,12,17,17,370,50.0,83.6,50.0,76.2,57.9,75.9,76.3,86.2,8.66
CL White,2012,Sunrisers Hyderabad,BAT,Australia,right-hand-bat,legbreak-googly,0,479,0,327,20,83.7,50.0,72.6,50.0,82.5,50.0,72.7,86.0,8.53
KP Pietersen,2012,Delhi Capitals,BAT,England,right-hand-bat,right-arm-offbreak,0,305,0,210,40,82.7,59.1,76.0,50.0,76.3,50.0,81.2,85.8,8.41
PP Chawla,2012,Punjab Kings,BOWL,India,left-hand-bat,legbreak,0,106,16,88,346,65.6,82.7,50.0,68.2,68.7,76.9,75.9,85.3,8.1
RV Uthappa,2012,Pune Warriors,WK,India,right-hand-bat,right-arm-fast-medium,1,405,0,357,0,82.5,50.0,75.6,50.0,78.5,50.0,76.5,85.2,8.04
VR Aaron,2012,Delhi Capitals,BOWL,India,right-hand-bat,right-arm-fast,0,1,8,3,192,50.0,81.7,50.0,78.2,50.0,87.8,82.1,84.9,7.87
A Mishra,2012,Sunrisers Hyderabad,BOWL,India,right-hand-bat,legbreak,0,16,13,21,289,50.0,82.0,50.0,50.0,60.9,74.3,78.1,84.8,7.81
SK Trivedi,2012,Rajasthan Royals,BOWL,India,left-hand-bat,right-arm-fast-medium,0,5,13,6,324,50.0,82.0,50.0,50.0,50.0,72.0,77.9,84.8,7.81
Shakib Al Hasan,2012,Kolkata Knight Riders,BOWL,Bangladesh,left-hand-bat,slow-left-arm-orthodox,0,91,12,77,185,72.1,82.3,50.0,78.1,74.9,78.7,72.7,84.6,7.69
AB de Villiers,2012,Royal Challengers Bengaluru,WK,South Africa,right-hand-bat,right-arm-fast-medium,1,319,0,203,0,81.6,50.0,50.0,50.0,84.2,50.0,78.8,84.5,7.63
SE Marsh,2012,Punjab Kings,BAT,Australia,left-hand-bat,slow-left-arm-orthodox,0,336,0,288,0,81.6,50.0,75.8,50.0,73.3,50.0,78.6,84.5,7.63
SW Tait,2012,Rajasthan Royals,BOWL,Australia,right-hand-bat,right-arm-fast,0,0,6,0,157,50.0,82.2,50.0,77.6,50.0,95.7,73.1,84.5,7.63
KK Cooper,2012,Rajasthan Royals,BOWL,West Indies,right-hand-bat,right-arm-fast-medium,0,38,10,20,149,50.0,82.4,50.0,82.5,71.5,74.9,67.3,84.1,7.4
MM Patel,2012,Mumbai Indians,BOWL,England,right-hand-bat,right-arm-fast-medium,0,2,15,7,288,50.0,81.5,50.0,77.7,50.0,71.7,75.7,84.1,7.4
GB Hogg,2012,Rajasthan Royals,BOWL,Australia,left-hand-bat,slow-left-arm-orthodox,0,15,10,16,220,50.0,80.9,50.0,63.8,63.3,75.0,77.2,83.6,7.13
SPD Smith,2012,Pune Warriors,BAT,Australia,right-hand-bat,right-arm-offbreak,0,362,0,272,2,80.4,50.0,61.1,50.0,77.1,50.0,81.7,83.6,7.13
DJ Bravo,2012,Chennai Super Kings,AR,West Indies,left-hand-bat,right-arm-fast-medium,0,371,15,271,363,82.1,78.3,50.0,57.7,82.4,76.4,77.4,83.1,6.86
RG Sharma,2012,Mumbai Indians,BAT,India,right-hand-bat,right-arm-fast-medium,0,433,0,350,6,80.2,50.0,74.3,50.0,74.4,50.0,78.6,83.1,6.86
RJ Harris,2012,Punjab Kings,BOWL,Australia,right-hand-bat,right-arm-fast,0,18,8,11,109,50.0,80.3,50.0,78.9,60.7,65.3,76.1,82.9,6.75
JH Kallis,2012,Kolkata Knight Riders,AR,South Africa,right-hand-bat,right-arm-fast-medium,0,409,15,393,336,74.7,85.7,72.9,84.1,72.4,74.9,81.7,82.8,6.7
B Kumar,2012,Pune Warriors,BOWL,India,right-hand-bat,right-arm-fast-medium,0,40,8,41,240,61.5,79.6,50.0,79.7,68.0,79.7,80.5,82.6,6.6
DE Bollinger,2012,Chennai Super Kings,BOWL,Australia,left-hand-bat,left-arm-fast-medium,0,3,8,5,113,50.0,79.8,50.0,69.7,50.0,95.1,78.3,82.6,6.6
MS Bisla,2012,Kolkata Knight Riders,WK,India,right-hand-bat,unknown,1,213,0,171,0,80.0,50.0,81.7,50.0,50.0,50.0,75.7,82.6,6.6
DR Smith,2012,Mumbai Indians,WK,England,right-hand-bat,right-arm-fast-medium,1,157,2,102,79,78.5,69.1,80.6,50.0,64.3,63.1,83.7,81.9,6.24
SK Raina,2012,Chennai Super Kings,BAT,India,left-hand-bat,right-arm-offbreak,0,441,2,335,85,79.7,72.2,77.0,50.0,50.0,50.0,71.9,81.9,6.24
WD Parnell,2012,Pune Warriors,BOWL,South Africa,left-hand-bat,left-arm-fast-medium,0,19,5,29,130,50.0,79.8,61.8,81.1,50.3,81.4,70.3,81.8,6.19
R Sharma,2012,Pune Warriors,BOWL,Hong Kong,right-hand-bat,right-arm-fast-medium,0,2,9,11,224,50.0,78.8,50.0,64.6,56.0,79.8,79.2,81.7,6.14
AD Mascarenhas,2012,Punjab Kings,BOWL,England,right-hand-bat,right-arm-fast-medium,0,14,7,16,97,50.0,79.0,50.0,82.2,62.0,68.5,76.4,81.6,6.1
DJ Hussey,2012,Punjab Kings,BAT,Australia,right-hand-bat,right-arm-offbreak,0,396,3,313,55,79.3,65.6,62.4,50.0,79.1,59.6,72.6,81.6,6.1
OA Shah,2012,Rajasthan Royals,BAT,England,right-hand-bat,legbreak-googly,0,340,0,269,0,79.4,50.0,62.4,50.0,77.4,50.0,71.8,81.6,6.1
P Negi,2012,Delhi Capitals,BOWL,India,left-hand-bat,slow-left-arm-orthodox,0,36,7,30,133,55.5,79.5,50.0,50.0,65.9,55.1,71.1,81.6,6.1
JA Morkel,2012,Chennai Super Kings,BOWL,South Africa,left-hand-bat,right-arm-fast-medium,0,107,13,71,315,69.2,79.0,50.0,72.7,80.0,88.6,74.9,81.5,6.05
DB Das,2012,Kolkata Knight Riders,WK,India,right-hand-bat,legbreak-googly,1,126,0,96,0,77.4,50.0,67.2,50.0,75.2,50.0,89.2,81.3,5.95
A Ashish Reddy,2012,Sunrisers Hyderabad,BOWL,India,right-hand-bat,right-arm-offbreak,0,35,11,30,169,50.2,79.3,50.0,50.0,50.0,78.9,69.1,81.2,5.9
TM Dilshan,2012,Royal Challengers Bengaluru,BAT,Sri Lanka,right-hand-bat,right-arm-offbreak,0,285,0,274,44,77.7,54.2,75.1,51.8,78.8,50.0,77.6,80.5,5.58
MK Tiwary,2012,Kolkata Knight Riders,BAT,India,right-hand-bat,legbreak-googly,0,260,0,251,0,77.0,50.0,72.3,50.0,74.2,50.0,83.7,80.4,5.54
SR Tendulkar,2012,Mumbai Indians,BAT,India,right-hand-bat,legbreak,0,324,0,297,0,77.7,50.0,73.4,50.0,56.4,50.0,76.0,80.3,5.49
RP Singh,2012,Mumbai Indians,BOWL,India,right-hand-bat,left-arm-fast-medium,0,6,10,12,260,50.0,77.6,50.0,76.9,53.3,75.8,75.7,80.2,5.45
R Vinay Kumar,2012,Royal Challengers Bengaluru,BOWL,India,right-hand-bat,right-arm-offbreak,0,68,19,65,346,68.1,78.3,50.0,78.0,72.2,74.8,67.8,80.1,5.4
AT Rayudu,2012,Mumbai Indians,WK,India,right-hand-bat,right-arm-offbreak,1,333,0,261,0,77.5,50.0,74.9,50.0,67.1,50.0,75.1,80.0,5.36
Iqbal Abdulla,2012,Kolkata Knight Riders,BOWL,India,left-hand-bat,slow-left-arm-orthodox,0,2,4,3,134,50.0,77.1,50.0,76.2,50.0,50.0,77.9,79.9,5.32
PP Ojha,2012,Mumbai Indians,BOWL,India,left-hand-bat,slow-left-arm-orthodox,0,4,9,14,186,50.0,77.2,50.0,74.7,57.5,73.3,77.3,79.9,5.32
AC Gilchrist,2012,Punjab Kings,WK,Australia,left-hand-bat,right-arm-offbreak,1,172,0,147,0,76.9,50.0,76.5,50.0,50.0,50.0,78.4,79.7,5.23
MS Dhoni,2012,Chennai Super Kings,WK,India,right-hand-bat,right-arm-fast-medium,1,358,0,283,0,77.2,50.0,50.0,50.0,75.4,50.0,73.7,79.6,5.19
BJ Hodge,2012,Rajasthan Royals,BAT,Australia,right-hand-bat,right-arm-offbreak,0,245,1,180,12,76.9,50.0,50.0,50.0,76.9,50.0,74.8,79.4,5.1
DL Vettori,2012,Royal Challengers Bengaluru,BOWL,New Zealand,left-hand-bat,slow-left-arm-orthodox,0,31,5,28,212,50.0,76.9,50.0,78.1,50.0,74.0,73.2,79.2,5.02
RE van der Merwe,2012,Delhi Capitals,BOWL,Netherlands,right-hand-bat,slow-left-arm-orthodox,0,0,2,0,61,50.0,77.5,50.0,50.0,50.0,50.0,66.5,79.2,5.02
MA Agarwal,2012,Royal Challengers Bengaluru,BAT,India,right-hand-bat,unknown,0,225,0,164,0,76.7,50.0,78.4,50.0,89.1,50.0,73.2,79.0,4.94
KMDN Kulasekara,2012,Chennai Super Kings,BOWL,Sri Lanka,right-hand-bat,right-arm-fast-medium,0,5,4,3,88,50.0,76.3,50.0,77.5,50.0,82.6,74.0,78.7,4.82
AD Mathews,2012,Pune Warriors,AR,Sri Lanka,right-hand-bat,right-arm-fast-medium,0,127,7,110,158,71.8,79.7,50.0,54.3,75.6,75.7,79.5,78.3,4.66
Pankaj Singh,2012,Rajasthan Royals,BOWL,India,right-hand-bat,right-arm-fast-medium,0,0,7,0,127,50.0,75.5,50.0,78.8,50.0,58.3,77.6,78.3,4.66
A Chandila,2012,Rajasthan Royals,BOWL,India,right-hand-bat,right-arm-offbreak,0,0,5,1,84,50.0,76.1,50.0,78.0,50.0,50.0,70.8,78.2,4.62
S Nadeem,2012,Delhi Capitals,BOWL,India,right-hand-bat,slow-left-arm-orthodox,0,0,8,2,275,50.0,75.4,50.0,77.2,50.0,74.4,78.3,78.2,4.62
BW Hilfenhaus,2012,Chennai Super Kings,BOWL,Australia,right-hand-bat,right-arm-fast-medium,0,0,14,0,215,50.0,76.4,50.0,78.0,50.0,77.5,66.0,78.0,4.55
SR Watson,2012,Rajasthan Royals,AR,Australia,right-hand-bat,right-arm-fast-medium,0,255,6,171,144,77.6,74.2,80.6,77.0,50.0,81.2,68.9,78.0,4.55
MK Pandey,2012,Pune Warriors,BAT,India,right-hand-bat,right-arm-fast-medium,0,143,0,115,0,75.5,50.0,76.0,50.0,74.1,50.0,73.7,77.9,4.51
RA Jadeja,2012,Chennai Super Kings,AR,India,left-hand-bat,slow-left-arm-orthodox,0,191,12,153,216,72.5,78.7,50.0,50.0,74.8,78.2,76.2,77.9,4.51
BA Bhatt,2012,Punjab Kings,BOWL,India,left-hand-bat,slow-left-arm-orthodox,0,6,2,2,100,50.0,75.5,50.0,77.0,50.0,76.1,73.2,77.8,4.47
MEK Hussey,2012,Chennai Super Kings,BAT,Australia,left-hand-bat,right-arm-fast-medium,0,261,0,241,0,75.4,50.0,74.3,50.0,50.0,50.0,73.7,77.8,4.47
SB Jakati,2012,Chennai Super Kings,BOWL,India,left-hand-bat,slow-left-arm-orthodox,0,7,9,12,248,50.0,75.2,50.0,75.3,56.7,59.9,74.9,77.7,4.43
AB Dinda,2012,Pune Warriors,BOWL,India,right-hand-bat,right-arm-fast-medium,0,2,9,5,154,50.0,75.0,50.0,75.4,50.0,75.3,71.2,77.1,4.21
JD Ryder,2012,Pune Warriors,BAT,New Zealand,left-hand-bat,right-arm-fast-medium,0,256,1,216,43,74.6,57.4,75.5,50.0,77.0,50.0,73.8,77.0,4.18
MN Samuels,2012,Pune Warriors,AR,West Indies,right-hand-bat,right-arm-offbreak,0,124,8,124,176,71.9,78.5,60.4,81.4,63.2,81.9,70.7,76.9,4.14
P Kumar,2012,Punjab Kings,BOWL,Finland,right-hand-bat,right-arm-fast,0,35,9,32,395,56.8,74.5,50.0,76.7,70.9,74.5,73.9,76.9,4.14
PA Patel,2012,Sunrisers Hyderabad,WK,India,right-hand-bat,right-arm-fast,1,194,0,166,0,74.6,50.0,76.5,50.0,61.5,50.0,73.1,76.9,4.14
V Kohli,2012,Royal Challengers Bengaluru,BAT,India,right-hand-bat,right-arm-fast-medium,0,364,0,333,18,74.4,50.0,71.6,50.0,70.2,50.0,75.0,76.9,4.14
Ankit Sharma,2012,Sunrisers Hyderabad,BOWL,India,left-hand-bat,slow-left-arm-orthodox,0,18,4,13,147,50.0,74.3,50.0,78.7,54.9,60.6,74.9,76.8,4.11
Azhar Mahmood,2012,Punjab Kings,AR,Pakistan,right-hand-bat,right-arm-fast-medium,0,186,14,145,265,69.2,82.6,50.0,85.3,67.9,82.7,66.1,76.8,4.11
Harbhajan Singh,2012,Mumbai Indians,BOWL,India,right-hand-bat,right-arm-offbreak,0,108,6,82,335,69.5,74.0,50.0,81.8,74.8,59.3,78.2,76.8,4.11
M Vijay,2012,Chennai Super Kings,BAT,India,right-hand-bat,right-arm-offbreak,0,336,0,273,0,74.7,50.0,74.9,50.0,60.9,50.0,70.4,76.7,4.07
SC Ganguly,2012,Pune Warriors,BAT,India,left-hand-bat,right-arm-fast-medium,0,268,2,288,61,74.4,64.4,77.0,50.0,67.7,52.7,73.2,76.7,4.07
S Badrinath,2012,Chennai Super Kings,BAT,India,right-hand-bat,right-arm-offbreak,0,196,0,188,0,74.3,50.0,75.2,50.0,50.0,50.0,73.5,76.6,4.04
SS Tiwary,2012,Royal Challengers Bengaluru,BAT,India,left-hand-bat,unknown,0,191,0,173,0,73.0,50.0,72.7,50.0,76.8,50.0,78.4,75.8,3.77
DPMD Jayawardene,2012,Delhi Capitals,BAT,Sri Lanka,unknown,unknown,0,335,0,306,0,73.2,50.0,73.1,50.0,62.1,50.0,75.0,75.7,3.74
BB McCullum,2012,Kolkata Knight Riders,WK,New Zealand,right-hand-bat,right-arm-offbreak,1,289,0,287,0,73.2,50.0,71.9,50.0,50.0,50.0,73.3,75.5,3.68
V Pratap Singh,2012,Sunrisers Hyderabad,BOWL,West Indies,left-hand-bat,slow-left-arm-orthodox,0,0,10,1,211,50.0,73.3,50.0,76.8,50.0,70.3,71.2,75.4,3.65
A Singh,2012,Rajasthan Royals,BOWL,India,right-hand-bat,right-arm-fast-medium,0,0,10,3,204,50.0,73.3,50.0,77.3,50.0,67.7,70.1,75.3,3.62
J Botha,2012,Rajasthan Royals,BOWL,South Africa,right-hand-bat,right-arm-offbreak,0,58,9,55,251,59.7,73.2,50.0,69.3,71.6,76.8,70.8,75.3,3.62
KP Appanna,2012,Royal Challengers Bengaluru,BOWL,India,right-hand-bat,slow-left-arm-orthodox,0,0,6,0,107,50.0,72.9,50.0,65.5,50.0,50.0,72.3,75.1,3.55
DT Christian,2012,Sunrisers Hyderabad,AR,Australia,right-hand-bat,right-arm-fast-medium,0,145,8,122,169,71.5,74.3,50.0,79.7,79.2,69.1,72.3,75.0,3.52
JEC Franklin,2012,Mumbai Indians,BAT,New Zealand,left-hand-bat,left-arm-fast-medium,0,220,6,229,92,72.2,75.1,74.2,61.8,70.6,50.0,73.9,74.6,3.4
KD Karthik,2012,Mumbai Indians,BAT,India,unknown,unknown,0,238,0,217,0,72.7,50.0,75.0,50.0,73.7,50.0,69.4,74.6,3.4
A Nehra,2012,Pune Warriors,BOWL,India,right-hand-bat,left-arm-fast-medium,0,11,11,13,291,50.0,72.3,50.0,70.7,51.9,75.1,70.7,74.4,3.35
JP Duminy,2012,Sunrisers Hyderabad,BAT,South Africa,left-hand-bat,right-arm-offbreak,0,244,1,195,78,73.9,66.7,50.0,65.1,76.4,50.0,50.0,73.9,3.2
HV Patel,2012,Royal Challengers Bengaluru,BOWL,India,right-hand-bat,right-arm-fast-medium,0,15,9,17,249,50.0,71.9,50.0,69.1,61.0,71.0,67.2,73.6,3.12
B Lee,2012,Kolkata Knight Riders,BOWL,Australia,right-hand-bat,right-arm-fast,0,42,7,21,234,50.0,71.0,50.0,72.1,71.5,72.6,73.5,73.4,3.07
AL Menaria,2012,Rajasthan Royals,BAT,India,left-hand-bat,slow-left-arm-orthodox,0,220,1,207,20,71.2,50.0,50.0,50.0,74.2,50.0,70.6,73.3,3.04
M Manhas,2012,Pune Warriors,BAT,India,right-hand-bat,right-arm-offbreak,0,120,0,99,0,71.2,50.0,50.0,50.0,76.8,50.0,69.5,73.2,3.02
DS Kulkarni,2012,Mumbai Indians,BOWL,India,right-hand-bat,right-arm-fast-medium,0,10,6,5,53,50.0,70.7,50.0,86.8,50.0,62.8,70.9,72.8,2.91
KC Sangakkara,2012,Sunrisers Hyderabad,WK,Sri Lanka,left-hand-bat,right-arm-offbreak,1,200,0,190,0,71.0,50.0,75.6,50.0,74.4,50.0,66.7,72.7,2.89
DJ Harris,2012,Sunrisers Hyderabad,BAT,Australia,right-hand-bat,right-arm-fast-medium,0,111,0,103,18,70.2,50.0,73.7,50.0,50.0,50.0,72.8,72.5,2.84
AA Chavan,2012,Rajasthan Royals,BOWL,India,left-hand-bat,slow-left-arm-orthodox,0,11,7,8,169,50.0,69.9,50.0,73.5,50.0,64.0,74.7,72.4,2.82
Anand Rajan,2012,Sunrisers Hyderabad,BOWL,India,right-hand-bat,right-arm-fast-medium,0,0,3,0,76,50.0,70.1,50.0,60.8,50.0,58.9,72.7,72.4,2.82
Harmeet Singh,2012,Punjab Kings,BOWL,Germany,left-hand-bat,right-arm-fast-medium,0,15,7,7,141,50.0,70.2,50.0,50.0,50.0,76.0,71.8,72.4,2.82
NV Ojha,2012,Delhi Capitals,WK,India,right-hand-bat,unknown,1,255,0,230,0,69.3,50.0,72.9,50.0,50.0,50.0,79.0,72.2,2.77
AB Agarkar,2012,Delhi Capitals,BOWL,India,right-hand-bat,right-arm-fast,0,0,3,0,90,50.0,70.5,50.0,50.0,50.0,62.8,64.7,72.0,2.72
HH Gibbs,2012,Mumbai Indians,BAT,South Africa,right-hand-bat,right-arm-fast,0,81,0,91,0,69.4,50.0,73.4,50.0,61.1,50.0,73.7,71.8,2.67
AC Thomas,2012,Pune Warriors,BOWL,South Africa,right-hand-bat,right-arm-fast-medium,0,19,3,15,87,50.0,70.4,50.0,72.9,64.9,81.8,61.2,71.5,2.61
MJ Clarke,2012,Pune Warriors,AR,Australia,right-hand-bat,right-arm-fast-medium,0,98,2,96,66,66.8,72.5,77.3,50.0,50.0,50.0,67.7,71.1,2.52
Y Nagar,2012,Delhi Capitals,BAT,India,right-hand-bat,right-arm-offbreak,0,153,0,134,7,69.9,50.0,50.0,50.0,75.2,50.0,61.6,71.1,2.52
LRPL Taylor,2012,Delhi Capitals,BAT,New Zealand,unknown,unknown,0,197,0,177,0,69.1,50.0,67.5,50.0,71.9,50.0,68.0,70.9,2.47
Gurkeerat Singh,2012,Punjab Kings,BAT,India,right-hand-bat,right-arm-offbreak,0,86,0,54,0,67.3,50.0,50.0,50.0,85.3,50.0,81.7,70.5,2.39
M Kartik,2012,Pune Warriors,BOWL,India,left-hand-bat,slow-left-arm-orthodox,0,26,4,21,225,50.0,68.2,50.0,74.1,72.8,50.0,69.0,70.1,2.31
Y Venugopal Rao,2012,Delhi Capitals,BAT,India,right-hand-bat,right-arm-offbreak,0,132,0,129,12,68.7,50.0,69.8,50.0,60.4,50.0,63.1,70.0,2.29
J Theron,2012,Sunrisers Hyderabad,BOWL,United States,right-hand-bat,right-arm-fast-medium,0,7,2,6,51,50.0,68.8,50.0,72.5,50.0,71.1,61.4,69.9,2.27
P Parameswaran,2012,Royal Challengers Bengaluru,BOWL,India,right-hand-bat,left-arm-fast-medium,0,0,5,2,62,50.0,69.3,50.0,66.1,50.0,71.4,50.0,69.3,2.16
TP Sudhindra,2012,Sunrisers Hyderabad,BOWL,unknown,right-hand-bat,right-arm-fast-medium,0,0,1,0,74,50.0,67.4,50.0,64.4,50.0,79.5,69.3,69.3,2.16
YK Pathan,2012,Kolkata Knight Riders,AR,India,right-hand-bat,right-arm-offbreak,0,194,3,179,137,67.2,66.7,50.0,68.9,71.5,50.0,71.5,69.1,2.13
VY Mahesh,2012,Chennai Super Kings,BOWL,United Arab Emirates,right-hand-bat,legbreak-googly,0,0,3,0,61,50.0,67.1,50.0,50.0,50.0,50.0,66.0,68.7,2.06
AP Majumdar,2012,Pune Warriors,BAT,India,right-hand-bat,legbreak-googly,0,87,0,77,0,67.8,50.0,61.5,50.0,50.0,50.0,56.6,68.5,2.02
RE Levi,2012,Mumbai Indians,BAT,South Africa,right-hand-bat,right-arm-fast-medium,0,83,0,74,0,66.7,50.0,73.1,50.0,50.0,50.0,65.4,68.2,1.97
STR Binny,2012,Rajasthan Royals,AR,India,right-hand-bat,right-arm-fast-medium,0,90,3,70,60,68.3,66.8,50.0,50.0,63.7,75.3,54.0,68.0,1.94
IK Pathan,2012,Delhi Capitals,BOWL,India,left-hand-bat,left-arm-fast-medium,0,176,8,133,366,68.3,65.7,50.0,71.3,78.4,69.0,71.7,67.9,1.93
DA Miller,2012,Punjab Kings,BAT,South Africa,left-hand-bat,right-arm-offbreak,0,98,0,76,0,67.3,50.0,50.0,50.0,70.4,50.0,55.3,67.8,1.91
SP Goswami,2012,Rajasthan Royals,WK,India,left-hand-bat,unknown,1,69,0,69,0,65.8,50.0,60.4,50.0,70.1,50.0,54.6,66.3,1.7
MS Gony,2012,Sunrisers Hyderabad,BOWL,India,right-hand-bat,right-arm-fast-medium,0,4,3,8,151,50.0,65.5,50.0,70.2,50.0,58.6,57.0,66.2,1.69
N Saini,2012,Punjab Kings,BAT,India,right-hand-bat,right-arm-fast,0,140,0,143,0,63.7,50.0,72.5,50.0,50.0,50.0,68.6,65.6,1.61
AB McDonald,2012,Royal Challengers Bengaluru,AR,Australia,right-hand-bat,right-arm-fast-medium,0,47,5,36,61,57.1,72.5,67.2,63.5,57.7,50.0,64.5,65.5,1.6
AD Russell,2012,Delhi Capitals,BOWL,West Indies,right-hand-bat,legbreak,0,47,1,27,98,50.0,63.6,50.0,70.8,67.8,60.6,61.7,64.8,1.52
JP Faulkner,2012,Punjab Kings,BOWL,Australia,right-hand-bat,left-arm-fast-medium,0,14,3,14,49,50.0,62.6,50.0,61.4,62.8,70.7,65.8,64.2,1.46
SD Chitnis,2012,Punjab Kings,BAT,India,right-hand-bat,right-arm-offbreak,0,66,0,64,0,64.2,50.0,50.0,50.0,56.4,50.0,50.0,64.2,1.46
LR Shukla,2012,Kolkata Knight Riders,BAT,India,right-hand-bat,right-arm-fast-medium,0,75,1,57,12,63.0,50.0,50.0,50.0,72.0,50.0,54.6,63.5,1.4
PA Reddy,2012,Sunrisers Hyderabad,BAT,India,right-hand-bat,unknown,0,73,0,63,0,63.1,50.0,73.0,50.0,50.0,50.0,50.0,63.1,1.36
CJ McKay,2012,Mumbai Indians,BOWL,Australia,right-hand-bat,right-arm-fast-medium,0,8,1,15,42,50.0,62.2,50.0,58.3,50.0,59.6,50.0,62.2,1.29
RJ Peterson,2012,Mumbai Indians,AR,South Africa,left-hand-bat,slow-left-arm-orthodox,0,32,3,32,48,57.3,62.5,50.0,57.3,65.4,60.8,71.8,61.8,1.27
Bipul Sharma,2012,Punjab Kings,AR,India,left-hand-bat,slow-left-arm-orthodox,0,72,0,47,48,65.3,56.6,50.0,50.0,78.7,50.0,50.0,61.4,1.24
CJ Ferguson,2012,Pune Warriors,BAT,Australia,right-hand-bat,right-arm-fast-medium,0,50,0,63,0,60.5,50.0,61.9,50.0,53.8,50.0,50.0,60.5,1.19
M de Lange,2012,Kolkata Knight Riders,BOWL,South Africa,right-hand-bat,right-arm-fast,0,0,3,0,64,50.0,59.6,50.0,71.9,50.0,59.2,56.7,60.3,1.18
AM Nayar,2012,Punjab Kings,BAT,India,left-hand-bat,right-arm-fast-medium,0,45,0,49,6,59.7,50.0,50.0,50.0,57.9,50.0,50.0,59.7,1.15
J Syed Mohammad,2012,Royal Challengers Bengaluru,BOWL,India,left-hand-bat,slow-left-arm-orthodox,0,4,0,1,43,50.0,59.4,50.0,50.0,50.0,50.0,50.0,59.4,1.13
UBT Chand,2012,Delhi Capitals,BAT,India,right-hand-bat,right-arm-offbreak,0,36,0,35,0,56.9,50.0,72.4,50.0,50.0,50.0,65.1,58.4,1.1
B Chipli,2012,Sunrisers Hyderabad,BAT,India,right-hand-bat,right-arm-fast-medium,0,37,0,35,0,57.3,50.0,50.0,50.0,61.9,50.0,50.0,57.3,1.06
PC Valthaty,2012,Punjab Kings,BAT,India,right-hand-bat,right-arm-fast-medium,0,30,0,52,6,54.8,50.0,68.2,50.0,50.0,50.0,65.2,56.3,1.04
AJ Finch,2012,Delhi Capitals,BAT,Australia,right-hand-bat,slow-left-arm-orthodox,0,55,0,52,0,55.7,50.0,67.0,50.0,50.0,50.0,50.0,55.7,1.03
AA Jhunjhunwala,2012,Sunrisers Hyderabad,AR,unknown,unknown,unknown,0,24,1,27,36,50.0,58.5,50.0,61.9,54.1,50.0,50.0,53.8,1.01
CA Pujara,2012,Royal Challengers Bengaluru,BAT,India,right-hand-bat,legbreak,0,17,0,23,0,50.0,50.0,64.9,50.0,50.0,50.0,60.3,51.0,1.0
TL Suman,2012,Mumbai Indians,BAT,India,right-hand-bat,right-arm-offbreak,0,15,0,19,0,50.0,50.0,63.7,50.0,50.0,50.0,58.3,50.8,1.0
RR Powar,2012,Punjab Kings,BOWL,India,right-hand-bat,right-arm-offbreak,0,0,0,0,18,50.0,50.0,50.0,50.0,50.0,50.0,57.4,50.7,1.0
PJ Sangwan,2012,Kolkata Knight Riders,BOWL,India,right-hand-bat,left-arm-fast-medium,0,0,1,0,25,50.0,50.0,50.0,50.0,50.0,50.0,55.5,50.6,1.0
RN ten Doeschate,2012,Kolkata Knight Riders,AR,Netherlands,right-hand-bat,right-arm-fast-medium,0,21,1,21,21,50.0,50.0,50.0,50.0,61.8,50.0,55.5,50.6,1.0
P Dogra,2012,Punjab Kings,BAT,India,right-hand-bat,legbreak,0,15,0,25,0,50.0,50.0,50.0,50.0,57.7,50.0,54.9,50.5,1.0
A Mithun,2012,Royal Challengers Bengaluru,BOWL,India,right-hand-bat,right-arm-fast-medium,0,0,0,0,19,50.0,50.0,50.0,58.7,50.0,50.0,50.0,50.0,1.0
AC Blizzard,2012,Mumbai Indians,BAT,Australia,left-hand-bat,left-arm-fast-medium,0,0,0,3,0,50.0,50.0,50.0,50.0,50.0,50.0,50.0,50.0,1.0
AG Murtaza,2012,Pune Warriors,BOWL,India,left-hand-bat,right-arm-fast,0,3,0,5,12,50.0,50.0,50.0,62.1,50.0,50.0,50.0,50.0,1.0
AN Ahmed,2012,Mumbai Indians,BOWL,Pakistan,right-hand-bat,right-arm-offbreak,0,0,0,0,13,50.0,50.0,50.0,57.7,50.0,50.0,50.0,50.0,1.0
AUK Pathan,2012,Royal Challengers Bengaluru,AR,Germany,right-hand-bat,right-arm-fast-medium,0,6,0,8,6,50.0,50.0,50.0,50.0,50.0,50.0,50.0,50.0,1.0
BB Samantray,2012,Sunrisers Hyderabad,BAT,India,right-hand-bat,right-arm-fast-medium,0,2,0,2,0,50.0,50.0,50.0,50.0,50.0,50.0,50.0,50.0,1.0
CA Lynn,2012,Sunrisers Hyderabad,BAT,Australia,right-hand-bat,slow-left-arm-orthodox,0,6,0,10,0,50.0,50.0,50.0,50.0,50.0,50.0,50.0,50.0,1.0
DAJ Bracewell,2012,Delhi Capitals,BOWL,New Zealand,right-hand-bat,right-arm-fast-medium,0,12,3,9,25,50.0,50.0,50.0,50.0,50.0,50.0,50.0,50.0,1.0
DB Ravi Teja,2012,Sunrisers Hyderabad,BAT,India,right-hand-bat,legbreak-googly,0,4,0,4,0,50.0,50.0,50.0,50.0,50.0,50.0,50.0,50.0,1.0
DH Yagnik,2012,Rajasthan Royals,WK,India,left-hand-bat,unknown,1,25,0,14,0,50.0,50.0,50.0,50.0,63.3,50.0,50.0,50.0,1.0
DJ Jacobs,2012,Mumbai Indians,WK,Thailand,right-hand-bat,right-arm-fast-medium,1,0,0,10,0,50.0,50.0,52.5,50.0,50.0,50.0,50.0,50.0,1.0
GJ Maxwell,2012,Delhi Capitals,AR,Australia,right-hand-bat,right-arm-offbreak,0,6,1,11,19,50.0,50.0,50.0,50.0,50.0,50.0,50.0,50.0,1.0
Harpreet Singh,2012,Pune Warriors,BAT,Germany,right-hand-bat,right-arm-fast-medium,0,6,0,6,0,50.0,50.0,50.0,50.0,50.0,50.0,50.0,50.0,1.0
IR Jaggi,2012,Sunrisers Hyderabad,BAT,India,right-hand-bat,legbreak-googly,0,15,0,22,0,50.0,50.0,50.0,50.0,54.9,50.0,50.0,50.0,1.0
JD Unadkat,2012,Kolkata Knight Riders,BOWL,India,right-hand-bat,left-arm-fast-medium,0,0,0,0,18,50.0,50.0,50.0,50.0,50.0,50.0,50.0,50.0,1.0
K Upadhyay,2012,Pune Warriors,BOWL,India,right-hand-bat,right-arm-fast-medium,0,11,0,8,24,50.0,50.0,50.0,55.3,50.0,50.0,50.0,50.0,1.0
LJ Wright,2012,Pune Warriors,BOWL,England,right-hand-bat,right-arm-fast-medium,0,0,0,0,12,50.0,50.0,50.0,50.0,50.0,50.0,50.0,50.0,1.0
M Kaif,2012,Royal Challengers Bengaluru,BAT,India,right-hand-bat,right-arm-offbreak,0,14,0,16,0,50.0,50.0,50.0,50.0,50.0,50.0,50.0,50.0,1.0
MD Mishra,2012,Pune Warriors,BAT,Hungary,unknown,unknown,0,4,0,4,0,50.0,50.0,50.0,50.0,50.0,50.0,50.0,50.0,1.0
NLTC Perera,2012,Mumbai Indians,AR,Sri Lanka,left-hand-bat,right-arm-fast-medium,0,4,0,12,15,50.0,50.0,50.0,50.0,53.1,50.0,50.0,50.0,1.0
R Shukla,2012,Mumbai Indians,BOWL,India,right-hand-bat,right-arm-fast-medium,0,0,0,0,19,50.0,50.0,50.0,50.0,50.0,50.0,50.0,50.0,1.0
RR Bhatkal,2012,Royal Challengers Bengaluru,BOWL,India,right-hand-bat,right-arm-fast-medium,0,0,0,2,12,50.0,50.0,50.0,50.0,50.0,50.0,50.0,50.0,1.0
S Anirudha,2012,Chennai Super Kings,BAT,India,right-hand-bat,unknown,0,19,0,9,0,50.0,50.0,50.0,50.0,50.0,50.0,50.0,50.0,1.0
S Aravind,2012,Royal Challengers Bengaluru,AR,India,left-hand-bat,left-arm-fast-medium,0,14,0,8,18,50.0,50.0,50.0,55.5,50.0,50.0,50.0,50.0,1.0
SA Yadav,2012,Mumbai Indians,WK,India,left-hand-bat,slow-left-arm-orthodox,1,0,0,4,0,50.0,50.0,50.0,50.0,50.0,50.0,50.0,50.0,1.0
Sunny Gupta,2012,Delhi Capitals,BOWL,Kenya,unknown,unknown,0,0,0,1,19,50.0,50.0,50.0,50.0,50.0,50.0,50.0,50.0,1.0
WP Saha,2012,Chennai Super Kings,WK,India,right-hand-bat,unknown,1,6,0,14,0,50.0,50.0,50.0,50.0,50.0,50.0,50.0,50.0,1.0
Harbhajan Singh,2013,Mumbai Indians,BOWL,India,right-hand-bat,right-arm-offbreak,0,116,24,82,430,65.8,96.5,50.0,76.0,68.2,75.2,85.6,99.0,20.0
JP Faulkner,2013,Rajasthan Royals,BOWL,Australia,right-hand-bat,left-arm-fast-medium,0,57,28,57,395,61.3,99.0,65.8,79.4,72.9,78.6,84.8,99.0,20.0
SP Narine,2013,Kolkata Knight Riders,BOWL,West Indies,left-hand-bat,right-arm-offbreak,0,21,22,20,387,50.0,97.7,50.0,82.7,65.8,79.7,85.3,99.0,20.0
A Mishra,2013,Sunrisers Hyderabad,BOWL,India,right-hand-bat,legbreak,0,89,21,103,376,71.6,94.1,50.0,50.0,75.4,77.7,83.2,97.4,18.2
CH Gayle,2013,Royal Challengers Bengaluru,BAT,West Indies,left-hand-bat,right-arm-offbreak,0,720,3,484,25,94.7,50.0,74.8,50.0,70.3,81.0,77.5,97.4,18.2
DJ Bravo,2013,Chennai Super Kings,BOWL,West Indies,left-hand-bat,right-arm-fast-medium,0,121,32,112,392,65.3,95.2,70.8,50.0,73.9,78.1,71.7,97.4,18.2
MM Sharma,2013,Chennai Super Kings,BOWL,India,left-hand-bat,slow-left-arm-orthodox,0,0,20,5,311,50.0,92.8,50.0,80.5,50.0,63.8,79.4,95.7,16.41
MG Johnson,2013,Mumbai Indians,BOWL,Australia,left-hand-bat,left-arm-fast,0,39,24,37,403,57.1,91.8,50.0,80.9,70.1,72.2,78.2,94.6,15.33
R Vinay Kumar,2013,Royal Challengers Bengaluru,BOWL,India,right-hand-bat,right-arm-offbreak,0,70,23,44,377,63.3,90.2,50.0,94.2,76.3,76.5,74.5,92.6,13.49
UT Yadav,2013,Delhi Capitals,BOWL,India,right-hand-bat,right-arm-fast,0,38,16,39,369,57.5,88.8,50.0,86.8,65.8,75.3,83.4,92.1,13.05
MEK Hussey,2013,Chennai Super Kings,BAT,Australia,left-hand-bat,right-arm-fast-medium,0,733,0,580,0,89.3,50.0,75.1,50.0,72.4,50.0,74.9,91.8,12.79
R Rampaul,2013,Royal Challengers Bengaluru,BOWL,West Indies,left-hand-bat,right-arm-fast-medium,0,38,15,39,241,60.6,89.0,50.0,87.8,76.9,69.4,77.7,91.8,12.79
DA Miller,2013,Punjab Kings,BAT,South Africa,left-hand-bat,right-arm-offbreak,0,418,0,257,0,88.3,50.0,50.0,50.0,78.9,50.0,81.0,91.4,12.46
KV Sharma,2013,Sunrisers Hyderabad,BOWL,India,right-hand-bat,right-arm-offbreak,0,85,11,89,211,72.4,87.8,50.0,65.8,73.6,77.8,83.9,91.2,12.29
MS Dhoni,2013,Chennai Super Kings,WK,India,right-hand-bat,right-arm-fast-medium,1,461,0,298,0,87.9,50.0,50.0,50.0,81.4,50.0,82.4,91.1,12.21
V Kohli,2013,Royal Challengers Bengaluru,BAT,India,right-hand-bat,right-arm-fast-medium,0,639,0,471,0,87.8,50.0,75.4,50.0,76.7,50.0,77.5,90.6,11.81
SK Raina,2013,Chennai Super Kings,BAT,India,left-hand-bat,right-arm-offbreak,0,548,1,370,12,86.7,50.0,74.2,50.0,84.1,50.0,72.4,88.9,10.51
SL Malinga,2013,Mumbai Indians,BOWL,Sri Lanka,right-hand-bat,right-arm-fast,0,9,20,19,402,50.0,86.1,50.0,77.2,56.7,78.1,76.8,88.8,10.43
DW Steyn,2013,Sunrisers Hyderabad,BOWL,South Africa,right-hand-bat,right-arm-fast,0,53,19,37,425,58.7,86.2,50.0,83.1,76.5,79.0,72.2,88.4,10.14
PP Ojha,2013,Mumbai Indians,BOWL,India,left-hand-bat,slow-left-arm-orthodox,0,2,16,4,318,50.0,84.6,50.0,73.5,50.0,80.0,84.4,88.0,9.86
DR Smith,2013,Mumbai Indians,WK,England,right-hand-bat,right-arm-fast-medium,1,418,2,351,32,85.1,56.4,75.7,50.0,50.0,50.0,77.0,87.8,9.72
B Kumar,2013,Pune Warriors,BOWL,India,right-hand-bat,right-arm-fast-medium,0,52,13,72,359,61.7,84.8,50.0,80.5,67.1,78.8,76.9,87.5,9.52
AJ Finch,2013,Pune Warriors,BAT,Australia,right-hand-bat,slow-left-arm-orthodox,0,456,1,344,24,84.5,50.0,77.6,50.0,56.0,50.0,77.7,87.3,9.38
R Dravid,2013,Rajasthan Royals,BAT,India,right-hand-bat,right-arm-offbreak,0,471,0,433,0,84.3,50.0,75.6,50.0,62.7,50.0,77.4,87.0,9.18
RV Uthappa,2013,Pune Warriors,WK,India,right-hand-bat,right-arm-fast-medium,1,434,0,385,0,84.0,50.0,78.1,50.0,50.0,50.0,77.7,86.8,9.05
KK Cooper,2013,Rajasthan Royals,BOWL,West Indies,right-hand-bat,right-arm-fast-medium,0,39,19,22,341,50.0,83.9,50.0,74.5,67.0,74.2,77.7,86.7,8.98
P Awana,2013,Punjab Kings,BOWL,India,right-hand-bat,right-arm-fast-medium,0,1,15,9,332,50.0,83.3,50.0,80.9,50.0,70.4,79.4,86.2,8.66
SR Watson,2013,Rajasthan Royals,AR,Australia,right-hand-bat,right-arm-fast-medium,0,543,13,393,256,84.4,81.9,76.1,80.8,74.5,77.0,77.2,86.0,8.53
R Ashwin,2013,Chennai Super Kings,BOWL,India,right-hand-bat,right-arm-offbreak,0,35,15,50,354,62.4,82.9,64.8,78.3,65.1,75.3,78.4,85.7,8.35
Sandeep Sharma,2013,Punjab Kings,BOWL,India,right-hand-bat,right-arm-fast-medium,0,0,8,1,98,50.0,83.3,50.0,87.4,50.0,66.4,74.2,85.7,8.35
R Sharma,2013,Pune Warriors,BOWL,Hong Kong,right-hand-bat,right-arm-fast-medium,0,11,9,17,247,50.0,82.2,50.0,81.6,62.9,74.0,82.3,85.4,8.16
I Sharma,2013,Sunrisers Hyderabad,BOWL,India,right-hand-bat,right-arm-fast-medium,0,0,15,0,374,50.0,82.6,50.0,79.4,50.0,79.5,75.7,85.2,8.04
DPMD Jayawardene,2013,Delhi Capitals,BAT,Sri Lanka,unknown,unknown,0,331,0,322,0,81.4,50.0,74.1,50.0,75.2,50.0,80.3,84.4,7.57
DA Warner,2013,Delhi Capitals,BAT,Australia,left-hand-bat,legbreak,0,410,0,333,0,81.9,50.0,75.9,50.0,84.2,50.0,74.1,84.3,7.52
RG Sharma,2013,Mumbai Indians,BAT,India,right-hand-bat,right-arm-fast-medium,0,538,0,415,9,82.1,50.0,73.8,50.0,81.0,50.0,71.4,84.2,7.46
SMSM Senanayake,2013,Kolkata Knight Riders,BOWL,Sri Lanka,right-hand-bat,right-arm-offbreak,0,10,9,17,195,50.0,81.5,50.0,81.3,52.8,72.2,77.3,84.2,7.46
G Gambhir,2013,Kolkata Knight Riders,BAT,India,left-hand-bat,legbreak,0,406,0,354,0,81.0,50.0,77.3,50.0,50.0,50.0,75.1,83.5,7.07
AC Gilchrist,2013,Punjab Kings,WK,Australia,left-hand-bat,right-arm-offbreak,1,294,1,234,1,80.4,50.0,77.6,50.0,50.0,50.0,77.4,83.1,6.86
SK Trivedi,2013,Rajasthan Royals,BOWL,India,left-hand-bat,right-arm-fast-medium,0,3,12,7,368,50.0,79.7,50.0,50.0,50.0,83.9,81.7,82.9,6.75
BJ Hodge,2013,Rajasthan Royals,BAT,Australia,right-hand-bat,right-arm-offbreak,0,293,0,224,6,79.8,50.0,50.0,50.0,76.8,50.0,77.4,82.5,6.54
S Dhawan,2013,Sunrisers Hyderabad,BAT,India,left-hand-bat,right-arm-offbreak,0,311,0,262,0,79.3,50.0,76.8,50.0,61.0,50.0,74.1,81.7,6.14
Iqbal Abdulla,2013,Kolkata Knight Riders,BOWL,India,left-hand-bat,slow-left-arm-orthodox,0,8,7,14,113,50.0,79.1,50.0,71.2,55.0,65.7,72.5,81.4,6.0
JH Kallis,2013,Kolkata Knight Riders,AR,South Africa,right-hand-bat,right-arm-fast-medium,0,311,16,327,329,71.7,86.2,75.5,79.9,59.7,77.6,81.8,81.4,6.0
KD Karthik,2013,Mumbai Indians,BAT,India,unknown,unknown,0,510,0,422,0,79.2,50.0,71.7,50.0,83.3,50.0,71.9,81.4,6.0
AM Rahane,2013,Rajasthan Royals,BAT,India,right-hand-bat,right-arm-fast-medium,0,488,0,472,0,78.7,50.0,74.0,50.0,69.5,50.0,74.6,81.2,5.9
YK Pathan,2013,Kolkata Knight Riders,BAT,India,right-hand-bat,right-arm-offbreak,0,332,1,247,55,78.4,66.7,72.1,68.2,72.9,50.0,76.0,81.0,5.81
NLTC Perera,2013,Sunrisers Hyderabad,AR,Sri Lanka,left-hand-bat,right-arm-fast-medium,0,235,19,173,369,71.7,85.6,50.0,80.7,76.7,72.7,78.5,80.8,5.72
Azhar Mahmood,2013,Punjab Kings,AR,Pakistan,right-hand-bat,right-arm-fast-medium,0,196,15,158,267,72.9,84.4,64.8,78.9,69.3,78.1,76.0,80.7,5.67
M Kartik,2013,Royal Challengers Bengaluru,BOWL,India,left-hand-bat,slow-left-arm-orthodox,0,2,9,3,241,50.0,77.8,50.0,62.8,50.0,80.2,78.9,80.7,5.67
KA Pollard,2013,Mumbai Indians,AR,West Indies,right-hand-bat,right-arm-fast-medium,0,420,10,290,197,85.6,66.8,50.0,50.0,77.8,71.1,83.4,80.5,5.58
P Kumar,2013,Punjab Kings,BOWL,Finland,right-hand-bat,right-arm-fast,0,47,12,41,354,61.8,78.3,50.0,77.4,77.9,77.5,72.4,80.5,5.58
EJG Morgan,2013,Kolkata Knight Riders,BAT,England,left-hand-bat,right-arm-fast-medium,0,307,0,250,0,77.8,50.0,65.0,50.0,77.5,50.0,76.3,80.4,5.54
MS Gony,2013,Punjab Kings,BOWL,India,right-hand-bat,right-arm-fast-medium,0,45,7,27,175,50.0,77.3,50.0,62.2,75.4,80.2,81.5,80.4,5.54
STR Binny,2013,Rajasthan Royals,AR,India,right-hand-bat,right-arm-fast-medium,0,293,6,204,149,77.2,78.3,50.0,50.0,67.0,67.0,76.4,80.3,5.49
SE Marsh,2013,Punjab Kings,BAT,Australia,left-hand-bat,slow-left-arm-orthodox,0,300,0,256,0,77.9,50.0,75.0,50.0,75.6,50.0,73.4,80.2,5.45
AB Dinda,2013,Pune Warriors,BOWL,India,right-hand-bat,right-arm-fast-medium,0,9,16,11,304,50.0,78.3,50.0,73.9,50.0,76.0,68.4,80.1,5.4
DS Kulkarni,2013,Mumbai Indians,BOWL,India,right-hand-bat,right-arm-fast-medium,0,0,8,0,119,50.0,78.2,50.0,76.8,50.0,86.1,68.1,80.0,5.36
S Kaul,2013,Delhi Capitals,BOWL,India,right-hand-bat,right-arm-fast-medium,0,7,4,9,133,50.0,77.9,50.0,80.6,50.0,86.8,70.0,79.9,5.32
A Nehra,2013,Delhi Capitals,BOWL,India,right-hand-bat,left-arm-fast-medium,0,1,11,8,221,50.0,77.1,50.0,73.2,50.0,71.8,77.2,79.8,5.27
L Balaji,2013,Kolkata Knight Riders,BOWL,India,right-hand-bat,right-arm-fast-medium,0,9,12,10,311,50.0,77.2,50.0,73.8,54.9,77.9,73.5,79.6,5.19
S Nadeem,2013,Delhi Capitals,BOWL,India,right-hand-bat,slow-left-arm-orthodox,0,14,9,27,267,50.0,77.7,50.0,60.3,61.6,69.6,68.9,79.6,5.19
SR Tendulkar,2013,Mumbai Indians,BAT,India,right-hand-bat,legbreak,0,287,0,243,0,76.9,50.0,75.9,50.0,50.0,50.0,73.0,79.2,5.02
RA Jadeja,2013,Chennai Super Kings,AR,India,left-hand-bat,slow-left-arm-orthodox,0,201,13,139,262,70.7,82.0,50.0,63.7,72.0,83.7,80.8,78.9,4.9
AB de Villiers,2013,Royal Challengers Bengaluru,WK,South Africa,right-hand-bat,right-arm-fast-medium,1,373,0,226,0,76.3,50.0,50.0,50.0,83.1,50.0,74.7,78.8,4.86
JD Unadkat,2013,Royal Challengers Bengaluru,BOWL,India,right-hand-bat,left-arm-fast-medium,0,2,13,2,299,50.0,76.9,50.0,79.7,50.0,77.6,69.4,78.8,4.86
MR Marsh,2013,Pune Warriors,AR,Australia,right-hand-bat,right-arm-fast-medium,0,140,7,109,122,71.5,81.3,50.0,50.4,73.7,69.1,76.8,78.6,4.78
MS Bisla,2013,Kolkata Knight Riders,WK,India,right-hand-bat,unknown,1,255,0,248,0,76.1,50.0,75.3,50.0,78.5,50.0,74.7,78.6,4.78
CH Morris,2013,Chennai Super Kings,BOWL,South Africa,right-hand-bat,right-arm-fast-medium,0,14,15,17,309,50.0,76.3,50.0,78.1,60.5,74.2,70.7,78.4,4.7
A Chandila,2013,Rajasthan Royals,BOWL,India,right-hand-bat,right-arm-offbreak,0,4,6,6,150,50.0,75.6,50.0,78.6,50.0,50.0,75.7,78.2,4.62
JA Morkel,2013,Chennai Super Kings,BOWL,South Africa,left-hand-bat,right-arm-fast-medium,0,46,7,37,149,58.5,75.2,50.0,72.6,67.1,62.8,78.4,78.0,4.55
RP Singh,2013,Royal Challengers Bengaluru,BOWL,India,right-hand-bat,left-arm-fast-medium,0,0,13,0,251,50.0,75.5,50.0,74.6,50.0,78.0,71.8,77.7,4.43
MC Henriques,2013,Royal Challengers Bengaluru,AR,Australia,right-hand-bat,right-arm-fast-medium,0,165,7,127,132,73.7,75.4,50.0,73.6,79.8,50.0,78.3,77.3,4.29
S Sreesanth,2013,Rajasthan Royals,BOWL,India,right-hand-bat,right-arm-fast-medium,0,1,5,4,136,50.0,74.6,50.0,73.7,50.0,74.7,73.7,77.0,4.18
V Sehwag,2013,Delhi Capitals,BAT,India,right-hand-bat,right-arm-offbreak,0,295,0,244,6,74.4,50.0,75.9,50.0,50.0,50.0,74.4,76.8,4.11
BAW Mendis,2013,Pune Warriors,BOWL,Sri Lanka,right-hand-bat,right-arm-offbreak,0,2,2,4,72,50.0,75.5,50.0,85.2,50.0,50.0,61.8,76.7,4.07
Harmeet Singh,2013,Punjab Kings,BOWL,Germany,left-hand-bat,right-arm-fast-medium,0,3,5,4,71,50.0,74.6,50.0,59.8,50.0,73.6,71.3,76.7,4.07
PP Chawla,2013,Punjab Kings,BOWL,India,left-hand-bat,legbreak,0,64,11,60,352,60.9,74.9,50.0,50.0,61.4,69.8,68.3,76.7,4.07
M Vijay,2013,Chennai Super Kings,BAT,India,right-hand-bat,right-arm-offbreak,0,312,0,293,0,74.3,50.0,74.6,50.0,61.8,50.0,71.6,76.5,4.01
AP Tare,2013,Mumbai Indians,WK,India,right-hand-bat,unknown,1,123,0,84,0,73.8,50.0,75.5,50.0,50.0,50.0,75.4,76.3,3.94
DJG Sammy,2013,Sunrisers Hyderabad,AR,West Indies,right-hand-bat,right-arm-fast-medium,0,174,8,136,138,72.5,77.0,50.0,57.2,75.5,75.2,67.4,76.3,3.94
PA Patel,2013,Sunrisers Hyderabad,WK,India,right-hand-bat,right-arm-fast,1,294,0,261,0,73.9,50.0,74.1,50.0,50.0,50.0,72.7,76.2,3.9
R Bhatia,2013,Kolkata Knight Riders,BOWL,United Arab Emirates,right-hand-bat,right-arm-fast-medium,0,99,11,81,266,72.1,74.3,50.0,50.0,77.2,77.5,69.0,76.2,3.9
M Morkel,2013,Delhi Capitals,BOWL,South Africa,left-hand-bat,right-arm-fast,0,57,7,30,247,62.0,73.1,50.0,74.9,81.3,69.1,77.6,75.9,3.81
WD Parnell,2013,Pune Warriors,BOWL,South Africa,left-hand-bat,left-arm-fast-medium,0,5,6,7,97,50.0,73.5,50.0,74.8,50.0,73.8,73.6,75.9,3.81
AT Rayudu,2013,Mumbai Indians,WK,India,right-hand-bat,right-arm-offbreak,1,265,0,235,0,73.6,50.0,74.4,50.0,76.5,50.0,71.7,75.8,3.77
DH Yagnik,2013,Rajasthan Royals,WK,India,left-hand-bat,unknown,1,125,0,99,0,74.4,50.0,50.0,50.0,82.0,50.0,59.9,75.4,3.65
Mandeep Singh,2013,Punjab Kings,BAT,India,right-hand-bat,right-arm-fast,0,260,0,228,0,73.1,50.0,74.8,50.0,61.1,50.0,72.1,75.3,3.62
Yuvraj Singh,2013,Pune Warriors,AR,India,left-hand-bat,slow-left-arm-orthodox,0,238,6,193,133,67.5,80.4,64.8,50.0,65.6,50.0,70.2,75.3,3.62
RE van der Merwe,2013,Delhi Capitals,BOWL,Netherlands,right-hand-bat,slow-left-arm-orthodox,0,22,3,25,67,50.0,74.6,50.0,69.6,50.0,50.0,50.0,74.6,3.4
SV Samson,2013,Rajasthan Royals,WK,India,right-hand-bat,unknown,1,206,0,179,0,72.1,50.0,73.4,50.0,66.7,50.0,75.4,74.6,3.4
Z Khan,2013,Royal Challengers Bengaluru,BOWL,India,right-hand-bat,left-arm-fast-medium,0,0,5,0,38,50.0,73.3,50.0,84.5,50.0,50.0,61.5,74.4,3.35
IK Pathan,2013,Delhi Capitals,AR,India,left-hand-bat,left-arm-fast-medium,0,153,10,159,315,71.0,73.1,58.8,76.0,73.5,73.5,73.6,74.3,3.32
DP Nannes,2013,Chennai Super Kings,BOWL,Australia,right-hand-bat,left-arm-fast,0,0,4,0,126,50.0,71.6,50.0,77.1,50.0,70.3,75.3,74.1,3.26
AG Murtaza,2013,Pune Warriors,BOWL,India,left-hand-bat,right-arm-fast,0,5,3,4,62,50.0,72.6,50.0,50.0,50.0,50.0,63.1,73.9,3.2
BB Samantray,2013,Sunrisers Hyderabad,BAT,India,right-hand-bat,right-arm-fast-medium,0,123,0,114,0,72.8,50.0,71.2,50.0,76.1,50.0,58.5,73.6,3.12
CL White,2013,Sunrisers Hyderabad,BAT,Australia,right-hand-bat,legbreak-googly,0,226,1,200,12,70.8,50.0,65.5,50.0,80.8,50.0,74.9,73.3,3.04
VS Malik,2013,Rajasthan Royals,BOWL,India,right-hand-bat,right-arm-fast-medium,0,0,2,0,61,50.0,69.9,50.0,80.7,50.0,50.0,81.8,73.1,2.99
AD Mathews,2013,Pune Warriors,AR,Sri Lanka,right-hand-bat,right-arm-fast-medium,0,172,5,141,188,69.9,72.5,50.0,81.0,78.6,76.7,68.6,72.9,2.94
GH Vihari,2013,Sunrisers Hyderabad,BAT,India,unknown,unknown,0,241,1,287,37,70.1,54.9,68.9,56.2,71.3,50.0,77.4,72.8,2.91
M Muralitharan,2013,Royal Challengers Bengaluru,BOWL,Sri Lanka,right-hand-bat,right-arm-offbreak,0,0,3,0,141,50.0,70.9,50.0,65.6,50.0,57.6,68.9,72.8,2.91
PA Reddy,2013,Sunrisers Hyderabad,BAT,India,right-hand-bat,unknown,0,91,0,104,0,70.1,50.0,75.2,50.0,50.0,50.0,75.7,72.7,2.89
UBT Chand,2013,Delhi Capitals,BAT,India,right-hand-bat,right-arm-offbreak,0,158,0,163,0,70.1,50.0,71.7,50.0,50.0,50.0,75.9,72.7,2.89
DJ Hussey,2013,Punjab Kings,BAT,Australia,right-hand-bat,right-arm-offbreak,0,235,0,210,68,70.8,63.1,78.8,59.9,61.6,56.3,67.5,72.6,2.86
R Dhawan,2013,Mumbai Indians,BOWL,India,right-hand-bat,right-arm-fast-medium,0,21,2,21,95,50.0,71.3,50.0,85.5,59.7,66.3,58.2,72.1,2.74
KM Jadhav,2013,Delhi Capitals,BAT,India,right-hand-bat,right-arm-offbreak,0,152,0,127,0,71.0,50.0,50.0,50.0,75.4,50.0,58.9,71.9,2.7
M Vohra,2013,Punjab Kings,BAT,India,right-hand-bat,right-arm-fast-medium,0,161,0,117,0,71.4,50.0,75.3,50.0,50.0,50.0,53.6,71.8,2.67
CA Pujara,2013,Royal Challengers Bengaluru,BAT,India,right-hand-bat,legbreak,0,92,0,100,0,68.8,50.0,72.5,50.0,50.0,50.0,72.1,71.0,2.5
Gurkeerat Singh,2013,Punjab Kings,BAT,India,right-hand-bat,right-arm-offbreak,0,108,0,98,0,70.1,50.0,67.8,50.0,72.3,50.0,58.7,71.0,2.5
MK Tiwary,2013,Kolkata Knight Riders,BAT,India,right-hand-bat,legbreak-googly,0,146,0,142,0,69.7,50.0,58.2,50.0,75.1,50.0,61.5,70.9,2.47
B Lee,2013,Kolkata Knight Riders,BOWL,Australia,right-hand-bat,right-arm-fast,0,21,4,12,75,50.0,68.5,50.0,74.1,50.0,66.0,66.5,70.2,2.33
TM Dilshan,2013,Royal Challengers Bengaluru,BAT,Sri Lanka,right-hand-bat,right-arm-offbreak,0,76,0,97,6,67.7,50.0,72.9,50.0,50.0,50.0,75.5,70.2,2.33
A Ashish Reddy,2013,Sunrisers Hyderabad,AR,India,right-hand-bat,right-arm-offbreak,0,125,3,90,41,73.7,60.1,50.0,50.0,79.0,59.7,74.5,70.0,2.29
KC Sangakkara,2013,Sunrisers Hyderabad,WK,Sri Lanka,left-hand-bat,right-arm-offbreak,1,120,0,137,0,67.6,50.0,73.3,50.0,50.0,50.0,72.2,69.8,2.25
MA Agarwal,2013,Royal Challengers Bengaluru,BAT,India,right-hand-bat,unknown,0,67,0,64,0,67.6,50.0,77.2,50.0,50.0,50.0,70.3,69.6,2.22
SPD Smith,2013,Pune Warriors,BAT,Australia,right-hand-bat,right-arm-offbreak,0,159,0,134,0,69.6,50.0,57.8,50.0,82.2,50.0,50.0,69.6,2.22
SS Tiwary,2013,Royal Challengers Bengaluru,BAT,India,left-hand-bat,unknown,0,109,0,113,0,68.5,50.0,62.4,50.0,65.4,50.0,61.3,69.6,2.22
R Sathish,2013,Punjab Kings,BAT,India,right-hand-bat,right-arm-fast-medium,0,109,0,79,24,68.2,50.0,50.0,50.0,70.4,53.6,62.3,69.4,2.18
JO Holder,2013,Chennai Super Kings,BOWL,West Indies,right-hand-bat,right-arm-fast-medium,0,0,2,0,125,50.0,67.1,50.0,72.5,50.0,50.0,71.0,69.2,2.14
MC Juneja,2013,Delhi Capitals,BAT,India,right-hand-bat,right-arm-offbreak,0,125,0,134,0,68.5,50.0,62.8,50.0,57.9,50.0,56.9,69.2,2.14
RJ Harris,2013,Punjab Kings,BOWL,Australia,right-hand-bat,right-arm-fast,0,2,1,5,74,50.0,68.9,50.0,73.3,50.0,69.2,50.0,68.9,2.09
LJ Wright,2013,Pune Warriors,AR,England,right-hand-bat,right-arm-fast-medium,0,106,2,63,63,69.2,65.8,50.0,50.0,86.4,66.3,61.7,68.8,2.07
MM Patel,2013,Mumbai Indians,BOWL,England,right-hand-bat,right-arm-fast-medium,0,0,3,0,91,50.0,67.2,50.0,72.3,50.0,71.2,63.2,68.5,2.02
MK Pandey,2013,Pune Warriors,BAT,India,right-hand-bat,right-arm-fast-medium,0,136,0,139,0,66.9,50.0,68.1,50.0,75.5,50.0,65.1,68.4,2.01
R Shukla,2013,Rajasthan Royals,BOWL,India,right-hand-bat,right-arm-fast-medium,0,1,3,2,53,50.0,65.4,50.0,72.6,50.0,50.0,75.1,67.9,1.93
RN ten Doeschate,2013,Kolkata Knight Riders,BAT,Netherlands,right-hand-bat,right-arm-fast-medium,0,85,0,63,18,66.0,50.0,50.0,50.0,70.9,50.0,68.6,67.9,1.93
J Botha,2013,Delhi Capitals,AR,South Africa,right-hand-bat,right-arm-offbreak,0,43,5,52,102,58.3,77.9,72.0,68.1,53.4,50.0,56.3,67.8,1.91
S Badrinath,2013,Chennai Super Kings,BAT,India,right-hand-bat,right-arm-offbreak,0,124,0,123,0,66.0,50.0,56.0,50.0,50.0,50.0,64.4,67.4,1.85
JJ Bumrah,2013,Mumbai Indians,BOWL,India,right-hand-bat,right-arm-fast,0,0,3,0,45,50.0,65.3,50.0,60.7,50.0,50.0,67.7,67.1,1.81
LRPL Taylor,2013,Pune Warriors,BAT,New Zealand,unknown,unknown,0,63,0,77,0,65.4,50.0,50.0,50.0,50.0,50.0,61.6,66.6,1.74
J Syed Mohammad,2013,Royal Challengers Bengaluru,BOWL,India,left-hand-bat,slow-left-arm-orthodox,0,10,3,13,62,50.0,64.7,50.0,50.0,50.0,50.0,67.5,66.4,1.71
KW Richardson,2013,Pune Warriors,AR,Australia,right-hand-bat,right-arm-fast-medium,0,34,2,36,73,58.4,76.1,50.0,81.8,64.2,79.0,50.0,66.4,1.71
Anand Rajan,2013,Sunrisers Hyderabad,BOWL,India,right-hand-bat,right-arm-fast-medium,0,0,2,0,51,50.0,66.2,50.0,76.4,50.0,60.2,50.0,66.2,1.69
WP Saha,2013,Chennai Super Kings,WK,India,right-hand-bat,unknown,1,70,0,57,0,64.8,50.0,77.2,50.0,50.0,50.0,59.5,65.8,1.64
PV Tambe,2013,Rajasthan Royals,BOWL,India,right-hand-bat,legbreak,0,3,1,6,69,50.0,65.4,50.0,50.0,50.0,50.0,50.0,65.4,1.59
AM Nayar,2013,Pune Warriors,AR,India,left-hand-bat,right-arm-fast-medium,0,66,2,74,50,61.7,67.3,50.0,50.0,61.3,50.0,60.0,65.2,1.57
AN Ahmed,2013,Mumbai Indians,BOWL,Pakistan,right-hand-bat,right-arm-offbreak,0,0,3,0,42,50.0,63.4,50.0,65.0,50.0,50.0,59.9,64.4,1.48
AA Chavan,2013,Rajasthan Royals,BOWL,India,left-hand-bat,slow-left-arm-orthodox,0,0,1,0,56,50.0,62.9,50.0,75.1,50.0,50.0,61.9,64.1,1.45
AB Agarkar,2013,Delhi Capitals,BOWL,India,right-hand-bat,right-arm-fast,0,12,0,16,63,50.0,63.9,50.0,50.0,50.0,63.5,50.0,63.9,1.43
DB Das,2013,Kolkata Knight Riders,WK,India,right-hand-bat,legbreak-googly,1,75,0,76,0,62.8,50.0,50.0,50.0,59.3,50.0,58.7,63.7,1.42
BJ Rohrer,2013,Delhi Capitals,BAT,Australia,left-hand-bat,unknown,0,193,0,146,7,62.1,50.0,50.0,50.0,76.5,50.0,62.6,63.4,1.39
Mohammed Shami,2013,Kolkata Knight Riders,BOWL,India,right-hand-bat,right-arm-fast,0,5,1,10,57,50.0,61.8,50.0,65.9,54.1,50.0,57.0,62.5,1.32
RT Ponting,2013,Mumbai Indians,BAT,Australia,right-hand-bat,right-arm-fast-medium,0,52,0,76,0,60.1,50.0,69.7,50.0,50.0,50.0,68.3,61.9,1.27
TL Suman,2013,Pune Warriors,BAT,India,right-hand-bat,right-arm-offbreak,0,52,1,58,12,61.9,50.0,72.8,50.0,50.0,50.0,50.0,61.9,1.27
B Laughlin,2013,Chennai Super Kings,BOWL,Australia,right-hand-bat,right-arm-fast-medium,0,4,1,9,45,50.0,61.6,50.0,50.0,50.0,62.5,50.0,61.6,1.25
R McLaren,2013,Kolkata Knight Riders,BOWL,South Africa,left-hand-bat,right-arm-fast-medium,0,3,3,6,46,50.0,59.2,50.0,68.5,50.0,60.8,72.1,61.4,1.24
Parvez Rasool,2013,Pune Warriors,BOWL,India,right-hand-bat,right-arm-offbreak,0,5,1,9,30,50.0,61.3,50.0,50.0,50.0,50.0,50.0,61.3,1.23
CM Gautam,2013,Delhi Capitals,WK,India,right-hand-bat,unknown,1,44,0,37,0,60.4,50.0,50.0,50.0,63.9,50.0,56.9,61.1,1.22
SW Tait,2013,Rajasthan Royals,BOWL,Australia,right-hand-bat,right-arm-fast,0,1,1,3,70,50.0,59.5,50.0,68.9,50.0,55.8,61.4,60.6,1.19
LA Pomersbach,2013,Punjab Kings,BAT,Australia,left-hand-bat,right-arm-offbreak,0,58,0,60,0,58.6,50.0,60.1,50.0,58.8,50.0,65.1,60.1,1.17
AD Russell,2013,Delhi Capitals,BOWL,West Indies,right-hand-bat,legbreak,0,11,0,15,44,50.0,59.2,50.0,50.0,60.7,60.6,50.0,59.2,1.13
BA Bhatt,2013,Punjab Kings,BOWL,India,left-hand-bat,slow-left-arm-orthodox,0,0,1,0,31,50.0,58.7,50.0,50.0,50.0,50.0,50.0,58.7,1.11
KB Arun Karthik,2013,Royal Challengers Bengaluru,BAT,India,unknown,unknown,0,41,0,40,0,57.5,50.0,50.0,50.0,66.9,50.0,50.0,57.5,1.07
K Upadhyay,2013,Pune Warriors,BOWL,India,right-hand-bat,right-arm-fast-medium,0,1,0,1,32,50.0,56.4,50.0,68.0,50.0,50.0,56.2,57.0,1.06
DT Christian,2013,Royal Challengers Bengaluru,BOWL,Australia,right-hand-bat,right-arm-fast-medium,0,6,0,16,38,50.0,56.4,50.0,65.0,50.0,50.0,55.2,56.9,1.05
BMAJ Mendis,2013,Delhi Capitals,AR,Sri Lanka,left-hand-bat,legbreak,0,23,1,27,30,50.0,58.6,50.0,50.0,50.0,50.0,50.0,53.9,1.01
GJ Maxwell,2013,Mumbai Indians,AR,Australia,right-hand-bat,right-arm-offbreak,0,36,0,27,12,50.0,50.0,63.5,50.0,50.0,50.0,61.6,51.2,1.0
IC Pandey,2013,Pune Warriors,BOWL,Nepal,right-hand-bat,right-arm-fast-medium,0,0,1,2,25,50.0,50.0,50.0,58.6,50.0,50.0,61.2,51.1,1.0
MDKJ Perera,2013,Rajasthan Royals,BAT,Sri Lanka,unknown,unknown,0,14,0,13,0,50.0,50.0,61.1,50.0,50.0,50.0,59.6,51.0,1.0
MN Samuels,2013,Pune Warriors,AR,West Indies,right-hand-bat,right-arm-offbreak,0,8,1,18,25,50.0,50.0,50.0,58.6,50.0,50.0,60.1,51.0,1.0
Harmeet Singh,2013,Rajasthan Royals,BOWL,Germany,left-hand-bat,right-arm-fast-medium,0,0,1,0,25,50.0,50.0,50.0,54.2,50.0,50.0,58.0,50.8,1.0
KL Rahul,2013,Royal Challengers Bengaluru,WK,India,unknown,unknown,1,20,0,16,0,50.0,50.0,61.0,50.0,50.0,50.0,56.3,50.6,1.0
PJ Sangwan,2013,Kolkata Knight Riders,BOWL,India,right-hand-bat,left-arm-fast-medium,0,4,0,2,26,50.0,50.0,50.0,57.6,50.0,50.0,56.1,50.6,1.0
A Mithun,2013,Royal Challengers Bengaluru,BOWL,India,right-hand-bat,right-arm-fast-medium,0,2,1,2,25,50.0,50.0,50.0,58.7,50.0,50.0,50.0,50.0,1.0
A Mukund,2013,Royal Challengers Bengaluru,BAT,India,left-hand-bat,legbreak-googly,0,19,0,22,0,50.0,50.0,64.7,50.0,50.0,50.0,50.0,50.0,1.0
AB McDonald,2013,Royal Challengers Bengaluru,BOWL,Australia,right-hand-bat,right-arm-fast-medium,0,0,1,2,12,50.0,50.0,50.0,50.0,50.0,50.0,50.0,50.0,1.0
AD Mascarenhas,2013,Punjab Kings,BOWL,England,right-hand-bat,right-arm-fast-medium,0,5,0,5,24,50.0,50.0,50.0,60.2,50.0,50.0,50.0,50.0,1.0
AL Menaria,2013,Rajasthan Royals,BAT,India,left-hand-bat,slow-left-arm-orthodox,0,1,0,2,0,50.0,50.0,50.0,50.0,50.0,50.0,50.0,50.0,1.0
AS Rajpoot,2013,Chennai Super Kings,BOWL,India,right-hand-bat,right-arm-fast-medium,0,2,1,6,25,50.0,50.0,50.0,72.2,50.0,50.0,50.0,50.0,1.0
Ankit Sharma,2013,Sunrisers Hyderabad,BOWL,India,left-hand-bat,slow-left-arm-orthodox,0,0,0,0,12,50.0,50.0,50.0,50.0,50.0,50.0,50.0,50.0,1.0
B Chipli,2013,Delhi Capitals,BAT,India,right-hand-bat,right-arm-fast-medium,0,16,0,19,0,50.0,50.0,65.4,50.0,50.0,50.0,50.0,50.0,1.0
BB McCullum,2013,Kolkata Knight Riders,WK,New Zealand,right-hand-bat,right-arm-offbreak,1,6,0,7,0,50.0,50.0,50.0,50.0,50.0,50.0,50.0,50.0,1.0
Bipul Sharma,2013,Punjab Kings,BOWL,India,left-hand-bat,slow-left-arm-orthodox,0,0,1,0,24,50.0,50.0,50.0,50.0,50.0,50.0,50.0,50.0,1.0
DB Ravi Teja,2013,Sunrisers Hyderabad,BAT,India,right-hand-bat,legbreak-googly,0,14,0,18,0,50.0,50.0,50.0,50.0,50.0,50.0,50.0,50.0,1.0
GB Hogg,2013,Rajasthan Royals,BOWL,Australia,left-hand-bat,slow-left-arm-orthodox,0,0,0,0,21,50.0,50.0,50.0,50.0,50.0,50.0,50.0,50.0,1.0
JDP Oram,2013,Mumbai Indians,BOWL,New Zealand,left-hand-bat,right-arm-fast-medium,0,0,0,0,26,50.0,50.0,50.0,50.0,50.0,60.8,50.0,50.0,1.0
KK Nair,2013,Royal Challengers Bengaluru,BAT,India,right-hand-bat,right-arm-offbreak,0,9,0,12,0,50.0,50.0,50.0,50.0,50.0,50.0,50.0,50.0,1.0
LR Shukla,2013,Kolkata Knight Riders,AR,India,right-hand-bat,right-arm-fast-medium,0,3,1,13,18,50.0,50.0,50.0,50.0,50.0,50.0,50.0,50.0,1.0
M Manhas,2013,Pune Warriors,BAT,India,right-hand-bat,right-arm-offbreak,0,13,0,17,0,50.0,50.0,50.0,50.0,50.9,50.0,50.0,50.0,1.0
M Rawat,2013,Pune Warriors,WK,India,right-hand-bat,unknown,1,5,0,11,0,50.0,50.0,50.0,50.0,50.0,50.0,50.0,50.0,1.0
MG Neser,2013,Punjab Kings,BOWL,Australia,right-hand-bat,right-arm-fast-medium,0,0,0,0,25,50.0,50.0,50.0,50.0,50.0,54.7,50.0,50.0,1.0
NM Coulter-Nile,2013,Mumbai Indians,BOWL,Australia,right-hand-bat,right-arm-fast,0,9,1,6,25,50.0,50.0,50.0,68.0,50.0,50.0,50.0,50.0,1.0
NV Ojha,2013,Delhi Capitals,WK,India,right-hand-bat,unknown,1,9,0,10,0,50.0,50.0,50.0,50.0,50.0,50.0,50.0,50.0,1.0
OA Shah,2013,Rajasthan Royals,BAT,England,right-hand-bat,legbreak-googly,0,25,0,24,0,50.0,50.0,50.0,50.0,60.5,50.0,50.0,50.0,1.0
P Dogra,2013,Kolkata Knight Riders,BAT,India,right-hand-bat,legbreak,0,5,0,8,0,50.0,50.0,50.0,50.0,50.0,50.0,50.0,50.0,1.0
P Negi,2013,Delhi Capitals,BOWL,India,left-hand-bat,slow-left-arm-orthodox,0,0,0,0,26,50.0,50.0,50.0,50.0,50.0,50.0,50.0,50.0,1.0
P Suyal,2013,Mumbai Indians,BOWL,India,right-hand-bat,left-arm-fast-medium,0,0,1,0,19,50.0,50.0,50.0,71.7,50.0,50.0,50.0,50.0,1.0
PC Valthaty,2013,Punjab Kings,BAT,India,right-hand-bat,right-arm-fast-medium,0,6,0,17,0,50.0,50.0,50.0,50.0,50.0,50.0,50.0,50.0,1.0
Q de Kock,2013,Sunrisers Hyderabad,WK,South Africa,left-hand-bat,unknown,1,6,0,16,0,50.0,50.0,52.8,50.0,50.0,50.0,50.0,50.0,1.0
RV Gomez,2013,Pune Warriors,BOWL,India,right-hand-bat,right-arm-fast-medium,0,4,0,1,6,50.0,50.0,50.0,50.0,50.0,50.0,50.0,50.0,1.0
S Anirudha,2013,Chennai Super Kings,BAT,India,right-hand-bat,unknown,0,0,0,2,0,50.0,50.0,50.0,50.0,50.0,50.0,50.0,50.0,1.0
S Badree,2013,Rajasthan Royals,BOWL,West Indies,right-hand-bat,legbreak,0,0,0,0,25,50.0,50.0,50.0,62.4,50.0,50.0,50.0,50.0,1.0
S Ladda,2013,Kolkata Knight Riders,BOWL,India,right-hand-bat,legbreak,0,0,1,0,12,50.0,50.0,50.0,50.0,50.0,50.0,50.0,50.0,1.0
S Narwal,2013,Kolkata Knight Riders,AR,India,left-hand-bat,right-arm-fast-medium,0,23,0,16,14,50.0,50.0,50.0,62.2,68.3,50.0,50.0,50.0,1.0
Sachin Baby,2013,Rajasthan Royals,BAT,India,left-hand-bat,right-arm-offbreak,0,3,0,7,0,50.0,50.0,50.0,50.0,50.0,50.0,50.0,50.0,1.0
UA Birla,2013,Pune Warriors,BAT,India,right-hand-bat,right-arm-fast-medium,0,7,0,15,0,50.0,50.0,50.0,50.0,50.0,50.0,50.0,50.0,1.0
X Thalaivan Sargunam,2013,Sunrisers Hyderabad,BAT,unknown,unknown,unknown,0,10,0,17,0,50.0,50.0,50.0,50.0,50.0,50.0,50.0,50.0,1.0
YS Chahal,2013,Mumbai Indians,BOWL,India,right-hand-bat,legbreak-googly,0,0,0,0,24,50.0,50.0,50.0,50.0,50.0,50.0,50.0,50.0,1.0
SP Narine,2014,Kolkata Knight Riders,BOWL,West Indies,left-hand-bat,right-arm-offbreak,0,10,21,15,392,50.0,95.0,50.0,94.7,51.9,80.0,80.5,98.0,18.86
RV Uthappa,2014,Kolkata Knight Riders,WK,India,right-hand-bat,right-arm-fast-medium,1,660,0,485,0,95.0,50.0,79.9,50.0,82.0,50.0,76.9,97.7,18.53
MM Sharma,2014,Chennai Super Kings,BOWL,India,left-hand-bat,slow-left-arm-orthodox,0,1,23,3,324,50.0,93.3,50.0,76.3,50.0,79.2,84.0,96.7,17.45
GJ Maxwell,2014,Punjab Kings,BAT,Australia,right-hand-bat,right-arm-offbreak,0,552,1,312,70,93.1,60.6,76.8,50.0,83.1,50.0,73.2,95.4,16.11
DR Smith,2014,Chennai Super Kings,WK,England,right-hand-bat,right-arm-fast-medium,1,566,4,425,62,91.2,62.1,76.6,50.0,67.0,53.1,80.2,94.2,14.95
SL Malinga,2014,Mumbai Indians,BOWL,Sri Lanka,right-hand-bat,right-arm-fast,0,2,16,4,243,50.0,90.3,50.0,78.8,50.0,84.4,84.3,93.7,14.48
Imran Tahir,2014,Delhi Capitals,BOWL,South Africa,right-hand-bat,legbreak-googly,0,8,9,10,131,50.0,90.2,50.0,50.0,50.0,83.0,73.4,92.5,13.4
B Kumar,2014,Sunrisers Hyderabad,BOWL,India,right-hand-bat,right-arm-fast-medium,0,1,20,4,327,50.0,89.6,50.0,79.4,50.0,83.6,74.5,92.0,12.97
DA Warner,2014,Sunrisers Hyderabad,BAT,Australia,left-hand-bat,legbreak,0,528,0,386,0,89.0,50.0,78.8,50.0,84.2,50.0,75.1,91.5,12.54
Sandeep Sharma,2014,Punjab Kings,BOWL,India,right-hand-bat,right-arm-fast-medium,0,2,18,5,255,50.0,87.6,50.0,77.7,50.0,76.5,79.1,90.5,11.73
RA Jadeja,2014,Chennai Super Kings,BOWL,India,left-hand-bat,slow-left-arm-orthodox,0,146,19,113,332,71.4,87.1,50.0,50.0,68.5,78.7,80.7,90.2,11.49
AR Patel,2014,Punjab Kings,BOWL,India,right-hand-bat,right-arm-fast-medium,0,62,17,61,403,63.1,86.9,50.0,73.1,71.5,76.9,78.7,89.8,11.18
LMP Simmons,2014,Mumbai Indians,BAT,West Indies,right-hand-bat,right-arm-fast-medium,0,394,1,299,18,86.7,50.0,79.7,50.0,62.1,57.4,78.8,89.6,11.03
KV Sharma,2014,Sunrisers Hyderabad,BOWL,India,right-hand-bat,right-arm-offbreak,0,42,15,30,307,58.8,86.4,50.0,80.4,77.4,80.1,79.4,89.3,10.8
AB de Villiers,2014,Royal Challengers Bengaluru,WK,South Africa,right-hand-bat,right-arm-fast-medium,1,395,0,255,0,86.4,50.0,63.9,50.0,85.4,50.0,77.5,89.2,10.73
VR Aaron,2014,Royal Challengers Bengaluru,BOWL,India,right-hand-bat,right-arm-fast,0,35,16,34,238,59.6,86.1,50.0,80.9,77.0,77.6,80.6,89.2,10.73
MS Dhoni,2014,Chennai Super Kings,WK,India,right-hand-bat,right-arm-fast-medium,1,371,0,258,0,84.7,50.0,50.0,50.0,78.0,50.0,90.2,88.7,10.36
Harbhajan Singh,2014,Mumbai Indians,BOWL,India,right-hand-bat,right-arm-offbreak,0,28,14,26,336,50.0,84.9,50.0,81.0,70.2,74.4,80.0,87.9,9.79
R Ashwin,2014,Chennai Super Kings,BOWL,India,right-hand-bat,right-arm-offbreak,0,45,16,48,379,62.7,83.7,50.0,83.5,71.3,70.3,81.1,86.8,9.05
SK Raina,2014,Chennai Super Kings,BAT,India,left-hand-bat,right-arm-offbreak,0,523,1,370,109,84.2,68.7,75.8,50.0,69.2,65.6,73.9,86.6,8.92
PV Tambe,2014,Rajasthan Royals,BOWL,India,right-hand-bat,legbreak,0,5,15,9,304,50.0,82.8,50.0,67.9,50.0,76.4,79.7,85.8,8.41
JP Faulkner,2014,Rajasthan Royals,BOWL,Australia,right-hand-bat,left-arm-fast-medium,0,181,11,99,278,76.3,82.9,50.0,86.2,80.0,73.9,77.8,85.7,8.35
MK Pandey,2014,Kolkata Knight Riders,BAT,India,right-hand-bat,right-arm-fast-medium,0,409,0,359,0,82.6,50.0,75.6,50.0,66.1,50.0,78.3,85.4,8.16
JP Duminy,2014,Delhi Capitals,AR,South Africa,left-hand-bat,right-arm-offbreak,0,410,3,311,204,88.9,71.5,63.3,70.3,81.2,57.2,91.2,85.2,8.04
M Morkel,2014,Kolkata Knight Riders,BOWL,South Africa,left-hand-bat,right-arm-fast,0,4,12,4,305,50.0,81.6,50.0,77.0,50.0,71.5,78.5,84.4,7.57
YS Chahal,2014,Royal Challengers Bengaluru,BOWL,India,right-hand-bat,legbreak-googly,0,1,12,2,333,50.0,81.2,50.0,50.0,50.0,72.7,78.9,84.1,7.4
MG Johnson,2014,Punjab Kings,BOWL,Australia,left-hand-bat,left-arm-fast,0,56,17,51,340,60.6,81.5,50.0,76.6,70.4,75.6,73.9,83.9,7.29
R Bhatia,2014,Rajasthan Royals,BOWL,United Arab Emirates,right-hand-bat,right-arm-fast-medium,0,67,12,55,232,64.7,80.5,50.0,50.0,79.3,56.7,81.8,83.7,7.18
DA Miller,2014,Punjab Kings,BAT,South Africa,left-hand-bat,right-arm-offbreak,0,446,0,307,0,81.1,50.0,61.9,50.0,79.7,50.0,74.9,83.6,7.13
JD Unadkat,2014,Delhi Capitals,BOWL,India,right-hand-bat,left-arm-fast-medium,0,1,9,6,189,50.0,80.6,50.0,81.2,50.0,73.1,80.4,83.6,7.13
M Vohra,2014,Punjab Kings,BAT,India,right-hand-bat,right-arm-fast-medium,0,324,0,244,0,80.7,50.0,79.2,50.0,50.0,50.0,76.7,83.4,7.02
AM Rahane,2014,Rajasthan Royals,BAT,India,right-hand-bat,right-arm-fast-medium,0,339,0,298,0,80.6,50.0,77.6,50.0,75.3,50.0,76.6,83.3,6.96
MA Starc,2014,Royal Challengers Bengaluru,BOWL,Australia,left-hand-bat,left-arm-fast,0,85,14,84,340,74.6,80.7,50.0,76.3,74.5,79.7,75.2,83.2,6.91
AJ Finch,2014,Sunrisers Hyderabad,BAT,Australia,right-hand-bat,slow-left-arm-orthodox,0,309,0,268,0,80.5,50.0,78.7,50.0,75.0,50.0,76.4,83.1,6.86
WP Saha,2014,Punjab Kings,WK,India,right-hand-bat,unknown,1,362,0,255,0,80.7,50.0,76.5,50.0,82.2,50.0,72.8,83.0,6.8
PP Chawla,2014,Kolkata Knight Riders,BOWL,India,left-hand-bat,legbreak,0,31,14,20,238,50.0,80.1,50.0,50.0,62.0,79.3,75.6,82.7,6.65
S Nadeem,2014,Delhi Capitals,BOWL,India,right-hand-bat,slow-left-arm-orthodox,0,7,8,20,235,50.0,79.6,50.0,73.4,50.0,96.4,78.7,82.5,6.54
R Dhawan,2014,Punjab Kings,BOWL,India,right-hand-bat,right-arm-fast-medium,0,82,13,75,294,65.7,79.6,50.0,71.1,68.3,75.0,75.4,82.1,6.34
V Sehwag,2014,Punjab Kings,BAT,India,right-hand-bat,right-arm-offbreak,0,455,0,334,0,79.8,50.0,77.3,50.0,63.1,50.0,70.9,81.9,6.24
S Dhawan,2014,Sunrisers Hyderabad,BAT,India,left-hand-bat,right-arm-offbreak,0,377,0,332,0,78.8,50.0,76.5,50.0,62.9,50.0,73.1,81.1,5.86
BB McCullum,2014,Chennai Super Kings,WK,New Zealand,right-hand-bat,right-arm-offbreak,1,405,0,341,0,78.5,50.0,77.3,50.0,51.4,50.0,74.1,80.9,5.76
SV Samson,2014,Rajasthan Royals,WK,India,right-hand-bat,unknown,1,339,0,280,0,78.4,50.0,77.3,50.0,61.0,50.0,74.3,80.8,5.72
AT Rayudu,2014,Mumbai Indians,WK,India,right-hand-bat,right-arm-offbreak,1,361,0,296,0,78.3,50.0,75.3,50.0,69.5,50.0,72.7,80.6,5.63
BW Hilfenhaus,2014,Chennai Super Kings,BOWL,Australia,right-hand-bat,right-arm-fast-medium,0,0,8,0,175,50.0,77.6,50.0,77.6,50.0,67.1,79.8,80.6,5.63
DW Steyn,2014,Sunrisers Hyderabad,BOWL,South Africa,right-hand-bat,right-arm-fast,0,22,11,26,342,50.0,78.1,50.0,77.7,71.3,77.2,75.4,80.6,5.63
KW Richardson,2014,Rajasthan Royals,BOWL,Australia,right-hand-bat,right-arm-fast-medium,0,1,9,2,167,50.0,77.9,50.0,77.6,50.0,72.4,77.5,80.6,5.63
KK Nair,2014,Rajasthan Royals,BAT,India,right-hand-bat,right-arm-offbreak,0,330,0,237,0,78.0,50.0,74.5,50.0,55.5,50.0,74.9,80.5,5.58
S Gopal,2014,Mumbai Indians,BOWL,India,right-hand-bat,legbreak,0,11,6,10,85,50.0,78.3,50.0,50.0,56.4,50.0,67.6,80.1,5.4
KP Pietersen,2014,Delhi Capitals,BAT,England,right-hand-bat,right-arm-offbreak,0,294,0,239,0,77.4,50.0,79.3,50.0,62.3,50.0,74.1,79.8,5.27
Yuvraj Singh,2014,Royal Challengers Bengaluru,AR,India,left-hand-bat,slow-left-arm-orthodox,0,376,5,288,140,79.7,75.0,60.2,50.0,84.1,71.6,72.5,79.8,5.27
YK Pathan,2014,Kolkata Knight Riders,BAT,India,right-hand-bat,right-arm-offbreak,0,268,0,168,6,77.1,50.0,50.0,50.0,71.5,50.0,76.2,79.7,5.23
G Gambhir,2014,Kolkata Knight Riders,BAT,India,left-hand-bat,legbreak,0,335,0,301,0,76.9,50.0,75.3,50.0,64.6,50.0,74.3,79.3,5.06
Z Khan,2014,Mumbai Indians,BOWL,India,right-hand-bat,left-arm-fast-medium,0,8,5,7,138,50.0,76.7,50.0,77.2,50.0,87.6,75.0,79.2,5.02
KD Karthik,2014,Delhi Capitals,BAT,India,unknown,unknown,0,325,0,261,0,76.7,50.0,76.4,50.0,67.5,50.0,71.6,78.9,4.9
Karanveer Singh,2014,Punjab Kings,BOWL,India,right-hand-bat,legbreak-googly,0,1,11,1,126,50.0,76.0,50.0,50.0,50.0,64.0,78.9,78.9,4.9
A Nehra,2014,Chennai Super Kings,BOWL,India,right-hand-bat,left-arm-fast-medium,0,0,8,0,93,50.0,75.8,50.0,74.3,50.0,77.4,80.4,78.8,4.86
CM Gautam,2014,Mumbai Indians,WK,India,right-hand-bat,unknown,1,121,0,116,0,74.8,50.0,71.8,50.0,73.7,50.0,89.2,78.7,4.82
Shakib Al Hasan,2014,Kolkata Knight Riders,AR,Bangladesh,left-hand-bat,slow-left-arm-orthodox,0,229,11,160,307,70.4,81.9,50.0,77.8,76.3,70.9,81.6,78.7,4.82
V Kohli,2014,Royal Challengers Bengaluru,BAT,India,right-hand-bat,right-arm-fast-medium,0,359,0,301,0,76.0,50.0,70.3,50.0,63.9,50.0,73.5,78.4,4.7
RG Sharma,2014,Mumbai Indians,BAT,India,right-hand-bat,right-arm-fast-medium,0,390,1,307,18,76.4,50.0,74.3,50.0,77.6,50.0,68.9,78.3,4.66
F du Plessis,2014,Chennai Super Kings,BAT,South Africa,right-hand-bat,legbreak,0,303,0,240,0,75.2,50.0,80.6,50.0,70.5,50.0,74.5,77.6,4.4
L Balaji,2014,Punjab Kings,BOWL,India,right-hand-bat,right-arm-fast-medium,0,1,12,3,211,50.0,75.6,50.0,76.5,50.0,69.0,69.5,77.6,4.4
CJ Anderson,2014,Mumbai Indians,AR,New Zealand,right-hand-bat,right-arm-fast-medium,0,265,4,186,114,80.3,68.5,75.1,70.6,70.4,68.2,74.6,77.4,4.32
SA Yadav,2014,Kolkata Knight Riders,WK,India,left-hand-bat,slow-left-arm-orthodox,1,164,0,123,6,74.0,50.0,50.0,50.0,79.9,50.0,82.8,77.3,4.29
WD Parnell,2014,Delhi Capitals,BOWL,South Africa,left-hand-bat,left-arm-fast-medium,0,2,6,2,190,50.0,75.1,50.0,74.7,50.0,79.6,71.9,77.3,4.29
MEK Hussey,2014,Mumbai Indians,BAT,Australia,left-hand-bat,right-arm-fast-medium,0,209,0,187,0,73.5,50.0,76.1,50.0,50.0,50.0,73.8,75.9,3.81
CH Gayle,2014,Royal Challengers Bengaluru,BAT,West Indies,left-hand-bat,right-arm-offbreak,0,196,0,188,0,72.7,50.0,73.3,50.0,50.0,50.0,77.9,75.5,3.68
KK Cooper,2014,Rajasthan Royals,BOWL,West Indies,right-hand-bat,right-arm-fast-medium,0,39,4,28,110,50.0,73.7,50.0,83.1,50.0,73.0,68.0,75.5,3.68
DJ Hussey,2014,Chennai Super Kings,BAT,Australia,right-hand-bat,right-arm-offbreak,0,116,2,96,18,73.7,50.0,50.0,50.0,75.6,59.0,63.9,75.1,3.55
JA Morkel,2014,Royal Challengers Bengaluru,BOWL,South Africa,left-hand-bat,right-arm-fast-medium,0,45,4,41,101,59.5,72.7,50.0,75.0,50.0,50.0,74.0,75.1,3.55
SR Watson,2014,Rajasthan Royals,AR,Australia,right-hand-bat,right-arm-fast-medium,0,246,7,205,134,72.3,73.8,70.8,78.0,77.1,75.6,69.8,75.0,3.52
UT Yadav,2014,Kolkata Knight Riders,BOWL,India,right-hand-bat,right-arm-fast,0,2,11,4,283,50.0,73.0,50.0,75.4,50.0,73.7,69.1,74.9,3.49
P Kumar,2014,Mumbai Indians,BOWL,Finland,right-hand-bat,right-arm-fast,0,1,3,2,73,50.0,71.8,50.0,78.7,50.0,58.3,77.0,74.5,3.38
Shivam Sharma,2014,Punjab Kings,BOWL,India,right-hand-bat,right-arm-fast,0,5,3,3,96,50.0,74.5,50.0,50.0,50.0,70.4,50.0,74.5,3.38
CA Pujara,2014,Punjab Kings,BAT,India,right-hand-bat,legbreak,0,125,0,129,0,71.2,50.0,73.0,50.0,50.0,50.0,79.1,74.1,3.26
A Mishra,2014,Sunrisers Hyderabad,BOWL,India,right-hand-bat,legbreak,0,4,7,7,230,50.0,71.4,50.0,50.0,50.0,67.5,74.7,73.9,3.2
M Vijay,2014,Delhi Capitals,BAT,India,right-hand-bat,right-arm-offbreak,0,207,0,197,6,71.4,50.0,73.4,50.0,50.0,50.0,71.0,73.5,3.1
MK Tiwary,2014,Delhi Capitals,BAT,India,right-hand-bat,legbreak-googly,0,152,0,123,12,70.5,50.0,50.0,50.0,75.2,50.0,78.8,73.4,3.07
R Vinay Kumar,2014,Kolkata Knight Riders,BOWL,India,right-hand-bat,right-arm-offbreak,0,4,7,7,194,50.0,70.7,50.0,71.3,50.0,73.5,76.4,73.3,3.04
GJ Bailey,2014,Punjab Kings,BAT,Australia,right-hand-bat,right-arm-fast-medium,0,257,0,190,0,71.8,50.0,50.0,50.0,76.7,50.0,62.0,73.0,2.96
IC Pandey,2014,Chennai Super Kings,BOWL,Nepal,right-hand-bat,right-arm-fast-medium,0,0,6,0,255,50.0,70.7,50.0,74.1,50.0,71.4,73.2,73.0,2.96
PA Patel,2014,Royal Challengers Bengaluru,WK,India,right-hand-bat,right-arm-fast,1,205,0,191,0,70.4,50.0,73.2,50.0,50.0,50.0,74.6,72.9,2.94
P Awana,2014,Punjab Kings,BOWL,India,right-hand-bat,right-arm-fast-medium,0,0,7,0,146,50.0,70.8,50.0,75.1,50.0,73.1,68.5,72.6,2.86
Q de Kock,2014,Delhi Capitals,WK,South Africa,left-hand-bat,unknown,1,153,0,132,0,70.0,50.0,74.1,50.0,50.0,50.0,75.5,72.6,2.86
S Kaul,2014,Delhi Capitals,BOWL,India,right-hand-bat,right-arm-fast-medium,0,2,2,2,82,50.0,71.6,50.0,79.8,50.0,62.2,59.6,72.6,2.86
AN Ahmed,2014,Royal Challengers Bengaluru,BOWL,Pakistan,right-hand-bat,right-arm-offbreak,0,4,3,1,89,50.0,72.5,50.0,72.1,50.0,71.8,50.0,72.5,2.84
JH Kallis,2014,Kolkata Knight Riders,AR,South Africa,right-hand-bat,right-arm-fast-medium,0,151,4,131,134,69.1,70.4,67.4,60.2,55.2,61.5,78.2,72.5,2.84
YV Takawale,2014,Royal Challengers Bengaluru,WK,India,right-hand-bat,unknown,1,104,0,92,0,71.4,50.0,75.2,50.0,50.0,50.0,60.8,72.5,2.84
KA Pollard,2014,Mumbai Indians,AR,West Indies,right-hand-bat,right-arm-fast-medium,0,273,2,208,160,75.9,62.6,50.0,50.0,74.1,70.5,74.9,72.4,2.82
M Muralitharan,2014,Royal Challengers Bengaluru,BOWL,Sri Lanka,right-hand-bat,right-arm-offbreak,0,0,3,0,99,50.0,70.0,50.0,73.6,50.0,50.0,71.5,72.2,2.77
BJ Hodge,2014,Rajasthan Royals,BAT,Australia,right-hand-bat,right-arm-offbreak,0,101,0,74,0,72.1,50.0,50.0,50.0,80.4,50.0,50.0,72.1,2.74
Mohammed Shami,2014,Delhi Capitals,BOWL,India,right-hand-bat,right-arm-fast,0,3,7,8,281,50.0,70.1,50.0,74.0,50.0,67.7,70.4,72.1,2.74
AB Dinda,2014,Royal Challengers Bengaluru,BOWL,India,right-hand-bat,right-arm-fast-medium,0,4,5,13,195,50.0,69.9,50.0,76.5,57.0,67.9,70.6,72.0,2.72
KL Rahul,2014,Sunrisers Hyderabad,WK,India,unknown,unknown,1,166,0,166,0,70.7,50.0,73.0,50.0,66.5,50.0,63.0,72.0,2.72
MA Agarwal,2014,Delhi Capitals,BAT,India,right-hand-bat,unknown,0,115,0,93,0,69.5,50.0,74.5,50.0,50.0,50.0,75.1,72.0,2.72
DS Kulkarni,2014,Rajasthan Royals,BOWL,India,right-hand-bat,right-arm-fast-medium,0,35,6,27,173,50.0,69.9,50.0,77.4,79.6,67.1,69.8,71.9,2.7
PP Ojha,2014,Mumbai Indians,BOWL,India,left-hand-bat,slow-left-arm-orthodox,0,4,4,8,282,50.0,69.4,50.0,76.9,50.0,70.0,72.6,71.7,2.65
LR Shukla,2014,Delhi Capitals,AR,India,right-hand-bat,right-arm-fast-medium,0,31,1,38,58,57.8,85.5,50.0,50.0,50.0,50.0,62.9,71.6,2.63
JJ Bumrah,2014,Mumbai Indians,BOWL,India,right-hand-bat,right-arm-fast,0,1,5,4,246,50.0,69.9,50.0,75.8,50.0,78.4,61.9,71.1,2.52
S Badree,2014,Chennai Super Kings,BOWL,West Indies,right-hand-bat,legbreak,0,0,2,0,87,50.0,68.7,50.0,78.6,50.0,50.0,67.8,70.5,2.39
DJG Sammy,2014,Sunrisers Hyderabad,AR,West Indies,right-hand-bat,right-arm-fast-medium,0,108,3,97,88,69.8,65.9,50.0,62.8,73.6,58.6,72.8,70.3,2.35
R Shukla,2014,Delhi Capitals,BOWL,India,right-hand-bat,right-arm-fast-medium,0,18,2,21,58,50.0,68.3,50.0,77.3,62.9,68.7,65.9,69.9,2.27
HV Patel,2014,Royal Challengers Bengaluru,BOWL,India,right-hand-bat,right-arm-fast-medium,0,13,4,7,71,50.0,67.8,50.0,70.9,50.0,62.3,63.2,69.1,2.13
MC Henriques,2014,Sunrisers Hyderabad,BOWL,Australia,right-hand-bat,right-arm-fast-medium,0,9,4,14,63,50.0,67.3,50.0,57.0,50.0,65.4,66.2,68.9,2.09
STR Binny,2014,Rajasthan Royals,AR,India,right-hand-bat,right-arm-fast-medium,0,123,3,122,54,67.0,65.5,50.0,64.2,70.5,50.0,69.5,68.3,1.99
IK Pathan,2014,Sunrisers Hyderabad,BOWL,India,left-hand-bat,left-arm-fast-medium,0,55,4,58,144,62.6,67.1,50.0,51.1,76.1,79.7,59.9,68.1,1.96
Y Venugopal Rao,2014,Sunrisers Hyderabad,BAT,India,right-hand-bat,right-arm-offbreak,0,71,0,65,12,68.1,50.0,50.0,50.0,58.9,50.0,50.0,68.1,1.96
NV Ojha,2014,Sunrisers Hyderabad,WK,India,right-hand-bat,unknown,1,232,0,170,0,65.5,50.0,50.0,50.0,78.1,50.0,74.5,68.0,1.94
R Tewatia,2014,Rajasthan Royals,BOWL,India,left-hand-bat,legbreak,0,16,2,13,55,50.0,66.4,50.0,50.0,50.0,50.0,61.0,67.5,1.87
I Sharma,2014,Sunrisers Hyderabad,BOWL,India,right-hand-bat,right-arm-fast-medium,0,0,3,0,68,50.0,66.3,50.0,55.6,50.0,50.0,59.2,67.2,1.82
KM Jadhav,2014,Delhi Capitals,BAT,India,right-hand-bat,right-arm-offbreak,0,149,0,104,0,66.7,50.0,50.0,50.0,71.2,50.0,50.0,66.7,1.75
SPD Smith,2014,Rajasthan Royals,BAT,Australia,right-hand-bat,right-arm-offbreak,0,152,0,115,0,63.9,50.0,50.0,50.0,79.0,50.0,75.4,66.4,1.71
SE Marsh,2014,Punjab Kings,BAT,Australia,left-hand-bat,slow-left-arm-orthodox,0,70,0,54,0,65.7,50.0,63.6,50.0,50.0,50.0,50.0,65.7,1.62
TG Southee,2014,Rajasthan Royals,BOWL,New Zealand,right-hand-bat,right-arm-fast-medium,0,4,0,4,63,50.0,64.7,50.0,78.8,50.0,65.1,59.7,65.7,1.62
CA Lynn,2014,Kolkata Knight Riders,BAT,Australia,right-hand-bat,slow-left-arm-orthodox,0,58,0,52,0,64.6,50.0,65.2,50.0,50.0,50.0,57.1,65.3,1.58
LRPL Taylor,2014,Delhi Capitals,BAT,New Zealand,unknown,unknown,0,59,0,62,0,64.8,50.0,50.0,50.0,63.2,50.0,50.0,64.8,1.52
BE Hendricks,2014,Punjab Kings,BOWL,South Africa,left-hand-bat,left-arm-fast-medium,0,0,4,1,75,50.0,63.8,50.0,65.9,50.0,72.5,59.4,64.7,1.51
S Rana,2014,Royal Challengers Bengaluru,BAT,Pakistan,right-hand-bat,right-arm-fast-medium,0,73,0,66,12,64.6,50.0,66.3,50.0,76.3,50.0,50.0,64.6,1.5
AP Tare,2014,Mumbai Indians,WK,India,right-hand-bat,unknown,1,126,0,102,0,62.1,50.0,72.9,50.0,65.0,50.0,74.0,64.5,1.49
K Santokie,2014,Mumbai Indians,BOWL,West Indies,left-hand-bat,left-arm-fast-medium,0,0,3,0,51,50.0,63.1,50.0,69.4,50.0,60.6,59.8,64.1,1.45
AD Russell,2014,Kolkata Knight Riders,BOWL,West Indies,right-hand-bat,legbreak,0,2,1,8,31,50.0,63.5,50.0,50.0,50.0,71.2,50.0,63.5,1.4
Ankit Sharma,2014,Rajasthan Royals,AR,India,left-hand-bat,slow-left-arm-orthodox,0,34,4,31,48,57.7,66.9,72.0,79.4,50.0,50.0,65.0,63.3,1.38
R Rampaul,2014,Royal Challengers Bengaluru,BOWL,West Indies,left-hand-bat,right-arm-fast-medium,0,13,1,13,37,50.0,62.2,50.0,82.2,50.0,50.0,50.0,62.2,1.29
Parvez Rasool,2014,Sunrisers Hyderabad,BOWL,India,right-hand-bat,right-arm-offbreak,0,0,1,0,56,50.0,60.9,50.0,59.7,50.0,50.0,58.6,61.8,1.27
BR Dunk,2014,Mumbai Indians,WK,Australia,left-hand-bat,right-arm-offbreak,1,40,0,36,0,59.7,50.0,77.7,50.0,50.0,50.0,62.0,60.9,1.21
RN ten Doeschate,2014,Kolkata Knight Riders,AR,Netherlands,right-hand-bat,right-arm-fast-medium,0,52,1,33,30,57.6,59.1,50.0,50.0,75.8,50.0,61.7,59.4,1.13
JDS Neesham,2014,Delhi Capitals,AR,New Zealand,left-hand-bat,right-arm-fast-medium,0,42,1,46,57,56.4,59.1,50.0,50.0,62.0,50.0,59.7,58.6,1.1
M Kartik,2014,Punjab Kings,BOWL,India,left-hand-bat,slow-left-arm-orthodox,0,0,1,0,49,50.0,57.7,50.0,50.0,50.0,50.0,50.0,57.7,1.07
RR Rossouw,2014,Royal Challengers Bengaluru,BAT,South Africa,left-hand-bat,right-arm-offbreak,0,39,0,41,0,56.1,50.0,57.3,50.0,61.3,50.0,59.0,57.0,1.06
R Sharma,2014,Delhi Capitals,BOWL,Hong Kong,right-hand-bat,right-arm-fast-medium,0,0,1,0,36,50.0,56.3,50.0,50.0,50.0,50.0,50.0,56.3,1.04
P Negi,2014,Chennai Super Kings,BOWL,India,left-hand-bat,slow-left-arm-orthodox,0,0,0,0,43,50.0,55.5,50.0,50.0,50.0,50.0,55.3,56.0,1.03
AM Nayar,2014,Rajasthan Royals,BAT,India,left-hand-bat,right-arm-fast-medium,0,43,0,50,0,50.0,50.0,69.9,50.0,50.0,50.0,62.0,51.2,1.0
P Suyal,2014,Mumbai Indians,BOWL,India,right-hand-bat,left-arm-fast-medium,0,0,1,0,21,50.0,50.0,50.0,55.1,50.0,50.0,61.7,51.2,1.0
NJ Maddinson,2014,Royal Challengers Bengaluru,BAT,Australia,left-hand-bat,slow-left-arm-orthodox,0,16,0,14,0,50.0,50.0,57.4,50.0,50.0,50.0,59.9,51.0,1.0
JW Hastings,2014,Chennai Super Kings,BOWL,Australia,right-hand-bat,right-arm-fast-medium,0,0,1,0,19,50.0,50.0,50.0,56.4,50.0,50.0,58.1,50.8,1.0
VH Zol,2014,Royal Challengers Bengaluru,BAT,India,left-hand-bat,right-arm-offbreak,0,29,0,26,0,50.0,50.0,60.2,50.0,50.0,50.0,57.9,50.8,1.0
JO Holder,2014,Sunrisers Hyderabad,AR,West Indies,right-hand-bat,right-arm-fast-medium,0,16,1,12,20,50.0,50.0,50.0,50.0,60.4,50.0,56.8,50.7,1.0
Mandeep Singh,2014,Punjab Kings,BAT,India,right-hand-bat,right-arm-fast,0,24,0,28,0,50.0,50.0,67.0,50.0,50.0,50.0,56.9,50.7,1.0
VS Malik,2014,Rajasthan Royals,BOWL,India,right-hand-bat,right-arm-fast-medium,0,1,1,2,19,50.0,50.0,50.0,56.2,50.0,50.0,55.5,50.6,1.0
BCJ Cutting,2014,Rajasthan Royals,BOWL,Australia,right-hand-bat,right-arm-fast-medium,0,8,1,6,24,50.0,50.0,50.0,57.9,50.0,50.0,50.0,50.0,1.0
DH Yagnik,2014,Rajasthan Royals,WK,India,left-hand-bat,unknown,1,4,0,6,0,50.0,50.0,50.0,50.0,50.0,50.0,50.0,50.0,1.0
DJ Bravo,2014,Chennai Super Kings,BAT,West Indies,left-hand-bat,right-arm-fast-medium,0,8,0,3,0,50.0,50.0,50.0,50.0,50.0,50.0,50.0,50.0,1.0
Iqbal Abdulla,2014,Rajasthan Royals,BOWL,India,left-hand-bat,slow-left-arm-orthodox,0,0,0,0,12,50.0,50.0,50.0,50.0,50.0,50.0,50.0,50.0,1.0
M Manhas,2014,Chennai Super Kings,BAT,India,right-hand-bat,right-arm-offbreak,0,35,0,26,0,50.0,50.0,50.0,50.0,63.6,50.0,50.0,50.0,1.0
M de Lange,2014,Mumbai Indians,BOWL,South Africa,right-hand-bat,right-arm-fast,0,1,2,2,26,50.0,50.0,50.0,50.0,50.0,50.0,50.0,50.0,1.0
MS Bisla,2014,Kolkata Knight Riders,WK,India,right-hand-bat,unknown,1,3,0,9,0,50.0,50.0,50.0,50.0,50.0,50.0,50.0,50.0,1.0
NM Coulter-Nile,2014,Delhi Capitals,BOWL,Australia,right-hand-bat,right-arm-fast,0,0,2,0,26,50.0,50.0,50.0,66.2,50.0,60.0,50.0,50.0,1.0
PJ Cummins,2014,Kolkata Knight Riders,BOWL,Australia,right-hand-bat,right-arm-fast,0,0,1,0,24,50.0,50.0,50.0,63.5,50.0,50.0,50.0,50.0,1.0
S Anirudha,2014,Sunrisers Hyderabad,BAT,India,right-hand-bat,unknown,0,3,0,5,0,50.0,50.0,50.0,50.0,50.0,50.0,50.0,50.0,1.0
SB Jakati,2014,Royal Challengers Bengaluru,BOWL,India,left-hand-bat,slow-left-arm-orthodox,0,0,0,0,22,50.0,50.0,50.0,57.1,50.0,50.0,50.0,50.0,1.0
UBT Chand,2014,Rajasthan Royals,BAT,India,right-hand-bat,right-arm-offbreak,0,2,0,10,0,50.0,50.0,54.6,50.0,50.0,50.0,50.0,50.0,1.0
V Shankar,2014,Chennai Super Kings,BOWL,India,right-hand-bat,right-arm-fast-medium,0,0,0,0,6,50.0,50.0,50.0,50.0,50.0,50.0,50.0,50.0,1.0
Z Khan,2015,Delhi Capitals,BOWL,India,right-hand-bat,left-arm-fast-medium,0,0,7,0,155,50.0,94.3,50.0,99.0,50.0,74.6,73.8,96.7,17.45
DA Warner,2015,Sunrisers Hyderabad,BAT,Australia,left-hand-bat,legbreak,0,562,0,368,0,93.7,50.0,80.4,50.0,50.0,50.0,79.1,96.6,17.34
MA Starc,2015,Royal Challengers Bengaluru,BOWL,Australia,left-hand-bat,left-arm-fast,0,11,20,14,272,50.0,93.8,50.0,72.2,57.4,80.4,75.6,96.4,17.13
SL Malinga,2015,Mumbai Indians,BOWL,Sri Lanka,right-hand-bat,right-arm-fast,0,6,24,11,378,50.0,92.6,50.0,78.0,60.3,76.7,77.6,95.4,16.11
CH Gayle,2015,Royal Challengers Bengaluru,BAT,West Indies,left-hand-bat,right-arm-offbreak,0,491,0,359,13,90.4,50.0,73.5,50.0,83.2,50.0,82.3,93.6,14.39
YS Chahal,2015,Royal Challengers Bengaluru,BOWL,India,right-hand-bat,legbreak-googly,0,1,23,1,283,50.0,90.0,50.0,76.3,50.0,75.0,79.1,92.9,13.75
AB de Villiers,2015,Royal Challengers Bengaluru,WK,South Africa,right-hand-bat,right-arm-fast-medium,1,513,0,302,0,89.7,50.0,78.2,50.0,75.7,50.0,75.6,92.3,13.22
A Nehra,2015,Chennai Super Kings,BOWL,India,right-hand-bat,left-arm-fast-medium,0,1,22,7,385,50.0,89.4,50.0,78.0,50.0,79.3,76.1,92.0,12.97
B Kumar,2015,Sunrisers Hyderabad,BOWL,India,right-hand-bat,right-arm-fast-medium,0,17,18,10,323,50.0,88.7,50.0,79.9,61.1,75.9,75.0,91.2,12.29
LMP Simmons,2015,Mumbai Indians,BAT,West Indies,right-hand-bat,right-arm-fast-medium,0,540,0,455,0,88.0,50.0,76.1,50.0,69.4,50.0,78.7,90.9,12.05
AM Rahane,2015,Rajasthan Royals,BAT,India,right-hand-bat,right-arm-fast-medium,0,540,0,423,0,87.7,50.0,77.1,50.0,76.6,50.0,77.7,90.5,11.73
HV Patel,2015,Royal Challengers Bengaluru,BOWL,India,right-hand-bat,right-arm-fast-medium,0,19,17,14,272,50.0,87.5,50.0,80.5,64.6,77.3,78.2,90.3,11.57
AD Russell,2015,Kolkata Knight Riders,AR,West Indies,right-hand-bat,legbreak,0,326,14,175,254,91.7,81.6,61.8,72.3,86.6,77.0,80.7,90.2,11.49
Harbhajan Singh,2015,Mumbai Indians,BOWL,India,right-hand-bat,right-arm-offbreak,0,117,18,81,349,74.7,86.6,56.5,73.2,82.2,50.0,80.6,89.7,11.11
BB McCullum,2015,Chennai Super Kings,WK,New Zealand,right-hand-bat,right-arm-offbreak,1,436,0,293,0,85.9,50.0,74.1,50.0,68.4,50.0,78.0,88.7,10.36
D Wiese,2015,Royal Challengers Bengaluru,BOWL,Namibia,right-hand-bat,right-arm-fast-medium,0,122,16,90,262,69.8,84.9,50.0,81.9,80.2,74.6,86.9,88.6,10.29
MJ McClenaghan,2015,Mumbai Indians,BOWL,New Zealand,left-hand-bat,left-arm-fast-medium,0,13,18,6,305,50.0,85.8,50.0,75.5,50.0,75.6,78.3,88.6,10.29
NM Coulter-Nile,2015,Delhi Capitals,BOWL,Australia,right-hand-bat,right-arm-fast,0,20,15,20,264,50.0,86.2,50.0,80.3,58.5,71.3,73.7,88.6,10.29
KA Pollard,2015,Mumbai Indians,BAT,West Indies,right-hand-bat,right-arm-fast-medium,0,419,3,270,81,84.8,74.7,50.0,50.0,81.0,95.1,73.4,87.1,9.25
GB Hogg,2015,Kolkata Knight Riders,BOWL,Australia,left-hand-bat,slow-left-arm-orthodox,0,7,9,6,127,50.0,83.4,50.0,79.9,50.0,77.1,82.0,86.6,8.92
Q de Kock,2015,Delhi Capitals,WK,South Africa,left-hand-bat,unknown,1,122,0,78,0,83.5,50.0,87.5,50.0,50.0,50.0,80.4,86.5,8.85
RG Sharma,2015,Mumbai Indians,BAT,India,right-hand-bat,right-arm-fast-medium,0,482,0,339,0,84.0,50.0,79.1,50.0,78.0,50.0,74.3,86.4,8.79
DA Miller,2015,Punjab Kings,BAT,South Africa,left-hand-bat,right-arm-offbreak,0,357,0,274,0,82.8,50.0,77.1,50.0,82.5,50.0,79.5,85.8,8.41
DR Smith,2015,Chennai Super Kings,WK,England,right-hand-bat,right-arm-fast-medium,1,399,1,341,12,82.9,50.0,78.5,50.0,50.0,50.0,76.5,85.6,8.29
KV Sharma,2015,Sunrisers Hyderabad,BOWL,India,right-hand-bat,right-arm-offbreak,0,104,10,87,239,73.9,82.2,50.0,68.3,77.2,50.0,81.9,85.4,8.16
S Aravind,2015,Royal Challengers Bengaluru,BOWL,India,left-hand-bat,left-arm-fast-medium,0,0,8,1,110,50.0,83.9,50.0,85.3,50.0,50.0,64.9,85.4,8.16
PP Chawla,2015,Kolkata Knight Riders,BOWL,India,left-hand-bat,legbreak,0,54,11,49,212,58.5,82.0,50.0,73.9,58.5,58.8,77.7,84.8,7.81
RV Uthappa,2015,Kolkata Knight Riders,WK,India,right-hand-bat,right-arm-fast-medium,1,364,0,287,0,81.9,50.0,77.5,50.0,61.0,50.0,77.3,84.6,7.69
JP Duminy,2015,Delhi Capitals,BAT,South Africa,left-hand-bat,right-arm-offbreak,0,414,8,327,107,81.7,78.6,76.6,70.5,71.7,71.0,77.0,84.4,7.57
R Ashwin,2015,Chennai Super Kings,BOWL,India,right-hand-bat,right-arm-offbreak,0,52,10,34,240,60.0,81.5,50.0,76.8,80.9,63.7,78.7,84.4,7.57
MC Henriques,2015,Sunrisers Hyderabad,AR,Australia,right-hand-bat,right-arm-fast-medium,0,287,11,216,157,77.9,85.8,80.1,89.9,80.5,57.3,75.8,84.0,7.35
Sandeep Sharma,2015,Punjab Kings,BOWL,India,right-hand-bat,right-arm-fast-medium,0,9,13,14,311,50.0,81.2,50.0,75.2,50.0,80.0,77.2,83.9,7.29
A Mishra,2015,Delhi Capitals,BOWL,India,right-hand-bat,legbreak,0,8,9,13,249,50.0,80.4,50.0,50.0,50.0,75.5,83.5,83.8,7.24
Imran Tahir,2015,Delhi Capitals,BOWL,South Africa,right-hand-bat,legbreak-googly,0,5,15,6,220,50.0,80.8,50.0,50.0,50.0,74.3,80.3,83.8,7.24
SS Iyer,2015,Delhi Capitals,BAT,India,right-hand-bat,legbreak-googly,0,439,0,360,0,81.3,50.0,75.2,50.0,50.0,50.0,75.5,83.8,7.24
M Morkel,2015,Kolkata Knight Riders,BOWL,South Africa,left-hand-bat,right-arm-fast,0,4,10,3,174,50.0,80.3,50.0,77.9,50.0,80.3,77.2,83.0,6.8
F du Plessis,2015,Chennai Super Kings,BAT,South Africa,right-hand-bat,legbreak,0,380,0,317,0,80.2,50.0,74.7,50.0,72.4,50.0,73.6,82.6,6.6
SPD Smith,2015,Rajasthan Royals,BAT,Australia,right-hand-bat,right-arm-offbreak,0,298,0,228,0,79.7,50.0,80.3,50.0,79.2,50.0,76.1,82.3,6.44
CH Morris,2015,Rajasthan Royals,BOWL,South Africa,right-hand-bat,right-arm-fast-medium,0,76,14,47,270,65.7,80.0,50.0,84.9,77.7,76.6,68.0,81.8,6.19
DS Kulkarni,2015,Rajasthan Royals,BOWL,India,right-hand-bat,right-arm-fast-medium,0,4,13,12,221,50.0,79.1,50.0,75.4,55.3,73.5,76.7,81.8,6.19
PA Patel,2015,Mumbai Indians,WK,India,right-hand-bat,right-arm-fast,1,339,0,255,0,79.3,50.0,77.9,50.0,50.0,50.0,75.4,81.8,6.19
DJ Bravo,2015,Chennai Super Kings,AR,West Indies,left-hand-bat,right-arm-fast-medium,0,195,26,151,324,73.3,86.9,50.0,50.0,69.3,77.1,72.3,81.7,6.14
Anureet Singh,2015,Punjab Kings,BOWL,India,right-hand-bat,right-arm-fast-medium,0,18,15,31,322,54.8,79.4,50.0,78.7,62.4,76.4,68.1,81.2,5.9
IC Pandey,2015,Chennai Super Kings,BOWL,Nepal,right-hand-bat,right-arm-fast-medium,0,0,11,0,189,50.0,78.6,50.0,78.9,50.0,57.3,74.3,81.0,5.81
SR Watson,2015,Rajasthan Royals,AR,Australia,right-hand-bat,right-arm-fast-medium,0,347,6,270,193,80.1,74.9,73.7,82.1,73.6,70.9,82.6,81.0,5.81
MG Johnson,2015,Punjab Kings,BOWL,Australia,left-hand-bat,left-arm-fast,0,31,10,38,231,57.4,78.5,50.0,88.5,66.8,74.4,68.5,80.4,5.54
S Dhawan,2015,Sunrisers Hyderabad,BAT,India,left-hand-bat,right-arm-offbreak,0,353,0,293,0,77.6,50.0,76.1,50.0,65.8,50.0,74.0,80.0,5.36
M Vijay,2015,Punjab Kings,BAT,India,right-hand-bat,right-arm-offbreak,0,251,0,233,24,76.8,50.0,76.0,50.0,50.0,50.0,80.2,79.8,5.27
KM Jadhav,2015,Delhi Capitals,BAT,India,right-hand-bat,right-arm-offbreak,0,189,0,143,0,76.7,50.0,50.0,50.0,73.6,50.0,79.1,79.6,5.19
AR Patel,2015,Punjab Kings,AR,India,right-hand-bat,right-arm-fast-medium,0,206,13,181,289,70.5,84.1,50.0,69.4,74.4,75.0,77.7,79.4,5.1
J Suchith,2015,Mumbai Indians,BOWL,India,left-hand-bat,slow-left-arm-orthodox,0,48,10,33,239,59.9,76.5,50.0,72.3,71.5,50.0,76.0,79.1,4.98
PV Tambe,2015,Rajasthan Royals,BOWL,India,right-hand-bat,legbreak,0,3,7,5,204,50.0,76.1,50.0,75.1,50.0,65.8,79.4,79.0,4.94
MA Agarwal,2015,Delhi Capitals,BAT,India,right-hand-bat,unknown,0,213,0,187,0,76.2,50.0,76.8,50.0,58.8,50.0,77.1,78.9,4.9
AT Rayudu,2015,Mumbai Indians,WK,India,right-hand-bat,right-arm-offbreak,1,281,0,195,0,76.0,50.0,57.2,50.0,78.5,50.0,78.5,78.8,4.86
SP Narine,2015,Kolkata Knight Riders,BOWL,West Indies,left-hand-bat,right-arm-offbreak,0,0,7,1,196,50.0,75.6,50.0,81.0,50.0,68.8,79.8,78.6,4.78
WP Saha,2015,Punjab Kings,WK,India,right-hand-bat,unknown,1,249,0,205,0,75.8,50.0,75.7,50.0,78.8,50.0,76.8,78.5,4.74
BE Hendricks,2015,Punjab Kings,BOWL,South Africa,left-hand-bat,left-arm-fast-medium,0,1,5,2,82,50.0,75.8,50.0,72.4,50.0,76.7,76.4,78.4,4.7
V Kohli,2015,Royal Challengers Bengaluru,BAT,India,right-hand-bat,right-arm-fast-medium,0,505,0,395,11,75.8,50.0,69.7,50.0,69.6,50.0,74.6,78.3,4.66
MS Dhoni,2015,Chennai Super Kings,WK,India,right-hand-bat,right-arm-fast-medium,1,372,0,309,0,76.4,50.0,50.0,50.0,76.3,50.0,67.6,78.2,4.62
Shakib Al Hasan,2015,Kolkata Knight Riders,BOWL,Bangladesh,left-hand-bat,slow-left-arm-orthodox,0,36,4,32,89,58.7,75.8,50.0,75.4,57.4,63.9,73.9,78.2,4.62
RA Jadeja,2015,Chennai Super Kings,AR,India,left-hand-bat,slow-left-arm-orthodox,0,132,11,128,258,70.0,81.2,50.0,50.0,71.9,81.0,79.2,78.0,4.55
G Gambhir,2015,Kolkata Knight Riders,BAT,India,left-hand-bat,legbreak,0,327,0,288,0,75.5,50.0,77.2,50.0,50.0,50.0,73.4,77.8,4.47
SV Samson,2015,Rajasthan Royals,WK,India,right-hand-bat,unknown,1,204,0,166,0,74.7,50.0,76.2,50.0,84.8,50.0,76.5,77.4,4.32
YK Pathan,2015,Kolkata Knight Riders,BAT,India,right-hand-bat,right-arm-offbreak,0,312,2,243,60,74.7,60.9,66.6,50.0,76.8,50.0,76.9,77.4,4.32
DJ Muthuswami,2015,Delhi Capitals,BOWL,India,right-hand-bat,right-arm-fast-medium,0,1,4,3,84,50.0,74.8,50.0,75.5,50.0,50.0,74.1,77.2,4.25
DJ Hooda,2015,Rajasthan Royals,AR,India,right-hand-bat,right-arm-offbreak,0,151,1,99,97,76.2,71.4,50.0,65.2,75.4,71.2,75.8,76.6,4.04
SK Raina,2015,Chennai Super Kings,BAT,India,left-hand-bat,right-arm-offbreak,0,374,2,319,78,74.2,69.8,71.2,50.0,50.0,50.0,69.5,76.2,3.9
Yuvraj Singh,2015,Delhi Capitals,BAT,India,left-hand-bat,slow-left-arm-orthodox,0,248,1,215,55,73.6,63.5,70.3,50.0,82.8,50.0,72.4,75.8,3.77
TA Boult,2015,Sunrisers Hyderabad,BOWL,New Zealand,right-hand-bat,left-arm-fast-medium,0,0,9,0,181,50.0,73.1,50.0,72.2,50.0,72.7,73.0,75.4,3.65
RS Bopara,2015,Sunrisers Hyderabad,AR,England,right-hand-bat,right-arm-fast-medium,0,145,6,121,123,68.8,77.6,50.0,50.0,73.4,70.9,73.1,75.1,3.55
GJ Bailey,2015,Punjab Kings,BAT,Australia,right-hand-bat,right-arm-fast-medium,0,259,0,196,0,72.6,50.0,72.9,50.0,79.1,50.0,67.6,74.4,3.35
Iqbal Abdulla,2015,Royal Challengers Bengaluru,BOWL,India,left-hand-bat,slow-left-arm-orthodox,0,20,4,20,121,50.0,72.0,50.0,66.0,63.5,73.8,70.0,74.0,3.23
Ankit Sharma,2015,Rajasthan Royals,BOWL,India,left-hand-bat,slow-left-arm-orthodox,0,7,3,6,86,50.0,71.9,50.0,66.6,50.0,50.0,69.6,73.9,3.2
STR Binny,2015,Rajasthan Royals,AR,India,right-hand-bat,right-arm-fast-medium,0,74,4,69,119,67.4,75.4,50.0,73.4,77.2,50.0,78.1,73.8,3.18
CJ Anderson,2015,Mumbai Indians,BAT,New Zealand,right-hand-bat,right-arm-fast-medium,0,114,1,98,24,72.8,50.0,58.4,60.0,80.6,50.0,59.0,73.7,3.15
UT Yadav,2015,Kolkata Knight Riders,BOWL,India,right-hand-bat,right-arm-fast,0,29,10,16,266,50.0,70.7,50.0,73.2,71.0,75.4,71.7,72.9,2.94
MM Sharma,2015,Chennai Super Kings,BOWL,India,left-hand-bat,slow-left-arm-orthodox,0,28,14,18,350,50.0,71.0,50.0,72.9,69.0,76.2,67.4,72.7,2.89
HH Pandya,2015,Mumbai Indians,AR,India,right-hand-bat,right-arm-fast-medium,0,112,1,68,107,73.3,65.6,56.8,50.0,85.6,61.6,75.4,72.4,2.82
NV Ojha,2015,Sunrisers Hyderabad,WK,India,right-hand-bat,unknown,1,137,0,126,0,70.7,50.0,50.0,50.0,79.6,50.0,65.9,72.3,2.79
MK Pandey,2015,Kolkata Knight Riders,BAT,India,right-hand-bat,right-arm-fast-medium,0,225,0,187,0,69.6,50.0,70.5,50.0,50.0,50.0,73.9,72.0,2.72
P Negi,2015,Chennai Super Kings,BOWL,India,left-hand-bat,slow-left-arm-orthodox,0,116,6,77,183,71.9,70.2,50.0,60.4,76.9,55.3,67.5,72.0,2.72
KD Karthik,2015,Royal Challengers Bengaluru,BAT,India,unknown,unknown,0,141,0,120,0,69.9,50.0,53.0,50.0,63.3,50.0,63.9,71.3,2.56
JP Faulkner,2015,Rajasthan Royals,BOWL,Australia,right-hand-bat,left-arm-fast-medium,0,144,8,116,281,56.9,69.3,50.0,71.6,72.8,68.3,69.3,71.2,2.54
VR Aaron,2015,Royal Challengers Bengaluru,BOWL,India,right-hand-bat,right-arm-fast,0,6,3,3,113,50.0,68.9,50.0,66.4,50.0,50.0,72.2,71.1,2.52
AD Mathews,2015,Delhi Capitals,AR,Sri Lanka,right-hand-bat,right-arm-fast-medium,0,144,7,109,185,68.7,70.0,50.0,78.3,73.7,73.2,66.8,71.0,2.5
JA Morkel,2015,Delhi Capitals,AR,South Africa,left-hand-bat,right-arm-fast-medium,0,86,3,70,74,70.0,65.1,60.8,65.2,71.2,62.8,78.5,70.6,2.41
TG Southee,2015,Rajasthan Royals,BOWL,New Zealand,right-hand-bat,right-arm-fast-medium,0,13,6,9,175,50.0,68.8,50.0,76.2,50.0,69.2,68.1,70.6,2.41
MEK Hussey,2015,Chennai Super Kings,BAT,Australia,left-hand-bat,right-arm-fast-medium,0,77,0,73,0,68.2,50.0,73.5,50.0,50.0,50.0,70.7,70.3,2.35
DW Steyn,2015,Sunrisers Hyderabad,BOWL,South Africa,right-hand-bat,right-arm-fast,0,20,3,13,116,50.0,68.0,50.0,71.9,65.3,66.6,69.4,69.9,2.27
SS Tiwary,2015,Delhi Capitals,BAT,India,left-hand-bat,unknown,0,109,0,83,0,65.9,50.0,50.0,50.0,75.5,50.0,87.6,69.7,2.23
KK Nair,2015,Rajasthan Royals,BAT,India,right-hand-bat,right-arm-offbreak,0,181,0,147,0,67.8,50.0,60.8,50.0,73.4,50.0,67.1,69.5,2.2
SN Khan,2015,Royal Challengers Bengaluru,BAT,Saudi Arabia,left-hand-bat,slow-left-arm-orthodox,0,111,0,72,0,68.3,50.0,50.0,50.0,81.6,50.0,61.7,69.5,2.2
AN Ahmed,2015,Royal Challengers Bengaluru,BOWL,Pakistan,right-hand-bat,right-arm-offbreak,0,10,1,5,76,50.0,68.3,50.0,81.0,50.0,60.3,59.6,69.3,2.16
UBT Chand,2015,Mumbai Indians,BAT,India,right-hand-bat,right-arm-offbreak,0,102,0,89,0,68.8,50.0,60.3,50.0,62.2,50.0,54.5,69.2,2.14
V Sehwag,2015,Punjab Kings,BAT,India,right-hand-bat,right-arm-offbreak,0,99,0,89,0,66.7,50.0,72.1,50.0,50.0,50.0,71.7,68.9,2.09
KL Rahul,2015,Sunrisers Hyderabad,WK,India,unknown,unknown,1,142,0,133,0,66.6,50.0,52.1,50.0,59.4,50.0,63.1,67.9,1.93
SA Yadav,2015,Kolkata Knight Riders,WK,India,left-hand-bat,slow-left-arm-orthodox,1,157,0,115,0,65.6,50.0,63.9,50.0,73.6,50.0,72.9,67.9,1.93
R Dhawan,2015,Punjab Kings,BOWL,India,right-hand-bat,right-arm-fast-medium,0,36,1,33,79,55.8,67.8,50.0,63.1,70.6,59.2,50.0,67.8,1.91
Bipul Sharma,2015,Sunrisers Hyderabad,BOWL,India,left-hand-bat,slow-left-arm-orthodox,0,1,3,2,42,50.0,65.8,50.0,50.0,50.0,50.0,66.3,67.4,1.85
JJ Bumrah,2015,Mumbai Indians,BOWL,India,right-hand-bat,right-arm-fast,0,0,3,0,98,50.0,66.0,50.0,72.4,50.0,62.0,63.0,67.3,1.84
P Kumar,2015,Sunrisers Hyderabad,BOWL,Finland,right-hand-bat,right-arm-fast,0,17,7,25,230,50.0,65.7,50.0,72.9,63.3,69.8,60.6,66.8,1.77
GJ Maxwell,2015,Punjab Kings,AR,Australia,right-hand-bat,right-arm-offbreak,0,146,2,115,63,62.2,67.6,58.7,50.0,62.2,50.0,69.1,66.5,1.73
SE Marsh,2015,Punjab Kings,BAT,Australia,left-hand-bat,slow-left-arm-orthodox,0,93,0,65,0,63.5,50.0,64.9,50.0,50.0,50.0,72.7,65.8,1.64
M Vohra,2015,Punjab Kings,BAT,India,right-hand-bat,right-arm-fast-medium,0,82,0,83,0,63.5,50.0,70.6,50.0,50.0,50.0,67.4,65.2,1.57
MK Tiwary,2015,Delhi Capitals,BAT,India,right-hand-bat,legbreak-googly,0,57,0,58,0,64.4,50.0,72.3,50.0,50.0,50.0,57.7,65.2,1.57
P Suyal,2015,Mumbai Indians,BOWL,India,right-hand-bat,left-arm-fast-medium,0,0,0,0,67,50.0,63.4,50.0,72.0,50.0,69.8,64.8,64.9,1.53
EJG Morgan,2015,Sunrisers Hyderabad,BAT,England,left-hand-bat,right-arm-fast-medium,0,187,0,154,0,63.9,50.0,70.7,50.0,78.4,50.0,58.7,64.8,1.52
Karanveer Singh,2015,Punjab Kings,BOWL,India,right-hand-bat,legbreak-googly,0,11,1,16,87,50.0,62.4,50.0,53.5,50.0,50.0,73.1,64.7,1.51
J Yadav,2015,Delhi Capitals,BOWL,India,left-hand-bat,left-arm-fast,0,0,2,0,42,50.0,64.5,50.0,56.5,50.0,50.0,50.0,64.5,1.49
Mandeep Singh,2015,Royal Challengers Bengaluru,BAT,India,right-hand-bat,right-arm-fast,0,157,0,102,0,63.4,50.0,75.9,50.0,63.3,50.0,57.0,64.1,1.45
J Botha,2015,Kolkata Knight Riders,BOWL,South Africa,right-hand-bat,right-arm-offbreak,0,31,1,15,62,50.0,63.1,50.0,76.5,67.5,55.9,55.2,63.6,1.41
GS Sandhu,2015,Delhi Capitals,BOWL,Australia,left-hand-bat,right-arm-fast-medium,0,0,1,0,48,50.0,63.4,50.0,50.0,50.0,72.9,50.0,63.4,1.39
A Ashish Reddy,2015,Sunrisers Hyderabad,AR,India,right-hand-bat,right-arm-offbreak,0,73,3,46,37,61.5,62.0,50.0,50.0,73.3,67.5,65.1,63.2,1.37
S Nadeem,2015,Delhi Capitals,BOWL,India,right-hand-bat,slow-left-arm-orthodox,0,2,0,7,44,50.0,63.1,50.0,70.0,50.0,50.0,50.0,63.1,1.36
I Sharma,2015,Sunrisers Hyderabad,BOWL,India,right-hand-bat,right-arm-fast-medium,0,0,1,0,89,50.0,62.5,50.0,77.9,50.0,73.6,54.7,63.0,1.35
Gurkeerat Singh,2015,Punjab Kings,AR,India,right-hand-bat,right-arm-offbreak,0,35,3,41,56,56.2,69.2,50.0,58.2,59.9,50.0,50.0,62.0,1.28
RN ten Doeschate,2015,Kolkata Knight Riders,BAT,Netherlands,right-hand-bat,right-arm-fast-medium,0,61,0,45,7,59.8,50.0,50.0,50.0,66.4,50.0,65.1,61.3,1.23
R Vinay Kumar,2015,Mumbai Indians,BOWL,India,right-hand-bat,right-arm-offbreak,0,0,7,2,265,50.0,60.9,50.0,74.4,50.0,74.8,52.4,61.1,1.22
GH Vihari,2015,Sunrisers Hyderabad,BAT,India,unknown,unknown,0,39,0,36,0,58.0,50.0,50.0,50.0,64.0,50.0,65.2,59.5,1.14
NLTC Perera,2015,Punjab Kings,BOWL,Sri Lanka,left-hand-bat,right-arm-fast-medium,0,12,1,15,37,50.0,58.7,50.0,50.0,50.0,50.0,50.0,58.7,1.11
PJ Cummins,2015,Kolkata Knight Riders,BOWL,Australia,right-hand-bat,right-arm-fast,0,0,1,2,66,50.0,57.1,50.0,64.2,50.0,62.5,64.2,58.5,1.1
Parvez Rasool,2015,Sunrisers Hyderabad,BOWL,India,right-hand-bat,right-arm-offbreak,0,2,1,2,30,50.0,58.5,50.0,50.0,50.0,50.0,50.0,58.5,1.1
MS Bisla,2015,Royal Challengers Bengaluru,WK,India,right-hand-bat,unknown,1,37,0,30,0,56.9,50.0,74.6,50.0,50.0,50.0,61.1,58.0,1.08
RG More,2015,Chennai Super Kings,BOWL,India,right-hand-bat,right-arm-fast-medium,0,2,1,2,37,50.0,56.6,50.0,50.0,50.0,61.7,50.0,56.6,1.05
SA Abbott,2015,Royal Challengers Bengaluru,BOWL,Australia,right-hand-bat,right-arm-fast-medium,0,15,0,13,32,50.0,54.2,50.0,55.3,60.4,50.0,69.4,56.1,1.04
AJ Finch,2015,Mumbai Indians,BAT,Australia,right-hand-bat,slow-left-arm-orthodox,0,23,0,33,0,54.5,50.0,69.5,50.0,50.0,50.0,64.1,55.9,1.03
R Bhatia,2015,Rajasthan Royals,BOWL,United Arab Emirates,right-hand-bat,right-arm-fast-medium,0,0,0,1,30,50.0,55.8,50.0,50.0,50.0,50.0,50.0,55.8,1.03
AB Dinda,2015,Royal Challengers Bengaluru,BOWL,India,right-hand-bat,right-arm-fast-medium,0,0,0,0,33,50.0,51.4,50.0,60.5,50.0,50.0,50.0,51.4,1.0
Azhar Mahmood,2015,Kolkata Knight Riders,BOWL,Pakistan,right-hand-bat,right-arm-fast-medium,0,6,0,8,20,50.0,50.0,50.0,50.0,50.0,50.0,58.0,50.8,1.0
JD Unadkat,2015,Delhi Capitals,BOWL,India,right-hand-bat,left-arm-fast-medium,0,0,0,0,18,50.0,50.0,50.0,57.9,50.0,50.0,52.4,50.2,1.0
AP Tare,2015,Mumbai Indians,WK,India,right-hand-bat,unknown,1,14,0,18,0,50.0,50.0,61.3,50.0,50.0,50.0,50.0,50.0,1.0
BB Sran,2015,Rajasthan Royals,BOWL,India,left-hand-bat,left-arm-fast-medium,0,0,0,0,20,50.0,50.0,50.0,56.6,50.0,50.0,50.0,50.0,1.0
CM Gautam,2015,Delhi Capitals,WK,India,right-hand-bat,unknown,1,4,0,5,0,50.0,50.0,50.0,50.0,50.0,50.0,50.0,50.0,1.0
DJG Sammy,2015,Royal Challengers Bengaluru,AR,West Indies,right-hand-bat,right-arm-fast-medium,0,13,0,18,18,50.0,50.0,50.0,50.0,50.0,50.0,50.0,50.0,1.0
J Theron,2015,Rajasthan Royals,BOWL,United States,right-hand-bat,right-arm-fast-medium,0,1,1,1,26,50.0,50.0,50.0,50.0,50.0,60.8,50.0,50.0,1.0
KC Cariappa,2015,Kolkata Knight Riders,BOWL,India,right-hand-bat,legbreak,0,0,1,0,12,50.0,50.0,50.0,50.0,50.0,50.0,50.0,50.0,1.0
KS Williamson,2015,Sunrisers Hyderabad,BAT,New Zealand,right-hand-bat,right-arm-offbreak,0,31,0,29,0,50.0,50.0,50.0,50.0,67.8,50.0,50.0,50.0,1.0
M de Lange,2015,Mumbai Indians,BOWL,South Africa,right-hand-bat,right-arm-fast,0,0,0,0,26,50.0,50.0,50.0,64.8,50.0,58.6,50.0,50.0,1.0
NJ Maddinson,2015,Royal Challengers Bengaluru,BAT,Australia,left-hand-bat,slow-left-arm-orthodox,0,4,0,7,0,50.0,50.0,50.0,50.0,50.0,50.0,50.0,50.0,1.0
PP Ojha,2015,Mumbai Indians,BOWL,India,left-hand-bat,slow-left-arm-orthodox,0,0,0,0,12,50.0,50.0,50.0,50.0,50.0,50.0,50.0,50.0,1.0
R Tewatia,2015,Rajasthan Royals,BOWL,India,left-hand-bat,legbreak,0,0,1,0,18,50.0,50.0,50.0,50.0,50.0,50.0,50.0,50.0,1.0
RR Rossouw,2015,Royal Challengers Bengaluru,BAT,South Africa,left-hand-bat,right-arm-offbreak,0,14,0,10,0,50.0,50.0,50.0,50.0,50.0,50.0,50.0,50.0,1.0
S Gopal,2015,Mumbai Indians,BOWL,India,right-hand-bat,legbreak,0,1,1,1,13,50.0,50.0,50.0,50.0,50.0,50.0,50.0,50.0,1.0
SN Thakur,2015,Punjab Kings,BOWL,India,right-hand-bat,right-arm-fast-medium,0,7,1,6,20,50.0,50.0,50.0,50.0,50.0,50.0,50.0,50.0,1.0
Shivam Sharma,2015,Punjab Kings,BOWL,India,right-hand-bat,right-arm-fast,0,0,1,0,18,50.0,50.0,50.0,50.0,50.0,50.0,50.0,50.0,1.0
A Zampa,2016,Rising Pune Supergiant,BOWL,Australia,right-hand-bat,legbreak-googly,0,0,12,1,103,50.0,98.9,50.0,50.0,50.0,80.6,83.8,99.0,20.0
AB de Villiers,2016,Royal Challengers Bengaluru,WK,South Africa,right-hand-bat,right-arm-fast-medium,1,687,0,415,0,96.2,50.0,78.8,50.0,85.4,50.0,78.6,99.0,20.0
DA Warner,2016,Sunrisers Hyderabad,BAT,Australia,left-hand-bat,legbreak,0,848,0,579,0,99.0,50.0,80.0,50.0,57.9,50.0,78.8,99.0,20.0
V Kohli,2016,Royal Challengers Bengaluru,BAT,India,right-hand-bat,right-arm-fast-medium,0,973,0,655,8,99.0,50.0,76.5,50.0,79.7,50.0,80.8,99.0,20.0
DS Kulkarni,2016,Gujarat Lions,BOWL,India,right-hand-bat,right-arm-fast-medium,0,27,18,16,297,50.0,91.8,50.0,83.8,64.4,73.6,80.7,94.9,15.62
Mustafizur Rahman,2016,Sunrisers Hyderabad,BOWL,Bangladesh,left-hand-bat,left-arm-fast-medium,0,0,17,0,376,50.0,91.0,50.0,83.3,50.0,78.5,82.8,94.3,15.04
YS Chahal,2016,Royal Challengers Bengaluru,BOWL,India,right-hand-bat,legbreak-googly,0,0,21,0,308,50.0,88.9,50.0,82.0,50.0,75.8,80.2,91.9,12.88
Q de Kock,2016,Delhi Capitals,WK,South Africa,left-hand-bat,unknown,1,445,0,340,0,88.5,50.0,77.6,50.0,64.2,50.0,79.1,91.4,12.46
M Vijay,2016,Punjab Kings,BAT,India,right-hand-bat,right-arm-offbreak,0,453,0,373,7,86.8,50.0,78.8,50.0,63.1,50.0,78.3,89.6,11.03
RG Sharma,2016,Mumbai Indians,BAT,India,right-hand-bat,right-arm-fast-medium,0,489,0,372,0,86.5,50.0,79.7,50.0,73.4,50.0,77.6,89.3,10.8
DR Smith,2016,Gujarat Lions,WK,England,right-hand-bat,right-arm-fast-medium,1,324,8,226,113,86.2,77.1,80.0,83.5,50.0,50.0,79.7,89.2,10.73
MJ McClenaghan,2016,Mumbai Indians,BOWL,New Zealand,left-hand-bat,left-arm-fast-medium,0,34,17,23,332,50.0,85.8,50.0,73.3,50.0,82.0,79.6,88.8,10.43
S Aravind,2016,Royal Challengers Bengaluru,BOWL,India,left-hand-bat,left-arm-fast-medium,0,0,11,0,182,50.0,85.1,50.0,81.9,50.0,76.0,80.2,88.1,9.93
KL Rahul,2016,Royal Challengers Bengaluru,WK,India,unknown,unknown,1,397,0,277,0,85.4,50.0,79.3,50.0,81.2,50.0,76.2,88.0,9.86
AJ Finch,2016,Gujarat Lions,BAT,Australia,right-hand-bat,slow-left-arm-orthodox,0,393,0,311,0,84.8,50.0,74.9,50.0,82.3,50.0,80.5,87.8,9.72
MM Sharma,2016,Punjab Kings,BOWL,India,left-hand-bat,slow-left-arm-orthodox,0,32,13,27,304,50.0,84.8,50.0,79.2,64.7,81.8,77.4,87.5,9.52
SR Watson,2016,Royal Challengers Bengaluru,BOWL,Australia,right-hand-bat,right-arm-fast-medium,0,179,20,135,360,70.5,84.9,56.1,75.4,79.5,76.1,76.1,87.5,9.52
PP Chawla,2016,Kolkata Knight Riders,BOWL,India,left-hand-bat,legbreak,0,27,11,26,216,50.0,83.2,59.4,61.6,50.0,91.4,82.8,86.5,8.85
Z Khan,2016,Delhi Capitals,BOWL,India,right-hand-bat,left-arm-fast-medium,0,6,10,13,271,50.0,83.4,50.0,78.8,57.7,72.3,78.7,86.3,8.72
RV Uthappa,2016,Kolkata Knight Riders,WK,India,right-hand-bat,right-arm-fast-medium,1,394,0,300,0,83.1,50.0,76.2,50.0,60.9,50.0,78.2,85.9,8.47
A Mishra,2016,Delhi Capitals,BOWL,India,right-hand-bat,legbreak,0,4,13,14,284,50.0,82.2,50.0,50.0,50.0,70.1,81.7,85.4,8.16
SK Raina,2016,Gujarat Lions,BAT,India,left-hand-bat,right-arm-offbreak,0,399,0,321,61,82.4,62.7,80.3,70.5,71.3,50.0,77.3,85.1,7.98
AM Rahane,2016,Rising Pune Supergiant,BAT,India,right-hand-bat,right-arm-fast-medium,0,480,0,387,0,81.9,50.0,76.2,50.0,68.6,50.0,78.5,84.8,7.81
CH Morris,2016,Delhi Capitals,BOWL,South Africa,right-hand-bat,right-arm-fast-medium,0,195,13,114,274,85.2,82.0,50.0,74.9,83.9,81.1,75.0,84.5,7.63
SP Narine,2016,Kolkata Knight Riders,BOWL,West Indies,left-hand-bat,right-arm-offbreak,0,7,11,14,262,50.0,81.7,50.0,77.9,53.5,80.5,78.4,84.5,7.63
G Gambhir,2016,Kolkata Knight Riders,BAT,India,left-hand-bat,legbreak,0,501,0,424,0,81.6,50.0,77.7,50.0,60.4,50.0,75.0,84.1,7.4
KK Nair,2016,Delhi Capitals,BAT,India,right-hand-bat,right-arm-offbreak,0,357,0,304,0,81.2,50.0,74.3,50.0,78.9,50.0,77.9,84.0,7.35
R Ashwin,2016,Rising Pune Supergiant,BOWL,India,right-hand-bat,right-arm-offbreak,0,41,10,38,278,57.9,80.3,50.0,77.4,58.9,75.0,81.3,83.4,7.02
AB Dinda,2016,Rising Pune Supergiant,BOWL,India,right-hand-bat,right-arm-fast-medium,0,0,11,0,192,50.0,80.4,50.0,77.4,50.0,74.9,79.2,83.3,6.96
DJ Bravo,2016,Gujarat Lions,BOWL,West Indies,left-hand-bat,right-arm-fast-medium,0,99,17,88,348,68.6,80.4,50.0,58.1,78.7,71.6,78.1,83.2,6.91
AR Patel,2016,Punjab Kings,BOWL,India,right-hand-bat,right-arm-fast-medium,0,111,13,81,294,70.9,80.8,50.0,77.7,78.3,77.4,73.3,83.1,6.86
BB McCullum,2016,Gujarat Lions,WK,New Zealand,right-hand-bat,right-arm-offbreak,1,354,0,273,0,80.1,50.0,76.3,50.0,50.0,50.0,75.9,82.7,6.65
S Dhawan,2016,Sunrisers Hyderabad,BAT,India,left-hand-bat,right-arm-offbreak,0,501,0,438,0,80.4,50.0,75.0,50.0,78.7,50.0,71.9,82.6,6.6
SPD Smith,2016,Rising Pune Supergiant,BAT,Australia,right-hand-bat,right-arm-offbreak,0,270,0,184,0,80.5,50.0,81.4,50.0,78.2,50.0,71.4,82.6,6.6
AD Russell,2016,Kolkata Knight Riders,AR,West Indies,right-hand-bat,legbreak,0,188,15,125,224,79.0,80.5,50.0,80.1,81.0,70.7,75.8,82.3,6.44
A Nehra,2016,Sunrisers Hyderabad,BOWL,India,right-hand-bat,left-arm-fast-medium,0,1,9,1,161,50.0,80.3,50.0,75.3,50.0,66.0,68.5,82.1,6.34
CR Brathwaite,2016,Delhi Capitals,BOWL,West Indies,right-hand-bat,right-arm-fast-medium,0,83,7,40,143,63.6,78.9,50.0,68.5,86.3,74.5,81.1,82.0,6.29
JJ Bumrah,2016,Mumbai Indians,BOWL,India,right-hand-bat,right-arm-fast,0,8,15,11,322,50.0,79.6,50.0,75.1,50.0,75.3,71.9,81.8,6.19
RR Pant,2016,Delhi Capitals,WK,India,left-hand-bat,unknown,1,198,0,155,0,78.5,50.0,76.9,50.0,66.8,50.0,81.9,81.7,6.14
KH Pandya,2016,Mumbai Indians,AR,India,left-hand-bat,slow-left-arm-orthodox,0,237,6,127,194,82.7,74.0,60.8,73.9,78.7,50.0,73.8,81.2,5.9
YK Pathan,2016,Kolkata Knight Riders,BAT,India,right-hand-bat,right-arm-offbreak,0,361,1,256,38,78.2,58.8,50.0,66.1,79.3,50.0,77.8,81.0,5.81
B Kumar,2016,Sunrisers Hyderabad,BOWL,India,right-hand-bat,right-arm-fast-medium,0,43,23,28,414,50.0,78.8,50.0,77.8,73.3,75.4,69.6,80.8,5.72
AT Rayudu,2016,Mumbai Indians,WK,India,right-hand-bat,right-arm-offbreak,1,334,0,284,0,77.7,50.0,76.6,50.0,66.7,50.0,74.4,80.1,5.4
CH Gayle,2016,Royal Challengers Bengaluru,BAT,West Indies,left-hand-bat,right-arm-offbreak,0,227,2,159,65,77.3,72.6,75.0,66.9,50.0,62.9,78.5,80.1,5.4
M Morkel,2016,Kolkata Knight Riders,BOWL,South Africa,left-hand-bat,right-arm-fast,0,1,10,1,220,50.0,77.5,50.0,74.5,50.0,73.0,75.3,80.0,5.36
UT Yadav,2016,Kolkata Knight Riders,BOWL,India,right-hand-bat,right-arm-fast,0,9,10,6,163,50.0,76.3,50.0,75.1,50.0,71.4,84.0,79.7,5.23
KD Karthik,2016,Gujarat Lions,BAT,India,unknown,unknown,0,335,0,273,0,77.2,50.0,70.1,50.0,69.1,50.0,74.3,79.6,5.19
TG Southee,2016,Mumbai Indians,BOWL,New Zealand,right-hand-bat,right-arm-fast-medium,0,30,9,20,268,50.0,76.9,50.0,74.0,69.6,91.1,75.9,79.5,5.15
Kuldeep Yadav,2016,Kolkata Knight Riders,BOWL,India,left-hand-bat,left-arm-chinaman,0,0,6,0,74,50.0,75.8,50.0,50.0,50.0,60.5,79.9,78.8,4.86
Mohammed Shami,2016,Delhi Capitals,BOWL,India,right-hand-bat,right-arm-fast,0,2,5,4,156,50.0,76.3,50.0,69.6,50.0,76.9,75.1,78.8,4.86
BB Sran,2016,Sunrisers Hyderabad,BOWL,India,left-hand-bat,left-arm-fast-medium,0,4,14,4,312,50.0,76.3,50.0,72.9,50.0,76.9,73.9,78.7,4.82
F du Plessis,2016,Rising Pune Supergiant,BAT,South Africa,right-hand-bat,legbreak,0,206,0,169,0,76.3,50.0,77.8,50.0,63.3,50.0,69.8,78.3,4.66
CJ Jordan,2016,Royal Challengers Bengaluru,BOWL,England,right-hand-bat,right-arm-fast-medium,0,3,11,4,181,50.0,76.3,50.0,72.3,50.0,73.3,69.4,78.2,4.62
MP Stoinis,2016,Punjab Kings,AR,Australia,right-hand-bat,right-arm-fast-medium,0,146,8,111,140,73.8,75.7,76.9,70.2,73.5,67.0,80.7,77.7,4.43
S Kaushik,2016,Gujarat Lions,BOWL,unknown,right-hand-bat,left-arm-chinaman,0,0,6,1,142,50.0,75.5,50.0,50.0,50.0,59.7,70.4,77.5,4.36
M Ashwin,2016,Rising Pune Supergiant,BOWL,India,right-hand-bat,legbreak-googly,0,0,7,1,176,50.0,75.0,50.0,55.4,50.0,78.4,73.5,77.4,4.32
P Sahu,2016,Punjab Kings,BOWL,India,right-hand-bat,legbreak-googly,0,19,3,13,107,50.0,77.4,50.0,50.0,64.0,62.9,50.0,77.4,4.32
MK Pandey,2016,Kolkata Knight Riders,BAT,India,right-hand-bat,right-arm-fast-medium,0,248,0,190,0,75.5,50.0,70.3,50.0,61.9,50.0,68.1,77.3,4.29
Harbhajan Singh,2016,Mumbai Indians,BOWL,India,right-hand-bat,right-arm-offbreak,0,92,9,91,300,72.0,74.5,50.0,76.1,79.9,57.1,76.6,77.2,4.25
GJ Maxwell,2016,Punjab Kings,BAT,Australia,right-hand-bat,right-arm-offbreak,0,179,0,129,55,74.4,61.2,64.9,59.4,72.2,50.0,75.6,77.0,4.18
JC Buttler,2016,Mumbai Indians,WK,England,right-hand-bat,unknown,1,255,0,189,0,74.3,50.0,60.8,50.0,81.0,50.0,76.5,77.0,4.18
KA Pollard,2016,Mumbai Indians,BAT,West Indies,right-hand-bat,right-arm-fast-medium,0,207,0,156,37,74.3,53.7,50.0,50.0,72.0,52.7,77.5,77.0,4.18
WP Saha,2016,Punjab Kings,WK,India,right-hand-bat,unknown,1,270,0,214,0,75.3,50.0,79.0,50.0,76.0,50.0,67.5,77.0,4.18
HM Amla,2016,Punjab Kings,BAT,South Africa,right-hand-bat,right-arm-offbreak,0,157,0,122,0,74.2,50.0,76.0,50.0,66.9,50.0,76.4,76.8,4.11
NLTC Perera,2016,Rising Pune Supergiant,AR,Sri Lanka,left-hand-bat,right-arm-fast-medium,0,150,9,97,202,76.2,72.1,50.0,73.4,82.8,75.0,73.3,76.7,4.07
N Rana,2016,Mumbai Indians,BAT,India,right-hand-bat,right-arm-fast-medium,0,104,0,78,6,75.9,50.0,60.5,50.0,50.0,50.0,57.1,76.6,4.04
Imran Tahir,2016,Delhi Capitals,BOWL,South Africa,right-hand-bat,legbreak-googly,0,5,5,7,97,50.0,73.9,50.0,50.0,50.0,74.8,76.3,76.5,4.01
MC Henriques,2016,Sunrisers Hyderabad,AR,Australia,right-hand-bat,right-arm-fast-medium,0,182,12,162,318,69.7,78.4,77.2,50.0,69.9,63.4,78.4,76.5,4.01
R Bhatia,2016,Rising Pune Supergiant,BOWL,United Arab Emirates,right-hand-bat,right-arm-fast-medium,0,34,6,20,208,50.0,74.0,50.0,50.0,64.7,60.6,74.8,76.5,4.01
Iqbal Abdulla,2016,Royal Challengers Bengaluru,BOWL,India,left-hand-bat,slow-left-arm-orthodox,0,37,6,27,155,50.0,73.5,50.0,78.4,55.1,64.6,75.9,76.1,3.87
Yuvraj Singh,2016,Sunrisers Hyderabad,BAT,India,left-hand-bat,slow-left-arm-orthodox,0,236,0,183,38,73.6,59.7,50.0,50.0,76.5,50.0,74.7,76.1,3.87
RA Jadeja,2016,Gujarat Lions,AR,India,left-hand-bat,slow-left-arm-orthodox,0,191,8,189,247,66.8,80.2,63.9,65.9,66.1,85.9,79.4,75.8,3.77
UT Khawaja,2016,Rising Pune Supergiant,BAT,Australia,left-hand-bat,right-arm-fast-medium,0,127,0,105,0,72.9,50.0,77.6,50.0,50.0,50.0,77.9,75.7,3.74
Sandeep Sharma,2016,Punjab Kings,BOWL,India,right-hand-bat,right-arm-fast-medium,0,8,15,9,309,50.0,73.3,50.0,74.0,50.0,72.8,69.8,75.3,3.62
MS Dhoni,2016,Rising Pune Supergiant,WK,India,right-hand-bat,right-arm-fast-medium,1,284,0,220,0,72.3,50.0,60.7,50.0,76.1,50.0,78.7,75.2,3.58
NM Coulter-Nile,2016,Delhi Capitals,BOWL,Australia,right-hand-bat,right-arm-fast,0,9,3,14,93,50.0,73.6,50.0,71.6,50.0,76.4,66.3,75.2,3.58
SV Samson,2016,Delhi Capitals,WK,India,right-hand-bat,unknown,1,291,0,265,0,72.9,50.0,72.3,50.0,53.5,50.0,70.3,74.9,3.49
PV Tambe,2016,Gujarat Lions,BOWL,India,right-hand-bat,legbreak,0,7,5,19,97,50.0,72.7,50.0,65.4,56.4,50.0,70.9,74.8,3.46
SS Tiwary,2016,Rising Pune Supergiant,BAT,India,left-hand-bat,unknown,0,170,0,149,0,72.9,50.0,77.6,50.0,50.0,50.0,68.6,74.8,3.46
Sachin Baby,2016,Royal Challengers Bengaluru,BAT,India,left-hand-bat,right-arm-offbreak,0,119,2,82,10,72.7,50.0,50.0,50.0,80.5,50.0,67.7,74.5,3.38
SA Yadav,2016,Kolkata Knight Riders,WK,India,left-hand-bat,slow-left-arm-orthodox,1,182,0,148,0,71.5,50.0,71.8,50.0,58.3,50.0,75.7,74.1,3.26
DA Miller,2016,Punjab Kings,BAT,South Africa,left-hand-bat,right-arm-offbreak,0,161,0,139,0,71.6,50.0,50.0,50.0,72.9,50.0,72.6,73.9,3.2
JP Duminy,2016,Delhi Capitals,BAT,South Africa,left-hand-bat,right-arm-offbreak,0,191,2,157,43,72.8,61.9,50.0,50.0,74.3,50.0,58.9,73.7,3.15
P Kumar,2016,Gujarat Lions,BOWL,Finland,right-hand-bat,right-arm-fast,0,24,9,27,319,50.0,71.3,50.0,74.7,67.6,79.9,72.4,73.5,3.1
M Vohra,2016,Punjab Kings,BAT,India,right-hand-bat,right-arm-fast-medium,0,161,0,136,0,71.1,50.0,72.7,50.0,50.0,50.0,72.4,73.3,3.04
DJ Hooda,2016,Sunrisers Hyderabad,AR,India,right-hand-bat,right-arm-offbreak,0,144,3,125,80,68.5,74.6,50.0,74.5,77.4,50.0,70.0,73.2,3.02
PA Patel,2016,Mumbai Indians,WK,India,right-hand-bat,right-arm-fast,1,177,0,161,0,71.1,50.0,72.9,50.0,50.0,50.0,71.5,73.2,3.02
Shakib Al Hasan,2016,Kolkata Knight Riders,AR,Bangladesh,left-hand-bat,slow-left-arm-orthodox,0,114,5,108,190,69.7,72.4,57.9,78.7,79.2,70.3,71.3,73.0,2.96
MR Marsh,2016,Rising Pune Supergiant,BOWL,Australia,right-hand-bat,right-arm-fast-medium,0,7,4,11,55,50.0,71.5,50.0,83.2,54.7,50.0,62.9,72.8,2.91
Bipul Sharma,2016,Sunrisers Hyderabad,BOWL,India,left-hand-bat,slow-left-arm-orthodox,0,51,3,25,84,50.0,70.9,50.0,50.0,79.6,50.0,66.0,72.5,2.84
KW Richardson,2016,Royal Challengers Bengaluru,BOWL,Australia,right-hand-bat,right-arm-fast-medium,0,1,7,1,86,50.0,70.2,50.0,75.1,50.0,69.8,67.8,72.0,2.72
SE Marsh,2016,Punjab Kings,BAT,Australia,left-hand-bat,slow-left-arm-orthodox,0,159,0,134,0,70.7,50.0,75.1,50.0,62.5,50.0,61.9,71.9,2.7
RP Singh,2016,Rising Pune Supergiant,BOWL,India,right-hand-bat,left-arm-fast-medium,0,0,3,0,76,50.0,69.4,50.0,71.3,50.0,75.0,71.1,71.5,2.61
GB Hogg,2016,Kolkata Knight Riders,BOWL,Australia,left-hand-bat,slow-left-arm-orthodox,0,0,4,0,98,50.0,69.4,50.0,62.5,50.0,72.5,65.5,71.0,2.5
SW Billings,2016,Delhi Capitals,WK,England,right-hand-bat,unknown,1,88,0,66,0,70.6,50.0,50.0,50.0,61.8,50.0,53.9,71.0,2.5
GJ Bailey,2016,Rising Pune Supergiant,BAT,Australia,right-hand-bat,right-arm-fast-medium,0,84,0,99,0,68.9,50.0,73.9,50.0,50.0,50.0,68.9,70.8,2.45
JO Holder,2016,Kolkata Knight Riders,BOWL,West Indies,right-hand-bat,right-arm-fast-medium,0,22,2,20,83,50.0,69.0,50.0,57.0,67.0,71.5,64.4,70.4,2.37
EJG Morgan,2016,Sunrisers Hyderabad,BAT,England,left-hand-bat,right-arm-fast-medium,0,123,0,105,0,70.3,50.0,53.9,50.0,77.9,50.0,50.0,70.3,2.35
NV Ojha,2016,Sunrisers Hyderabad,WK,India,right-hand-bat,unknown,1,136,0,142,0,68.5,50.0,57.9,50.0,71.5,50.0,68.0,70.3,2.35
HH Pandya,2016,Mumbai Indians,AR,India,right-hand-bat,right-arm-fast-medium,0,44,3,66,106,60.1,77.1,64.6,50.0,59.4,69.9,74.3,70.2,2.33
T Shamsi,2016,Royal Challengers Bengaluru,BOWL,South Africa,right-hand-bat,slow-left-arm-orthodox,0,0,3,0,96,50.0,68.5,50.0,50.0,50.0,59.2,65.9,70.1,2.31
S Nadeem,2016,Delhi Capitals,BOWL,India,right-hand-bat,slow-left-arm-orthodox,0,1,2,5,91,50.0,67.9,50.0,69.9,50.0,60.8,69.3,69.8,2.25
J Yadav,2016,Delhi Capitals,BOWL,India,left-hand-bat,left-arm-fast,0,6,2,12,104,50.0,67.7,50.0,70.5,57.4,50.0,67.2,69.4,2.18
KS Williamson,2016,Sunrisers Hyderabad,BAT,New Zealand,right-hand-bat,right-arm-offbreak,0,124,0,126,6,68.6,50.0,65.9,50.0,68.7,50.0,57.9,69.4,2.18
BCJ Cutting,2016,Sunrisers Hyderabad,AR,Australia,right-hand-bat,right-arm-fast-medium,0,65,5,37,68,61.0,74.4,50.0,58.1,81.0,62.2,73.0,69.3,2.16
JP Faulkner,2016,Gujarat Lions,AR,Australia,right-hand-bat,left-arm-fast-medium,0,77,2,60,108,66.0,68.8,50.0,50.0,78.1,70.0,67.0,69.0,2.11
R Vinay Kumar,2016,Mumbai Indians,BOWL,India,right-hand-bat,right-arm-offbreak,0,13,3,12,57,50.0,67.8,50.0,74.1,62.1,50.0,62.4,69.0,2.11
VR Aaron,2016,Royal Challengers Bengaluru,BOWL,India,right-hand-bat,right-arm-fast,0,0,2,0,155,50.0,66.9,50.0,72.2,50.0,70.1,71.0,69.0,2.11
Ankit Sharma,2016,Rising Pune Supergiant,BOWL,India,left-hand-bat,slow-left-arm-orthodox,0,3,1,3,70,50.0,67.6,50.0,57.8,50.0,50.0,57.6,68.4,2.01
I Sharma,2016,Rising Pune Supergiant,BOWL,India,right-hand-bat,right-arm-fast-medium,0,0,3,0,97,50.0,66.5,50.0,73.2,50.0,57.4,68.9,68.4,2.01
KP Pietersen,2016,Rising Pune Supergiant,BAT,England,right-hand-bat,right-arm-offbreak,0,73,0,61,0,67.6,50.0,70.7,50.0,50.0,50.0,56.3,68.2,1.97
KC Cariappa,2016,Punjab Kings,BOWL,India,right-hand-bat,legbreak,0,13,3,11,105,50.0,66.1,50.0,64.3,50.0,50.0,68.0,67.9,1.93
KJ Abbott,2016,Punjab Kings,BOWL,South Africa,right-hand-bat,right-arm-fast-medium,0,13,2,8,102,50.0,66.2,50.0,71.6,50.0,62.9,61.0,67.3,1.84
HV Patel,2016,Royal Challengers Bengaluru,BOWL,India,right-hand-bat,right-arm-fast-medium,0,0,1,0,90,50.0,66.0,50.0,71.2,50.0,69.9,62.0,67.2,1.82
KV Sharma,2016,Sunrisers Hyderabad,BOWL,India,right-hand-bat,right-arm-offbreak,0,36,0,34,100,60.7,66.8,50.0,50.0,77.0,50.0,50.0,66.8,1.77
JW Hastings,2016,Kolkata Knight Riders,BOWL,Australia,right-hand-bat,right-arm-fast-medium,0,0,2,0,42,50.0,65.1,50.0,75.9,50.0,61.6,61.0,66.2,1.69
MG Johnson,2016,Punjab Kings,BOWL,Australia,left-hand-bat,left-arm-fast,0,5,2,14,69,50.0,65.0,50.0,71.2,50.0,59.9,57.6,65.8,1.64
Parvez Rasool,2016,Royal Challengers Bengaluru,BOWL,India,right-hand-bat,right-arm-offbreak,0,10,1,9,84,50.0,65.0,50.0,69.9,50.0,50.0,50.0,65.0,1.55
SM Boland,2016,Rising Pune Supergiant,BOWL,Australia,right-hand-bat,right-arm-fast-medium,0,0,2,0,43,50.0,63.4,50.0,67.4,50.0,68.1,63.1,64.7,1.51
SB Jakati,2016,Gujarat Lions,BOWL,India,left-hand-bat,slow-left-arm-orthodox,0,1,2,2,123,50.0,62.9,50.0,58.2,50.0,55.6,66.8,64.6,1.5
STR Binny,2016,Royal Challengers Bengaluru,BOWL,India,right-hand-bat,right-arm-fast-medium,0,63,1,41,104,63.7,61.7,50.0,68.2,77.3,50.0,68.8,63.6,1.41
R Dhawan,2016,Punjab Kings,BOWL,India,right-hand-bat,right-arm-fast-medium,0,14,2,6,45,50.0,62.2,50.0,50.0,50.0,50.0,50.0,62.2,1.29
Gurkeerat Singh,2016,Punjab Kings,BAT,India,right-hand-bat,right-arm-offbreak,0,113,2,87,26,60.8,50.0,50.0,50.0,57.3,50.0,60.5,61.8,1.27
TM Head,2016,Royal Challengers Bengaluru,BAT,Australia,left-hand-bat,right-arm-offbreak,0,54,0,42,0,60.6,50.0,50.0,50.0,80.0,50.0,59.7,61.6,1.25
Anureet Singh,2016,Punjab Kings,BOWL,India,right-hand-bat,right-arm-fast-medium,0,0,0,0,38,50.0,60.1,50.0,65.7,50.0,50.0,61.3,61.2,1.23
AS Rajpoot,2016,Kolkata Knight Riders,BOWL,India,right-hand-bat,right-arm-fast-medium,0,0,3,0,72,50.0,60.7,50.0,63.3,50.0,59.1,50.0,60.7,1.2
Ishan Kishan,2016,Gujarat Lions,WK,India,left-hand-bat,unknown,1,42,0,41,0,60.4,50.0,50.0,50.0,58.1,50.0,50.0,60.4,1.18
IK Pathan,2016,Rising Pune Supergiant,BOWL,India,left-hand-bat,left-arm-fast-medium,0,11,0,14,48,50.0,60.3,50.0,50.0,50.0,50.0,50.0,60.3,1.18
SN Khan,2016,Royal Challengers Bengaluru,BAT,Saudi Arabia,left-hand-bat,slow-left-arm-orthodox,0,66,0,31,0,59.8,50.0,50.0,50.0,79.5,50.0,50.0,59.8,1.15
MJ Guptill,2016,Mumbai Indians,BAT,New Zealand,right-hand-bat,right-arm-offbreak,0,57,0,55,0,58.4,50.0,64.5,50.0,50.0,50.0,60.9,59.5,1.14
DL Chahar,2016,Rising Pune Supergiant,BOWL,India,right-hand-bat,right-arm-fast-medium,0,0,0,0,33,50.0,58.8,50.0,74.9,50.0,50.0,50.0,58.8,1.11
KM Jadhav,2016,Royal Challengers Bengaluru,BAT,India,right-hand-bat,right-arm-offbreak,0,42,0,33,0,57.4,50.0,50.0,50.0,74.2,50.0,50.0,57.4,1.07
P Negi,2016,Delhi Capitals,AR,India,left-hand-bat,slow-left-arm-orthodox,0,57,1,63,54,52.1,61.6,50.0,56.6,72.0,50.0,59.1,57.3,1.06
JA Morkel,2016,Rising Pune Supergiant,BOWL,South Africa,left-hand-bat,right-arm-fast-medium,0,16,2,9,34,50.0,55.4,50.0,66.2,50.0,50.0,67.1,57.1,1.06
C Munro,2016,Kolkata Knight Riders,BAT,New Zealand,left-hand-bat,right-arm-fast-medium,0,30,0,31,12,56.9,50.0,69.5,50.0,50.0,50.0,50.0,56.9,1.05
NS Naik,2016,Punjab Kings,WK,India,right-hand-bat,unknown,1,23,0,33,0,56.5,50.0,50.0,50.0,61.2,50.0,50.0,56.5,1.04
A Ashish Reddy,2016,Sunrisers Hyderabad,AR,India,right-hand-bat,right-arm-offbreak,0,47,1,30,23,59.5,50.0,50.0,50.0,60.8,50.0,50.0,55.2,1.02
R Sathish,2016,Kolkata Knight Riders,AR,India,right-hand-bat,right-arm-fast-medium,0,24,1,24,38,50.0,58.4,50.0,50.0,61.8,50.0,60.6,54.8,1.02
SS Iyer,2016,Delhi Capitals,BAT,India,right-hand-bat,legbreak-googly,0,30,0,46,0,52.9,50.0,68.5,50.0,50.0,50.0,58.3,53.7,1.01
MA Agarwal,2016,Delhi Capitals,BAT,India,right-hand-bat,unknown,0,27,0,26,0,50.0,50.0,69.3,50.0,50.0,50.0,63.6,51.4,1.0
AF Milne,2016,Royal Challengers Bengaluru,BOWL,New Zealand,right-hand-bat,right-arm-fast,0,0,1,0,25,50.0,50.0,50.0,58.8,50.0,50.0,61.0,51.1,1.0
ER Dwivedi,2016,Gujarat Lions,WK,India,right-hand-bat,unknown,1,24,0,15,0,50.0,50.0,50.0,50.0,50.0,50.0,58.3,50.8,1.0
JD Unadkat,2016,Kolkata Knight Riders,BOWL,India,right-hand-bat,left-arm-fast-medium,0,0,0,0,19,50.0,50.0,50.0,57.8,50.0,50.0,58.5,50.8,1.0
AD Nath,2016,Gujarat Lions,BAT,India,right-hand-bat,right-arm-fast-medium,0,20,0,27,0,50.0,50.0,50.0,50.0,55.9,50.0,56.5,50.6,1.0
D Wiese,2016,Royal Challengers Bengaluru,BOWL,Namibia,right-hand-bat,right-arm-fast-medium,0,5,0,4,27,50.0,50.0,50.0,50.0,50.0,50.0,56.5,50.6,1.0
PJ Sangwan,2016,Gujarat Lions,BOWL,India,right-hand-bat,left-arm-fast-medium,0,0,0,0,25,50.0,50.0,50.0,55.5,50.0,50.0,55.6,50.6,1.0
F Behardien,2016,Punjab Kings,BAT,South Africa,right-hand-bat,right-arm-fast-medium,0,14,0,13,0,50.0,50.0,50.0,50.0,57.1,50.0,55.1,50.5,1.0
AP Tare,2016,Sunrisers Hyderabad,WK,India,right-hand-bat,unknown,1,8,0,15,0,50.0,50.0,62.8,50.0,50.0,50.0,50.0,50.0,1.0
CA Lynn,2016,Kolkata Knight Riders,BAT,Australia,right-hand-bat,slow-left-arm-orthodox,0,25,0,23,0,50.0,50.0,62.6,50.0,56.8,50.0,50.0,50.0,1.0
DW Steyn,2016,Gujarat Lions,BOWL,South Africa,right-hand-bat,right-arm-fast,0,1,0,2,13,50.0,50.0,50.0,57.3,50.0,50.0,50.0,50.0,1.0
J Suchith,2016,Mumbai Indians,BOWL,India,left-hand-bat,slow-left-arm-orthodox,0,0,0,0,14,50.0,50.0,50.0,50.0,50.0,50.0,50.0,50.0,1.0
LMP Simmons,2016,Mumbai Indians,BAT,West Indies,right-hand-bat,right-arm-fast-medium,0,8,0,8,0,50.0,50.0,50.0,50.0,50.0,50.0,50.0,50.0,1.0
PSP Handscomb,2016,Rising Pune Supergiant,BAT,Australia,right-hand-bat,unknown,0,6,0,12,0,50.0,50.0,50.0,50.0,50.0,50.0,50.0,50.0,1.0
S Gopal,2016,Mumbai Indians,AR,India,right-hand-bat,legbreak,0,2,0,16,18,50.0,50.0,50.0,50.0,50.0,50.0,50.0,50.0,1.0
S Ladda,2016,Gujarat Lions,BOWL,India,right-hand-bat,legbreak,0,0,0,0,12,50.0,50.0,50.0,50.0,50.0,50.0,50.0,50.0,1.0
Swapnil Singh,2016,Punjab Kings,BOWL,Philippines,right-hand-bat,slow-left-arm-orthodox,0,0,0,1,18,50.0,50.0,50.0,50.0,50.0,50.0,50.0,50.0,1.0
TA Boult,2016,Sunrisers Hyderabad,BOWL,New Zealand,right-hand-bat,left-arm-fast-medium,0,0,1,0,26,50.0,50.0,50.0,64.0,50.0,56.0,50.0,50.0,1.0
UBT Chand,2016,Mumbai Indians,BAT,India,right-hand-bat,right-arm-offbreak,0,0,0,5,0,50.0,50.0,50.0,50.0,50.0,50.0,50.0,50.0,1.0
JJ Bumrah,2017,Mumbai Indians,BOWL,India,right-hand-bat,right-arm-fast,0,16,20,12,373,50.0,97.4,50.0,97.7,62.8,78.4,82.8,99.0,20.0
DA Warner,2017,Sunrisers Hyderabad,BAT,Australia,left-hand-bat,legbreak,0,641,0,462,0,94.8,50.0,78.5,50.0,56.0,50.0,79.2,97.7,18.53
S Nadeem,2017,Delhi Capitals,BOWL,India,right-hand-bat,slow-left-arm-orthodox,0,2,6,9,110,50.0,94.3,50.0,83.8,50.0,50.0,79.9,97.3,18.09
B Kumar,2017,Sunrisers Hyderabad,BOWL,India,right-hand-bat,right-arm-fast-medium,0,4,26,4,324,50.0,92.3,50.0,75.4,50.0,77.5,78.2,95.1,15.81
AJ Tye,2017,Gujarat Lions,BOWL,Australia,right-hand-bat,right-arm-fast-medium,0,53,12,30,128,61.4,86.9,50.0,82.4,77.5,77.4,88.8,90.8,11.97
Rashid Khan,2017,Sunrisers Hyderabad,BOWL,Afghanistan,right-hand-bat,legbreak-googly,0,11,17,9,328,50.0,87.8,50.0,79.4,50.0,71.3,80.5,90.8,11.97
HM Amla,2017,Punjab Kings,BAT,South Africa,right-hand-bat,right-arm-offbreak,0,420,0,296,0,87.5,50.0,80.0,50.0,85.8,50.0,79.4,90.4,11.65
Imran Tahir,2017,Rising Pune Supergiant,BOWL,South Africa,right-hand-bat,legbreak-googly,0,0,18,2,286,50.0,87.0,50.0,74.9,50.0,70.2,80.2,90.0,11.34
KV Sharma,2017,Mumbai Indians,BOWL,India,right-hand-bat,right-arm-offbreak,0,49,13,42,189,58.8,86.6,50.0,82.7,73.7,50.0,82.2,89.8,11.18
KA Pollard,2017,Mumbai Indians,BAT,West Indies,right-hand-bat,right-arm-fast-medium,0,395,0,294,12,85.0,50.0,59.8,50.0,78.2,50.0,80.0,88.0,9.86
RV Uthappa,2017,Kolkata Knight Riders,WK,India,right-hand-bat,right-arm-fast-medium,1,388,0,239,0,85.4,50.0,73.6,50.0,68.3,50.0,74.0,87.8,9.72
GJ Maxwell,2017,Punjab Kings,AR,Australia,right-hand-bat,right-arm-offbreak,0,310,7,186,115,80.3,91.0,60.2,50.0,72.7,68.7,75.5,87.7,9.65
S Dhawan,2017,Sunrisers Hyderabad,BAT,India,left-hand-bat,right-arm-offbreak,0,479,0,383,0,85.0,50.0,77.4,50.0,66.6,50.0,76.9,87.7,9.65
SPD Smith,2017,Rising Pune Supergiant,BAT,Australia,right-hand-bat,right-arm-offbreak,0,472,0,400,0,84.9,50.0,77.3,50.0,76.8,50.0,78.2,87.7,9.65
RR Pant,2017,Delhi Capitals,WK,India,left-hand-bat,unknown,1,366,0,226,0,84.8,50.0,74.2,50.0,82.4,50.0,77.0,87.5,9.52
CR Woakes,2017,Kolkata Knight Riders,BOWL,England,right-hand-bat,right-arm-fast-medium,0,46,17,47,278,60.7,84.1,50.0,67.7,70.0,74.7,79.3,87.0,9.18
RA Tripathi,2017,Rising Pune Supergiant,BAT,India,right-hand-bat,right-arm-fast-medium,0,391,0,275,6,84.2,50.0,78.7,50.0,50.0,50.0,76.4,86.8,9.05
SV Samson,2017,Delhi Capitals,WK,India,right-hand-bat,unknown,1,386,0,275,0,84.0,50.0,77.6,50.0,70.4,50.0,78.2,86.8,9.05
KD Karthik,2017,Gujarat Lions,BAT,India,unknown,unknown,0,361,0,268,0,83.5,50.0,61.7,50.0,77.4,50.0,81.1,86.6,8.92
G Gambhir,2017,Kolkata Knight Riders,BAT,India,left-hand-bat,legbreak,0,498,0,405,0,83.4,50.0,76.5,50.0,50.0,50.0,75.9,86.0,8.53
SK Raina,2017,Gujarat Lions,BAT,India,left-hand-bat,right-arm-offbreak,0,442,1,310,72,82.8,67.2,78.7,78.1,78.9,50.0,78.1,85.6,8.29
PA Patel,2017,Mumbai Indians,WK,India,right-hand-bat,right-arm-fast,1,395,0,308,0,82.7,50.0,78.6,50.0,50.0,50.0,75.8,85.3,8.1
SS Iyer,2017,Delhi Capitals,BAT,India,right-hand-bat,legbreak-googly,0,338,0,249,0,82.5,50.0,74.3,50.0,83.8,50.0,78.1,85.3,8.1
PJ Cummins,2017,Delhi Capitals,BOWL,Australia,right-hand-bat,right-arm-fast,0,77,15,54,289,65.6,82.5,50.0,74.8,77.0,78.1,76.8,85.2,8.04
Bipul Sharma,2017,Sunrisers Hyderabad,BOWL,India,left-hand-bat,slow-left-arm-orthodox,0,31,3,25,100,50.0,83.3,50.0,92.5,70.1,50.0,66.7,85.0,7.92
UT Yadav,2017,Kolkata Knight Riders,BOWL,India,right-hand-bat,right-arm-fast,0,10,17,13,304,50.0,82.4,50.0,73.6,60.3,74.2,76.2,85.0,7.92
YS Chahal,2017,Royal Challengers Bengaluru,BOWL,India,right-hand-bat,legbreak-googly,0,13,14,26,271,50.0,82.3,50.0,76.4,69.3,68.2,75.2,84.8,7.81
Washington Sundar,2017,Rising Pune Supergiant,BOWL,India,left-hand-bat,right-arm-offbreak,0,9,8,12,182,50.0,81.8,50.0,79.2,55.4,50.0,79.2,84.7,7.75
CA Lynn,2017,Kolkata Knight Riders,BAT,Australia,right-hand-bat,slow-left-arm-orthodox,0,295,0,175,0,81.7,50.0,82.3,50.0,50.0,50.0,79.4,84.6,7.69
JD Unadkat,2017,Rising Pune Supergiant,BOWL,India,right-hand-bat,left-arm-fast-medium,0,2,24,5,279,50.0,82.6,50.0,75.6,50.0,75.9,69.1,84.5,7.63
JP Faulkner,2017,Gujarat Lions,BOWL,Australia,right-hand-bat,left-arm-fast-medium,0,54,8,60,164,59.7,81.9,50.0,98.7,69.7,79.2,75.0,84.4,7.57
NM Coulter-Nile,2017,Kolkata Knight Riders,BOWL,Australia,right-hand-bat,right-arm-fast,0,14,15,13,178,50.0,81.8,50.0,69.9,56.8,84.6,75.5,84.4,7.57
MJ McClenaghan,2017,Mumbai Indians,BOWL,New Zealand,left-hand-bat,left-arm-fast-medium,0,16,19,16,345,50.0,81.5,50.0,73.3,57.6,74.0,77.7,84.3,7.52
BA Stokes,2017,Rising Pune Supergiant,AR,England,left-hand-bat,right-arm-fast-medium,0,316,12,227,274,81.2,81.3,69.7,78.8,77.5,79.6,78.7,84.1,7.4
M Vohra,2017,Punjab Kings,BAT,India,right-hand-bat,right-arm-fast-medium,0,229,0,170,0,81.3,50.0,77.4,50.0,69.6,50.0,77.2,84.0,7.35
SP Narine,2017,Kolkata Knight Riders,BOWL,West Indies,left-hand-bat,right-arm-offbreak,0,224,10,135,362,78.6,81.0,77.2,78.9,50.0,78.9,78.9,83.9,7.29
AR Patel,2017,Punjab Kings,AR,India,right-hand-bat,right-arm-fast-medium,0,227,15,171,294,78.0,83.6,50.0,80.4,79.5,73.4,83.0,83.8,7.24
DR Smith,2017,Gujarat Lions,WK,England,right-hand-bat,right-arm-fast-medium,1,239,2,158,82,80.4,64.2,78.0,50.0,50.0,55.8,77.1,83.1,6.86
Ishan Kishan,2017,Gujarat Lions,WK,India,left-hand-bat,unknown,1,277,0,214,0,80.5,50.0,80.9,50.0,78.9,50.0,76.0,83.1,6.86
Kuldeep Yadav,2017,Kolkata Knight Riders,BOWL,India,left-hand-bat,left-arm-chinaman,0,20,12,22,250,50.0,79.8,50.0,79.0,66.2,74.5,82.9,83.1,6.86
Sandeep Sharma,2017,Punjab Kings,BOWL,India,right-hand-bat,right-arm-fast-medium,0,7,17,7,300,50.0,80.7,50.0,77.9,50.0,73.9,73.9,83.1,6.86
SE Marsh,2017,Punjab Kings,BAT,Australia,left-hand-bat,slow-left-arm-orthodox,0,264,0,198,0,80.5,50.0,76.0,50.0,50.0,50.0,74.5,83.0,6.8
AM Rahane,2017,Rising Pune Supergiant,BAT,India,right-hand-bat,right-arm-fast-medium,0,382,0,328,0,79.7,50.0,76.3,50.0,50.0,50.0,77.0,82.4,6.49
LH Ferguson,2017,Rising Pune Supergiant,BOWL,New Zealand,right-hand-bat,right-arm-fast,0,1,3,1,87,50.0,80.2,50.0,72.7,50.0,67.4,72.3,82.4,6.49
AJ Finch,2017,Gujarat Lions,BAT,Australia,right-hand-bat,slow-left-arm-orthodox,0,300,0,190,0,79.7,50.0,76.1,50.0,74.9,50.0,74.0,82.1,6.34
CH Morris,2017,Delhi Capitals,AR,South Africa,right-hand-bat,right-arm-fast-medium,0,154,12,97,189,78.4,80.8,50.0,78.4,84.9,78.7,74.7,82.0,6.29
MK Tiwary,2017,Rising Pune Supergiant,BAT,India,right-hand-bat,legbreak-googly,0,324,0,242,0,79.3,50.0,66.2,50.0,78.5,50.0,76.7,82.0,6.29
MK Pandey,2017,Kolkata Knight Riders,BAT,India,right-hand-bat,right-arm-fast-medium,0,396,0,315,0,78.8,50.0,75.3,50.0,62.4,50.0,78.6,81.7,6.14
KH Pandya,2017,Mumbai Indians,AR,India,left-hand-bat,slow-left-arm-orthodox,0,243,10,186,246,77.9,78.8,50.0,65.7,82.2,74.7,79.9,81.3,5.95
MM Sharma,2017,Punjab Kings,BOWL,India,left-hand-bat,slow-left-arm-orthodox,0,51,13,51,277,58.7,78.6,50.0,75.5,63.2,78.6,72.2,80.8,5.72
KK Nair,2017,Delhi Capitals,BAT,India,right-hand-bat,right-arm-offbreak,0,281,0,229,0,78.2,50.0,79.5,50.0,58.2,50.0,75.1,80.7,5.67
RG Sharma,2017,Mumbai Indians,BAT,India,right-hand-bat,right-arm-fast-medium,0,333,0,278,0,77.7,50.0,75.7,50.0,75.5,50.0,75.8,80.3,5.49
V Kohli,2017,Royal Challengers Bengaluru,BAT,India,right-hand-bat,right-arm-fast-medium,0,308,0,257,0,77.4,50.0,75.1,50.0,64.2,50.0,76.7,80.1,5.4
SN Thakur,2017,Rising Pune Supergiant,BOWL,India,right-hand-bat,right-arm-fast-medium,0,0,11,3,239,50.0,77.7,50.0,80.8,50.0,81.7,70.8,79.8,5.27
DT Christian,2017,Rising Pune Supergiant,BOWL,Australia,right-hand-bat,right-arm-fast-medium,0,79,11,52,249,61.3,77.9,50.0,70.5,71.2,73.6,68.2,79.7,5.23
SL Malinga,2017,Mumbai Indians,BOWL,Sri Lanka,right-hand-bat,right-arm-fast,0,7,11,3,287,50.0,76.9,50.0,76.1,50.0,73.7,76.3,79.5,5.15
KM Jadhav,2017,Royal Challengers Bengaluru,BAT,India,right-hand-bat,right-arm-offbreak,0,267,0,194,0,77.5,50.0,77.2,50.0,77.1,50.0,69.4,79.4,5.1
S Badree,2017,Royal Challengers Bengaluru,BOWL,West Indies,right-hand-bat,legbreak,0,13,9,25,151,50.0,77.0,50.0,74.1,62.8,50.0,73.3,79.3,5.06
Mohammed Siraj,2017,Sunrisers Hyderabad,BOWL,India,right-hand-bat,right-arm-fast-medium,0,0,10,0,141,50.0,76.6,50.0,69.3,50.0,71.1,75.6,79.2,5.02
KS Williamson,2017,Sunrisers Hyderabad,BAT,New Zealand,right-hand-bat,right-arm-offbreak,0,256,0,170,0,77.5,50.0,67.4,50.0,80.0,50.0,62.1,78.7,4.82
P Negi,2017,Royal Challengers Bengaluru,AR,India,left-hand-bat,slow-left-arm-orthodox,0,144,16,114,200,70.6,84.5,50.0,58.6,73.3,97.5,67.7,78.6,4.78
Harbhajan Singh,2017,Mumbai Indians,BOWL,India,right-hand-bat,right-arm-offbreak,0,16,8,17,247,50.0,76.4,50.0,80.1,51.9,50.0,70.5,78.4,4.7
N Rana,2017,Mumbai Indians,BAT,India,right-hand-bat,right-arm-fast-medium,0,333,0,277,0,75.8,50.0,77.0,50.0,54.8,50.0,76.4,78.4,4.7
JC Buttler,2017,Mumbai Indians,WK,England,right-hand-bat,unknown,1,273,0,186,0,75.6,50.0,73.2,50.0,50.0,50.0,77.2,78.3,4.66
MG Johnson,2017,Mumbai Indians,BOWL,Australia,left-hand-bat,left-arm-fast,0,20,7,17,125,50.0,75.8,50.0,75.5,63.8,76.9,73.8,78.2,4.62
S Kaul,2017,Sunrisers Hyderabad,BOWL,India,right-hand-bat,right-arm-fast-medium,0,0,16,2,221,50.0,76.6,50.0,74.5,50.0,80.1,66.0,78.2,4.62
C de Grandhomme,2017,Kolkata Knight Riders,AR,New Zealand,right-hand-bat,right-arm-fast-medium,0,126,4,92,102,74.3,75.9,50.0,60.6,69.8,50.0,81.0,78.1,4.58
A Mishra,2017,Delhi Capitals,BOWL,India,right-hand-bat,legbreak,0,49,10,56,237,64.2,75.6,50.0,50.0,75.0,64.6,74.5,78.0,4.55
DS Kulkarni,2017,Gujarat Lions,BOWL,India,right-hand-bat,right-arm-fast-medium,0,1,3,2,118,50.0,75.1,50.0,71.1,50.0,62.0,77.8,77.9,4.51
AS Rajpoot,2017,Kolkata Knight Riders,BOWL,India,right-hand-bat,right-arm-fast-medium,0,4,4,7,87,50.0,75.3,50.0,50.0,50.0,64.2,72.9,77.6,4.4
Yuvraj Singh,2017,Sunrisers Hyderabad,BAT,India,left-hand-bat,slow-left-arm-orthodox,0,252,1,188,12,75.4,50.0,50.0,50.0,78.2,50.0,71.6,77.6,4.4
A Zampa,2017,Rising Pune Supergiant,BOWL,Australia,right-hand-bat,legbreak-googly,0,5,7,7,122,50.0,75.3,50.0,50.0,50.0,68.7,72.0,77.5,4.36
Basil Thampi,2017,Gujarat Lions,BOWL,India,right-hand-bat,right-arm-fast-medium,0,28,11,30,278,57.2,74.5,50.0,69.5,73.6,71.9,76.7,77.2,4.25
CH Gayle,2017,Royal Challengers Bengaluru,BAT,West Indies,left-hand-bat,right-arm-offbreak,0,200,0,172,0,74.6,50.0,74.2,50.0,50.0,50.0,75.5,77.1,4.21
PJ Sangwan,2017,Gujarat Lions,BOWL,India,right-hand-bat,left-arm-fast-medium,0,2,5,4,110,50.0,74.5,50.0,80.1,50.0,66.4,76.3,77.1,4.21
Mandeep Singh,2017,Royal Challengers Bengaluru,BAT,India,right-hand-bat,right-arm-fast,0,188,0,178,0,73.8,50.0,77.5,50.0,50.0,50.0,75.0,76.3,3.94
HH Pandya,2017,Mumbai Indians,AR,India,right-hand-bat,right-arm-fast-medium,0,250,6,172,162,78.9,67.0,50.0,63.1,78.1,76.8,76.3,76.2,3.9
YK Pathan,2017,Kolkata Knight Riders,BAT,India,right-hand-bat,right-arm-offbreak,0,143,1,123,24,73.7,50.0,63.9,50.0,74.2,50.0,71.6,75.9,3.81
Mohammad Nabi,2017,Sunrisers Hyderabad,BOWL,Afghanistan,right-hand-bat,right-arm-offbreak,0,2,2,3,66,50.0,74.3,50.0,87.0,50.0,50.0,62.6,75.6,3.71
Z Khan,2017,Delhi Capitals,BOWL,India,right-hand-bat,left-arm-fast-medium,0,4,10,13,246,50.0,73.2,50.0,76.8,50.0,69.5,72.8,75.5,3.68
AB de Villiers,2017,Royal Challengers Bengaluru,WK,South Africa,right-hand-bat,right-arm-fast-medium,1,216,0,171,0,72.7,50.0,69.1,50.0,81.7,50.0,75.6,75.3,3.62
TS Mills,2017,Royal Challengers Bengaluru,BOWL,England,right-hand-bat,left-arm-fast,0,8,5,11,111,50.0,72.9,50.0,74.8,50.0,77.9,74.2,75.3,3.62
LMP Simmons,2017,Mumbai Indians,BAT,West Indies,right-hand-bat,right-arm-fast-medium,0,137,0,116,0,72.8,50.0,74.5,50.0,50.0,50.0,72.3,75.0,3.52
S Aravind,2017,Royal Challengers Bengaluru,BOWL,India,left-hand-bat,left-arm-fast-medium,0,32,5,40,190,57.2,72.2,50.0,73.8,70.8,74.8,75.2,74.7,3.43
KC Cariappa,2017,Punjab Kings,BOWL,India,right-hand-bat,legbreak,0,2,4,7,94,50.0,73.3,50.0,50.0,50.0,62.6,62.6,74.6,3.4
WP Saha,2017,Punjab Kings,WK,India,right-hand-bat,unknown,1,234,0,194,0,72.3,50.0,74.5,50.0,77.4,50.0,71.6,74.5,3.38
Ankit Soni,2017,Gujarat Lions,BOWL,India,right-hand-bat,legbreak,0,7,2,9,112,50.0,72.6,50.0,50.0,50.0,50.0,68.3,74.4,3.35
MS Dhoni,2017,Rising Pune Supergiant,WK,India,right-hand-bat,right-arm-fast-medium,1,290,0,261,0,72.1,50.0,50.0,50.0,75.0,50.0,73.0,74.4,3.35
PP Chawla,2017,Kolkata Knight Riders,BOWL,India,left-hand-bat,legbreak,0,2,6,6,122,50.0,72.1,50.0,82.5,50.0,50.0,73.1,74.4,3.35
K Rabada,2017,Delhi Capitals,AR,South Africa,left-hand-bat,right-arm-fast,0,55,6,68,137,65.2,78.8,50.0,74.7,54.7,83.9,78.4,74.2,3.29
BB McCullum,2017,Gujarat Lions,WK,New Zealand,right-hand-bat,right-arm-offbreak,1,320,0,227,0,71.9,50.0,69.3,50.0,50.0,50.0,72.1,74.1,3.26
VR Aaron,2017,Punjab Kings,BOWL,India,right-hand-bat,right-arm-fast,0,4,7,11,129,50.0,71.2,50.0,74.2,55.3,74.9,72.6,73.5,3.1
Mohammed Shami,2017,Delhi Capitals,BOWL,India,right-hand-bat,right-arm-fast,0,36,5,24,165,50.0,70.6,50.0,69.1,68.3,76.6,77.0,73.3,3.04
SA Yadav,2017,Kolkata Knight Riders,WK,India,left-hand-bat,slow-left-arm-orthodox,1,105,0,89,0,72.3,50.0,50.0,50.0,74.7,50.0,59.7,73.3,3.04
MC Henriques,2017,Sunrisers Hyderabad,AR,Australia,right-hand-bat,right-arm-fast-medium,0,277,1,205,148,76.6,64.9,76.0,58.5,76.8,50.0,68.0,73.1,2.99
SW Billings,2017,Delhi Capitals,WK,England,right-hand-bat,unknown,1,138,0,107,0,70.9,50.0,74.9,50.0,50.0,50.0,72.1,73.1,2.99
TM Head,2017,Royal Challengers Bengaluru,AR,Australia,left-hand-bat,right-arm-offbreak,0,151,2,109,48,71.7,72.0,61.3,50.0,74.7,66.7,59.3,72.8,2.91
P Kumar,2017,Gujarat Lions,BOWL,Finland,right-hand-bat,right-arm-fast,0,8,6,9,108,50.0,70.5,50.0,72.1,50.0,71.4,72.1,72.7,2.89
R Tewatia,2017,Punjab Kings,BOWL,India,left-hand-bat,legbreak,0,19,3,11,55,50.0,70.9,50.0,50.0,50.0,50.0,64.8,72.4,2.82
RA Jadeja,2017,Gujarat Lions,AR,India,left-hand-bat,slow-left-arm-orthodox,0,158,5,118,229,72.6,66.9,50.0,50.0,73.8,64.8,71.7,72.2,2.77
SR Watson,2017,Royal Challengers Bengaluru,AR,Australia,right-hand-bat,right-arm-fast-medium,0,71,5,80,165,64.5,73.9,67.9,72.0,60.2,72.9,82.2,72.0,2.72
A Nehra,2017,Sunrisers Hyderabad,BOWL,India,right-hand-bat,left-arm-fast-medium,0,0,8,0,132,50.0,69.8,50.0,71.0,50.0,81.2,66.5,71.4,2.58
MP Stoinis,2017,Punjab Kings,BOWL,Australia,right-hand-bat,right-arm-fast-medium,0,17,2,25,69,50.0,69.6,50.0,50.0,55.9,72.6,61.0,70.7,2.43
NV Ojha,2017,Sunrisers Hyderabad,WK,India,right-hand-bat,unknown,1,79,0,70,0,67.4,50.0,50.0,50.0,68.0,50.0,75.3,69.9,2.27
DA Miller,2017,Punjab Kings,BAT,South Africa,left-hand-bat,right-arm-offbreak,0,83,0,82,0,69.6,50.0,50.0,50.0,71.8,50.0,50.0,69.6,2.22
V Shankar,2017,Sunrisers Hyderabad,BAT,India,right-hand-bat,right-arm-fast-medium,0,101,0,77,0,69.0,50.0,50.0,50.0,65.4,50.0,50.0,69.0,2.11
A Choudhary,2017,Royal Challengers Bengaluru,BOWL,India,right-hand-bat,right-arm-fast-medium,0,25,5,20,108,50.0,66.6,50.0,75.8,66.1,69.1,71.1,68.7,2.06
CJ Anderson,2017,Delhi Capitals,AR,New Zealand,right-hand-bat,right-arm-fast-medium,0,142,3,130,121,63.1,70.5,54.1,50.0,67.1,73.7,67.9,68.2,1.97
T Natarajan,2017,Punjab Kings,BOWL,India,left-hand-bat,left-arm-fast-medium,0,0,2,0,82,50.0,66.5,50.0,67.7,50.0,60.7,64.5,68.0,1.94
TG Southee,2017,Mumbai Indians,BOWL,New Zealand,right-hand-bat,right-arm-fast-medium,0,7,3,3,66,50.0,65.0,50.0,70.8,50.0,59.5,74.3,67.4,1.85
BCJ Cutting,2017,Sunrisers Hyderabad,BOWL,Australia,right-hand-bat,right-arm-fast-medium,0,51,1,27,79,50.0,66.3,50.0,59.7,72.7,67.7,59.8,67.3,1.84
JJ Roy,2017,Gujarat Lions,BAT,England,right-hand-bat,unknown,0,59,0,41,0,64.1,50.0,80.0,50.0,50.0,50.0,74.3,66.5,1.73
TA Boult,2017,Kolkata Knight Riders,BOWL,New Zealand,right-hand-bat,left-arm-fast-medium,0,5,5,8,148,50.0,64.4,50.0,70.8,50.0,74.2,63.5,65.8,1.64
EJG Morgan,2017,Punjab Kings,BAT,England,left-hand-bat,right-arm-fast-medium,0,65,0,62,0,64.9,50.0,70.6,50.0,50.0,50.0,57.1,65.6,1.61
AF Milne,2017,Royal Challengers Bengaluru,BOWL,New Zealand,right-hand-bat,right-arm-fast,0,7,3,12,90,50.0,64.3,50.0,69.5,50.0,80.1,62.4,65.5,1.6
AT Rayudu,2017,Mumbai Indians,WK,India,right-hand-bat,right-arm-offbreak,1,91,0,80,0,65.1,50.0,58.0,50.0,69.0,50.0,53.8,65.5,1.6
SS Tiwary,2017,Mumbai Indians,BAT,India,left-hand-bat,unknown,0,52,0,46,0,63.4,50.0,73.1,50.0,50.0,50.0,65.9,65.0,1.55
STR Binny,2017,Royal Challengers Bengaluru,AR,India,right-hand-bat,right-arm-fast-medium,0,78,4,77,37,65.9,63.2,50.0,66.3,78.2,50.0,50.0,64.7,1.51
I Sharma,2017,Punjab Kings,BOWL,India,right-hand-bat,right-arm-fast-medium,0,8,0,13,114,50.0,62.4,50.0,73.0,50.0,50.0,68.2,64.2,1.46
RD Chahar,2017,Rising Pune Supergiant,BOWL,India,right-hand-bat,legbreak-googly,0,3,2,2,46,50.0,61.9,50.0,50.0,50.0,50.0,61.6,63.1,1.36
B Stanlake,2017,Royal Challengers Bengaluru,BOWL,Australia,left-hand-bat,right-arm-fast,0,0,2,0,50,50.0,61.4,50.0,73.1,50.0,50.0,65.4,62.9,1.35
AB Dinda,2017,Rising Pune Supergiant,BOWL,India,right-hand-bat,right-arm-fast-medium,0,7,1,8,65,50.0,60.8,50.0,74.8,50.0,58.9,65.1,62.3,1.3
S Kaushik,2017,Gujarat Lions,BOWL,unknown,right-hand-bat,left-arm-chinaman,0,0,0,0,68,50.0,62.2,50.0,55.8,50.0,50.0,50.0,62.2,1.29
R Bhatia,2017,Rising Pune Supergiant,BOWL,United Arab Emirates,right-hand-bat,right-arm-fast-medium,0,16,2,17,43,50.0,60.2,50.0,50.0,50.0,50.0,59.1,61.1,1.22
MM Patel,2017,Gujarat Lions,BOWL,England,right-hand-bat,right-arm-fast-medium,0,0,1,1,42,50.0,59.4,50.0,50.0,50.0,50.0,60.1,60.4,1.18
Iqbal Abdulla,2017,Royal Challengers Bengaluru,BOWL,India,left-hand-bat,slow-left-arm-orthodox,0,5,2,7,34,50.0,58.5,50.0,57.5,50.0,50.0,61.6,59.7,1.15
MJ Guptill,2017,Punjab Kings,BAT,New Zealand,right-hand-bat,right-arm-offbreak,0,132,0,88,0,57.8,50.0,79.7,50.0,50.0,50.0,67.9,59.6,1.14
DJ Hooda,2017,Sunrisers Hyderabad,AR,India,right-hand-bat,right-arm-offbreak,0,78,2,53,24,63.9,50.0,50.0,50.0,76.5,50.0,60.2,58.7,1.11
SB Jakati,2017,Gujarat Lions,BOWL,India,left-hand-bat,slow-left-arm-orthodox,0,0,0,0,32,50.0,56.3,50.0,50.0,50.0,50.0,50.0,56.3,1.04
J Yadav,2017,Delhi Capitals,BOWL,India,left-hand-bat,left-arm-fast,0,0,0,0,37,50.0,55.4,50.0,64.4,50.0,50.0,57.7,56.2,1.04
CR Brathwaite,2017,Delhi Capitals,BOWL,West Indies,right-hand-bat,right-arm-fast-medium,0,12,1,16,38,50.0,56.1,50.0,50.0,50.0,54.2,50.0,56.1,1.04
SP Jackson,2017,Kolkata Knight Riders,WK,India,right-hand-bat,unknown,1,38,0,31,0,55.9,50.0,50.0,50.0,60.7,50.0,50.0,55.9,1.03
DL Chahar,2017,Rising Pune Supergiant,BOWL,India,right-hand-bat,right-arm-fast-medium,0,14,1,6,44,50.0,54.6,50.0,64.6,50.0,50.0,60.4,55.6,1.03
MJ Henry,2017,Punjab Kings,BOWL,New Zealand,right-hand-bat,right-arm-fast-medium,0,0,1,0,31,50.0,53.3,50.0,57.8,50.0,55.1,65.3,54.8,1.02
Swapnil Singh,2017,Punjab Kings,AR,Philippines,right-hand-bat,slow-left-arm-orthodox,0,12,1,19,43,50.0,60.5,50.0,50.0,50.0,50.0,50.0,54.7,1.02
MN Samuels,2017,Delhi Capitals,AR,West Indies,right-hand-bat,right-arm-offbreak,0,29,0,32,18,57.9,50.0,50.0,50.0,50.0,50.0,50.0,54.3,1.01
AD Mathews,2017,Delhi Capitals,AR,Sri Lanka,right-hand-bat,right-arm-fast-medium,0,32,0,28,31,50.0,55.3,50.0,50.0,67.7,58.7,50.0,52.4,1.0
HV Patel,2017,Royal Challengers Bengaluru,BOWL,India,right-hand-bat,right-arm-fast-medium,0,0,3,0,25,50.0,50.0,50.0,50.0,50.0,50.0,69.6,52.0,1.0
MA Agarwal,2017,Rising Pune Supergiant,BAT,India,right-hand-bat,unknown,0,26,0,29,0,50.0,50.0,69.1,50.0,50.0,50.0,68.8,51.9,1.0
NB Singh,2017,Gujarat Lions,BOWL,Nepal,right-hand-bat,right-arm-fast-medium,0,0,1,0,25,50.0,50.0,50.0,76.7,50.0,50.0,64.7,51.5,1.0
R Vinay Kumar,2017,Mumbai Indians,BOWL,India,right-hand-bat,right-arm-offbreak,0,0,2,0,20,50.0,50.0,50.0,50.0,50.0,50.0,63.2,51.3,1.0
AP Tare,2017,Delhi Capitals,WK,India,right-hand-bat,unknown,1,18,0,25,0,50.0,50.0,71.0,50.0,50.0,50.0,59.6,51.0,1.0
SS Agarwal,2017,Gujarat Lions,BOWL,India,right-hand-bat,legbreak-googly,0,0,1,0,24,50.0,50.0,50.0,50.0,50.0,50.0,59.8,51.0,1.0
Avesh Khan,2017,Royal Challengers Bengaluru,BOWL,India,right-hand-bat,right-arm-fast-medium,0,0,1,0,24,50.0,50.0,50.0,65.8,50.0,50.0,58.2,50.8,1.0
Shakib Al Hasan,2017,Kolkata Knight Riders,BOWL,Bangladesh,left-hand-bat,slow-left-arm-orthodox,0,1,0,1,18,50.0,50.0,50.0,57.4,50.0,50.0,57.5,50.8,1.0
Vishnu Vinod,2017,Royal Challengers Bengaluru,WK,India,right-hand-bat,unknown,1,19,0,26,0,50.0,50.0,61.1,50.0,50.0,50.0,55.5,50.6,1.0
AD Nath,2017,Gujarat Lions,BAT,India,right-hand-bat,right-arm-fast-medium,0,0,0,1,0,50.0,50.0,50.0,50.0,50.0,50.0,50.0,50.0,1.0
AR Bawne,2017,Delhi Capitals,BAT,India,right-hand-bat,right-arm-offbreak,0,12,0,12,0,50.0,50.0,50.0,50.0,57.2,50.0,50.0,50.0,1.0
Ankit Sharma,2017,Rising Pune Supergiant,BAT,India,left-hand-bat,slow-left-arm-orthodox,0,25,0,16,6,50.0,50.0,50.0,50.0,63.1,50.0,50.0,50.0,1.0
Anureet Singh,2017,Punjab Kings,AR,India,right-hand-bat,right-arm-fast-medium,0,15,0,12,12,50.0,50.0,50.0,50.0,59.5,50.0,50.0,50.0,1.0
BB Sran,2017,Sunrisers Hyderabad,BOWL,India,left-hand-bat,left-arm-fast-medium,0,0,0,0,13,50.0,50.0,50.0,50.0,50.0,50.0,50.0,50.0,1.0
CJ Jordan,2017,Sunrisers Hyderabad,BOWL,England,right-hand-bat,right-arm-fast-medium,0,0,1,1,7,50.0,50.0,50.0,50.0,50.0,50.0,50.0,50.0,1.0
DM Bravo,2017,Kolkata Knight Riders,BAT,West Indies,left-hand-bat,right-arm-fast-medium,0,6,0,5,0,50.0,50.0,50.0,50.0,50.0,50.0,50.0,50.0,1.0
F du Plessis,2017,Rising Pune Supergiant,BAT,South Africa,right-hand-bat,legbreak,0,8,0,7,0,50.0,50.0,50.0,50.0,50.0,50.0,50.0,50.0,1.0
IK Pathan,2017,Gujarat Lions,BOWL,India,left-hand-bat,left-arm-fast-medium,0,2,0,3,12,50.0,50.0,50.0,50.0,50.0,50.0,50.5,50.0,1.0
IR Jaggi,2017,Kolkata Knight Riders,BAT,India,right-hand-bat,legbreak-googly,0,33,0,40,0,50.0,50.0,50.0,50.0,50.0,50.0,50.0,50.0,1.0
MS Gony,2017,Gujarat Lions,BOWL,India,right-hand-bat,right-arm-fast-medium,0,0,0,0,15,50.0,50.0,50.0,50.0,50.0,50.0,50.0,50.0,1.0
Mustafizur Rahman,2017,Sunrisers Hyderabad,BOWL,Bangladesh,left-hand-bat,left-arm-fast-medium,0,0,0,0,17,50.0,50.0,50.0,50.0,50.0,50.0,50.0,50.0,1.0
Sachin Baby,2017,Royal Challengers Bengaluru,BAT,India,left-hand-bat,right-arm-offbreak,0,15,0,17,0,50.0,50.0,50.0,50.0,58.4,50.0,50.0,50.0,1.0
Tejas Baroka,2017,Gujarat Lions,BOWL,India,right-hand-bat,legbreak-googly,0,0,0,0,21,50.0,50.0,50.0,50.0,50.0,50.0,50.0,50.0,1.0
DA Warner,2019,Sunrisers Hyderabad,BAT,Australia,left-hand-bat,legbreak,0,692,0,496,0,97.3,50.0,82.0,50.0,76.9,50.0,78.4,99.0,20.0
Imran Tahir,2019,Chennai Super Kings,BOWL,South Africa,right-hand-bat,legbreak-googly,0,0,26,0,388,50.0,96.1,50.0,50.0,50.0,77.4,84.0,99.0,20.0
JJ Bumrah,2019,Mumbai Indians,BOWL,India,right-hand-bat,right-arm-fast,0,0,20,1,382,50.0,99.0,50.0,89.2,50.0,79.8,83.5,99.0,20.0
K Rabada,2019,Delhi Capitals,BOWL,South Africa,left-hand-bat,right-arm-fast,0,14,26,15,298,50.0,99.0,50.0,82.7,59.9,78.8,81.4,99.0,20.0
YS Chahal,2019,Royal Challengers Bengaluru,BOWL,India,right-hand-bat,legbreak-googly,0,6,18,16,308,50.0,93.0,50.0,97.1,50.0,77.9,81.1,96.1,16.82
KL Rahul,2019,Punjab Kings,WK,India,unknown,unknown,1,593,0,447,0,91.5,50.0,76.9,50.0,78.3,50.0,80.3,94.5,15.23
S Gopal,2019,Rajasthan Royals,BOWL,India,right-hand-bat,legbreak,0,63,20,46,289,60.6,91.4,50.0,99.0,66.5,79.9,80.1,94.4,15.14
Rashid Khan,2019,Sunrisers Hyderabad,BOWL,Afghanistan,right-hand-bat,legbreak-googly,0,34,17,26,367,50.0,90.9,50.0,99.0,66.2,75.7,79.0,93.8,14.57
CH Gayle,2019,Punjab Kings,BAT,West Indies,left-hand-bat,right-arm-offbreak,0,490,0,338,0,90.3,50.0,79.1,50.0,77.3,50.0,78.3,93.1,13.93
S Dhawan,2019,Delhi Capitals,BAT,India,left-hand-bat,right-arm-offbreak,0,521,0,391,0,90.0,50.0,80.0,50.0,61.6,50.0,77.5,92.8,13.66
AD Russell,2019,Kolkata Knight Riders,AR,West Indies,right-hand-bat,legbreak,0,514,11,274,182,95.6,79.5,50.0,72.5,90.9,88.2,77.4,91.1,12.21
Q de Kock,2019,Mumbai Indians,WK,South Africa,left-hand-bat,unknown,1,529,0,404,0,87.9,50.0,77.6,50.0,77.1,50.0,78.4,90.7,11.89
KK Ahmed,2019,Sunrisers Hyderabad,BOWL,India,right-hand-bat,right-arm-fast-medium,0,0,19,1,222,50.0,87.6,50.0,75.1,50.0,81.8,79.2,90.5,11.73
PA Patel,2019,Royal Challengers Bengaluru,WK,India,right-hand-bat,right-arm-fast,1,373,0,273,0,87.3,50.0,80.2,50.0,62.3,50.0,78.0,90.1,11.41
CA Lynn,2019,Kolkata Knight Riders,BAT,Australia,right-hand-bat,slow-left-arm-orthodox,0,405,0,296,0,86.7,50.0,79.9,50.0,50.0,50.0,77.6,89.5,10.95
JC Buttler,2019,Rajasthan Royals,WK,England,right-hand-bat,unknown,1,311,0,213,0,86.3,50.0,78.9,50.0,50.0,50.0,79.6,89.3,10.8
RA Jadeja,2019,Chennai Super Kings,BOWL,India,left-hand-bat,slow-left-arm-orthodox,0,106,15,94,326,70.3,85.4,50.0,63.5,72.3,81.8,88.5,89.2,10.73
Harbhajan Singh,2019,Chennai Super Kings,BOWL,India,right-hand-bat,right-arm-offbreak,0,1,16,3,269,50.0,86.0,50.0,76.4,50.0,71.8,80.6,89.1,10.65
RD Chahar,2019,Mumbai Indians,BOWL,India,right-hand-bat,legbreak-googly,0,12,13,11,287,50.0,86.1,50.0,80.8,57.9,50.0,80.4,89.1,10.65
JC Archer,2019,Rajasthan Royals,BOWL,England,right-hand-bat,right-arm-fast,0,67,11,41,264,64.1,85.3,50.0,83.1,80.5,76.9,81.6,88.5,10.22
AM Rahane,2019,Rajasthan Royals,BAT,India,right-hand-bat,right-arm-fast-medium,0,393,0,289,0,85.4,50.0,78.4,50.0,68.7,50.0,78.0,88.2,10.0
R Ashwin,2019,Punjab Kings,BOWL,India,right-hand-bat,right-arm-offbreak,0,42,15,28,342,50.0,84.9,50.0,72.9,68.0,83.8,81.1,88.0,9.86
JM Bairstow,2019,Sunrisers Hyderabad,WK,England,right-hand-bat,right-arm-fast-medium,1,445,0,292,0,85.0,50.0,81.3,50.0,50.7,50.0,78.9,87.9,9.79
N Rana,2019,Kolkata Knight Riders,BAT,India,right-hand-bat,right-arm-fast-medium,0,344,3,240,50,84.8,62.8,79.2,50.0,84.9,50.0,80.0,87.8,9.72
RR Pant,2019,Delhi Capitals,WK,India,left-hand-bat,unknown,1,494,0,311,0,84.6,50.0,50.0,50.0,80.6,50.0,82.1,87.8,9.72
SP Narine,2019,Kolkata Knight Riders,BOWL,West Indies,left-hand-bat,right-arm-offbreak,0,143,10,90,273,72.0,83.4,72.9,89.0,50.0,79.1,82.3,86.6,8.92
A Mishra,2019,Delhi Capitals,BOWL,India,right-hand-bat,legbreak,0,21,11,26,243,50.0,83.0,50.0,50.0,66.7,62.7,79.6,86.0,8.53
DL Chahar,2019,Chennai Super Kings,BOWL,India,right-hand-bat,right-arm-fast-medium,0,7,22,10,400,50.0,83.4,50.0,75.8,56.1,80.6,74.8,85.9,8.47
PP Shaw,2019,Delhi Capitals,BAT,India,right-hand-bat,right-arm-offbreak,0,353,0,270,0,83.2,50.0,77.5,50.0,68.3,50.0,77.1,85.9,8.47
RG Sharma,2019,Mumbai Indians,BAT,India,right-hand-bat,right-arm-fast-medium,0,405,0,319,0,83.2,50.0,78.9,50.0,50.0,50.0,75.5,85.8,8.41
SS Iyer,2019,Delhi Capitals,BAT,India,right-hand-bat,legbreak-googly,0,467,0,399,0,83.1,50.0,79.7,50.0,69.7,50.0,76.6,85.8,8.41
AB de Villiers,2019,Royal Challengers Bengaluru,WK,South Africa,right-hand-bat,right-arm-fast-medium,1,442,0,294,0,82.7,50.0,74.7,50.0,90.5,50.0,75.4,85.2,8.04
MK Pandey,2019,Sunrisers Hyderabad,BAT,India,right-hand-bat,right-arm-fast-medium,0,345,0,268,0,81.7,50.0,79.5,50.0,75.2,50.0,83.2,85.0,7.92
MS Dhoni,2019,Chennai Super Kings,WK,India,right-hand-bat,right-arm-fast-medium,1,416,0,317,0,81.9,50.0,50.0,50.0,77.8,50.0,81.0,85.0,7.92
Mohammed Shami,2019,Punjab Kings,BOWL,India,right-hand-bat,right-arm-fast,0,1,19,2,331,50.0,82.4,50.0,73.9,50.0,76.2,75.4,84.9,7.87
F du Plessis,2019,Chennai Super Kings,BAT,South Africa,right-hand-bat,legbreak,0,396,0,326,0,81.8,50.0,75.7,50.0,65.0,50.0,75.9,84.4,7.57
V Kohli,2019,Royal Challengers Bengaluru,BAT,India,right-hand-bat,right-arm-fast-medium,0,464,0,332,0,81.4,50.0,75.8,50.0,81.8,50.0,74.1,83.8,7.24
SR Watson,2019,Chennai Super Kings,BAT,Australia,right-hand-bat,right-arm-fast-medium,0,398,0,321,0,80.9,50.0,71.7,50.0,81.4,50.0,76.8,83.6,7.13
MA Agarwal,2019,Punjab Kings,BAT,India,right-hand-bat,unknown,0,332,0,241,0,80.2,50.0,75.6,50.0,50.0,50.0,75.4,82.7,6.65
SA Yadav,2019,Mumbai Indians,WK,India,left-hand-bat,slow-left-arm-orthodox,1,424,0,327,0,79.3,50.0,77.2,50.0,50.0,50.0,69.6,81.3,5.95
KMA Paul,2019,Delhi Capitals,BOWL,West Indies,right-hand-bat,right-arm-fast-medium,0,18,9,26,180,50.0,77.7,50.0,50.0,65.6,74.7,84.7,81.2,5.9
SK Raina,2019,Chennai Super Kings,BAT,India,left-hand-bat,right-arm-offbreak,0,383,0,321,6,78.5,50.0,74.8,50.0,61.3,50.0,72.6,80.8,5.72
DJ Bravo,2019,Chennai Super Kings,BOWL,West Indies,left-hand-bat,right-arm-fast-medium,0,80,11,68,263,64.0,77.6,50.0,50.0,69.0,76.4,75.7,80.2,5.45
AR Patel,2019,Delhi Capitals,BOWL,India,right-hand-bat,right-arm-fast-medium,0,110,10,90,307,68.4,77.1,50.0,73.8,75.3,71.7,79.7,80.1,5.4
HH Pandya,2019,Mumbai Indians,AR,India,right-hand-bat,right-arm-fast-medium,0,409,14,225,269,86.6,66.6,50.0,67.3,82.7,67.4,73.6,80.0,5.36
N Pooran,2019,Punjab Kings,WK,West Indies,left-hand-bat,unknown,1,168,0,110,0,77.5,50.0,50.0,50.0,74.4,50.0,75.3,80.0,5.36
SM Curran,2019,Punjab Kings,BOWL,England,left-hand-bat,left-arm-fast-medium,0,95,10,55,207,61.0,77.3,58.1,72.2,71.5,79.5,76.7,80.0,5.36
Navdeep Saini,2019,Royal Challengers Bengaluru,BOWL,India,right-hand-bat,right-arm-fast,0,2,11,4,299,50.0,77.2,50.0,73.7,50.0,76.4,74.7,79.7,5.23
SPD Smith,2019,Rajasthan Royals,BAT,Australia,right-hand-bat,right-arm-offbreak,0,319,0,283,0,77.2,50.0,76.4,50.0,72.7,50.0,74.8,79.7,5.23
CH Morris,2019,Delhi Capitals,BOWL,South Africa,right-hand-bat,right-arm-fast-medium,0,32,13,38,206,55.8,76.7,50.0,70.3,66.7,77.5,77.4,79.4,5.1
KA Pollard,2019,Mumbai Indians,BAT,West Indies,right-hand-bat,right-arm-fast-medium,0,281,0,186,0,76.2,50.0,50.0,50.0,81.6,50.0,81.5,79.4,5.1
Gurkeerat Singh,2019,Royal Challengers Bengaluru,BAT,India,right-hand-bat,right-arm-offbreak,0,98,0,73,0,75.8,50.0,67.2,50.0,76.9,50.0,79.8,78.8,4.86
B Kumar,2019,Sunrisers Hyderabad,BOWL,India,right-hand-bat,right-arm-fast-medium,0,12,13,19,367,50.0,75.9,50.0,75.0,62.1,73.5,74.4,78.3,4.66
O Thomas,2019,Rajasthan Royals,BOWL,West Indies,left-hand-bat,right-arm-fast,0,0,5,0,63,50.0,76.3,50.0,86.5,50.0,62.9,69.6,78.3,4.66
DA Miller,2019,Punjab Kings,BAT,South Africa,left-hand-bat,right-arm-offbreak,0,213,0,174,0,75.0,50.0,50.0,50.0,69.2,50.0,79.7,78.0,4.55
HF Gurney,2019,Kolkata Knight Riders,BOWL,England,right-hand-bat,left-arm-fast-medium,0,1,7,5,169,50.0,75.6,50.0,79.9,50.0,73.8,73.8,78.0,4.55
KH Pandya,2019,Mumbai Indians,AR,India,left-hand-bat,slow-left-arm-orthodox,0,183,12,158,282,71.0,80.5,50.0,78.7,77.9,75.0,75.9,77.9,4.51
GC Viljoen,2019,Punjab Kings,BOWL,South Africa,right-hand-bat,right-arm-fast,0,3,7,7,146,50.0,74.8,50.0,75.5,50.0,68.5,79.9,77.8,4.47
SL Malinga,2019,Mumbai Indians,BOWL,Sri Lanka,right-hand-bat,right-arm-fast,0,0,16,0,280,50.0,75.8,50.0,76.5,50.0,74.2,69.7,77.8,4.47
SV Samson,2019,Rajasthan Royals,WK,India,right-hand-bat,unknown,1,342,0,238,0,75.2,50.0,64.6,50.0,80.3,50.0,76.0,77.8,4.47
MM Ali,2019,Royal Challengers Bengaluru,AR,England,right-hand-bat,right-arm-fast-medium,0,220,6,137,151,78.3,73.3,68.1,65.4,82.7,61.5,66.1,77.7,4.43
Shubman Gill,2019,Kolkata Knight Riders,BAT,India,right-hand-bat,right-arm-offbreak,0,296,0,242,0,75.0,50.0,76.8,50.0,68.7,50.0,75.3,77.5,4.36
I Sharma,2019,Delhi Capitals,BOWL,India,right-hand-bat,right-arm-fast-medium,0,10,13,3,285,50.0,74.8,50.0,74.2,50.0,73.5,72.9,77.1,4.21
M Ashwin,2019,Punjab Kings,BOWL,India,right-hand-bat,legbreak-googly,0,3,5,5,211,50.0,74.5,50.0,50.0,50.0,61.5,76.0,77.1,4.21
MJ Santner,2019,Chennai Super Kings,BOWL,New Zealand,left-hand-bat,slow-left-arm-orthodox,0,32,4,25,88,50.0,74.9,50.0,72.8,60.4,61.5,69.3,76.8,4.11
JD Unadkat,2019,Rajasthan Royals,BOWL,India,right-hand-bat,left-arm-fast-medium,0,1,10,3,236,50.0,73.8,50.0,80.4,50.0,69.7,78.9,76.7,4.07
Mandeep Singh,2019,Punjab Kings,BAT,India,right-hand-bat,right-arm-fast,0,165,0,122,12,74.4,50.0,50.0,50.0,73.4,50.0,71.7,76.6,4.04
Mohammed Siraj,2019,Royal Challengers Bengaluru,BOWL,India,right-hand-bat,right-arm-fast-medium,0,4,7,15,179,50.0,73.8,50.0,70.8,58.0,76.9,75.6,76.4,3.97
S Lamichhane,2019,Delhi Capitals,BOWL,Nepal,right-hand-bat,legbreak-googly,0,0,8,1,138,50.0,73.7,50.0,70.1,50.0,60.6,77.5,76.4,3.97
SN Khan,2019,Punjab Kings,BAT,Saudi Arabia,left-hand-bat,slow-left-arm-orthodox,0,180,0,145,2,73.4,50.0,78.3,50.0,70.7,50.0,72.3,75.6,3.71
KD Karthik,2019,Kolkata Knight Riders,BAT,India,unknown,unknown,0,254,0,180,0,74.4,50.0,62.8,50.0,80.7,50.0,60.2,75.4,3.65
WP Saha,2019,Sunrisers Hyderabad,WK,India,right-hand-bat,unknown,1,86,0,55,0,73.6,50.0,87.5,50.0,50.0,50.0,63.1,74.9,3.49
MP Stoinis,2019,Royal Challengers Bengaluru,AR,Australia,right-hand-bat,right-arm-fast-medium,0,211,2,159,103,74.4,68.3,50.0,50.0,73.4,56.7,81.2,74.8,3.46
S Kaul,2019,Sunrisers Hyderabad,BOWL,India,right-hand-bat,right-arm-fast-medium,0,0,6,1,169,50.0,71.9,50.0,64.5,50.0,70.1,79.4,74.8,3.46
CA Ingram,2019,Delhi Capitals,BAT,South Africa,left-hand-bat,legbreak,0,184,0,157,0,72.0,50.0,50.0,50.0,69.5,50.0,76.9,74.7,3.43
AT Rayudu,2019,Chennai Super Kings,WK,India,right-hand-bat,right-arm-offbreak,1,282,0,307,0,72.2,50.0,68.0,50.0,72.5,50.0,72.9,74.5,3.38
SN Thakur,2019,Chennai Super Kings,BOWL,India,right-hand-bat,right-arm-fast-medium,0,14,8,7,190,50.0,71.7,50.0,69.7,50.0,71.1,76.7,74.4,3.35
RV Uthappa,2019,Kolkata Knight Riders,WK,India,right-hand-bat,right-arm-fast-medium,1,284,0,256,0,71.8,50.0,63.4,50.0,73.8,50.0,74.7,74.3,3.32
V Shankar,2019,Sunrisers Hyderabad,BAT,India,right-hand-bat,right-arm-fast-medium,0,244,1,196,52,73.2,61.0,60.6,50.0,76.2,63.6,61.1,74.3,3.32
BA Stokes,2019,Rajasthan Royals,AR,England,left-hand-bat,right-arm-fast-medium,0,123,6,100,109,70.2,74.2,50.0,63.4,75.4,68.3,70.7,74.1,3.26
R Parag,2019,Rajasthan Royals,AR,India,right-hand-bat,legbreak,0,160,2,133,84,77.4,63.4,50.0,50.0,81.5,50.0,80.0,74.1,3.26
RA Tripathi,2019,Rajasthan Royals,BAT,India,right-hand-bat,right-arm-fast-medium,0,141,0,122,0,72.0,50.0,81.8,50.0,69.1,50.0,69.9,74.0,3.23
Sandeep Sharma,2019,Sunrisers Hyderabad,BOWL,India,right-hand-bat,right-arm-fast-medium,0,6,12,4,265,50.0,71.4,50.0,68.2,50.0,76.1,62.7,72.7,2.89
VR Aaron,2019,Rajasthan Royals,BOWL,India,right-hand-bat,right-arm-fast,0,3,4,7,74,50.0,69.4,50.0,75.4,50.0,61.0,79.7,72.4,2.82
P Negi,2019,Royal Challengers Bengaluru,BOWL,India,left-hand-bat,slow-left-arm-orthodox,0,9,3,12,70,50.0,70.1,50.0,50.0,50.0,50.0,69.5,72.0,2.72
Yuvraj Singh,2019,Mumbai Indians,BAT,India,left-hand-bat,slow-left-arm-orthodox,0,98,0,83,0,71.5,50.0,50.0,50.0,62.1,50.0,50.0,71.5,2.61
MJ McClenaghan,2019,Mumbai Indians,BOWL,New Zealand,left-hand-bat,left-arm-fast-medium,0,11,3,16,114,50.0,69.2,50.0,68.7,57.6,70.5,72.4,71.4,2.58
SO Hetmyer,2019,Royal Challengers Bengaluru,BAT,West Indies,left-hand-bat,unknown,0,90,0,76,0,68.9,50.0,72.5,50.0,57.6,50.0,75.4,71.4,2.58
PP Chawla,2019,Kolkata Knight Riders,BOWL,India,left-hand-bat,legbreak,0,42,10,38,267,58.0,69.9,50.0,70.7,69.9,74.3,63.2,71.2,2.54
JP Behrendorff,2019,Mumbai Indians,BOWL,Australia,right-hand-bat,left-arm-fast-medium,0,0,5,0,117,50.0,68.8,50.0,70.9,50.0,50.0,72.5,71.0,2.5
Kuldeep Yadav,2019,Kolkata Knight Riders,BOWL,India,left-hand-bat,left-arm-chinaman,0,12,4,8,202,50.0,69.2,50.0,50.0,50.0,74.8,67.3,70.9,2.47
TA Boult,2019,Delhi Capitals,BOWL,New Zealand,right-hand-bat,left-arm-fast-medium,0,7,5,4,120,50.0,69.0,50.0,71.0,50.0,68.6,67.5,70.8,2.45
Mohammad Nabi,2019,Sunrisers Hyderabad,AR,Afghanistan,right-hand-bat,right-arm-offbreak,0,121,8,81,175,60.4,77.9,50.0,84.2,74.4,60.9,73.0,70.6,2.41
KM Jadhav,2019,Chennai Super Kings,BAT,India,right-hand-bat,right-arm-offbreak,0,162,0,172,0,68.2,50.0,71.5,50.0,69.9,50.0,73.3,70.5,2.39
KS Williamson,2019,Sunrisers Hyderabad,BAT,New Zealand,right-hand-bat,right-arm-offbreak,0,156,0,134,0,68.8,50.0,63.4,50.0,79.9,50.0,63.3,70.1,2.31
M Prasidh Krishna,2019,Kolkata Knight Riders,BOWL,India,right-hand-bat,right-arm-fast-medium,0,0,5,2,260,50.0,68.1,50.0,78.2,50.0,68.8,70.4,70.1,2.31
Ishan Kishan,2019,Mumbai Indians,WK,India,left-hand-bat,unknown,1,101,0,104,0,68.7,50.0,63.5,50.0,50.0,50.0,61.0,69.8,2.25
AJ Tye,2019,Punjab Kings,BOWL,Australia,right-hand-bat,right-arm-fast-medium,0,0,3,2,137,50.0,68.0,50.0,64.4,50.0,70.7,66.2,69.6,2.22
C Munro,2019,Delhi Capitals,BAT,New Zealand,left-hand-bat,right-arm-fast-medium,0,84,0,72,0,67.9,50.0,79.9,50.0,50.0,50.0,66.9,69.6,2.22
AS Joseph,2019,Mumbai Indians,BOWL,West Indies,right-hand-bat,right-arm-fast-medium,0,15,6,13,55,50.0,67.0,50.0,68.3,59.6,68.8,69.9,69.0,2.11
DS Kulkarni,2019,Rajasthan Royals,BOWL,India,right-hand-bat,right-arm-fast-medium,0,5,6,3,219,50.0,66.8,50.0,72.7,50.0,65.0,71.9,69.0,2.11
DW Steyn,2019,Royal Challengers Bengaluru,BOWL,South Africa,right-hand-bat,right-arm-fast,0,0,4,0,48,50.0,67.0,50.0,85.0,50.0,53.5,69.5,69.0,2.11
M Vijay,2019,Chennai Super Kings,BAT,India,right-hand-bat,right-arm-offbreak,0,64,0,61,0,67.8,50.0,74.6,50.0,50.0,50.0,60.9,68.9,2.09
IS Sodhi,2019,Rajasthan Royals,BOWL,New Zealand,right-hand-bat,legbreak,0,6,4,12,44,50.0,68.2,50.0,61.5,50.0,50.0,50.0,68.2,1.97
Washington Sundar,2019,Royal Challengers Bengaluru,BOWL,India,left-hand-bat,right-arm-offbreak,0,1,4,4,54,50.0,66.0,50.0,50.0,50.0,50.0,71.2,68.1,1.96
UT Yadav,2019,Royal Challengers Bengaluru,BOWL,India,right-hand-bat,right-arm-fast,0,25,8,26,238,50.0,66.1,50.0,73.2,63.7,69.4,68.7,68.0,1.94
LS Livingstone,2019,Rajasthan Royals,BAT,England,right-hand-bat,legbreak,0,70,0,48,6,65.6,50.0,80.8,50.0,50.0,50.0,69.2,67.5,1.87
Mujeeb Ur Rahman,2019,Punjab Kings,BOWL,Afghanistan,right-hand-bat,right-arm-offbreak,0,0,3,4,123,50.0,64.7,50.0,66.0,50.0,59.3,74.7,67.2,1.82
Shakib Al Hasan,2019,Sunrisers Hyderabad,BOWL,Bangladesh,left-hand-bat,slow-left-arm-orthodox,0,9,2,11,66,50.0,65.3,50.0,69.3,56.2,50.0,60.1,66.3,1.7
K Gowtham,2019,Rajasthan Royals,BOWL,India,right-hand-bat,right-arm-offbreak,0,18,1,19,122,50.0,64.3,50.0,65.8,57.1,50.0,69.1,66.2,1.69
S Sandeep Warrier,2019,Kolkata Knight Riders,BOWL,India,right-hand-bat,right-arm-fast-medium,0,0,2,0,73,50.0,65.2,50.0,71.6,50.0,50.0,58.5,66.0,1.66
LH Ferguson,2019,Kolkata Knight Riders,BOWL,New Zealand,right-hand-bat,right-arm-fast,0,0,2,0,107,50.0,63.6,50.0,66.9,50.0,69.9,62.4,64.8,1.52
MJ Guptill,2019,Sunrisers Hyderabad,BAT,New Zealand,right-hand-bat,right-arm-offbreak,0,82,0,54,0,62.2,50.0,73.4,50.0,50.0,50.0,76.1,64.8,1.52
Basil Thampi,2019,Sunrisers Hyderabad,BOWL,India,right-hand-bat,right-arm-fast-medium,0,1,0,1,73,50.0,63.5,50.0,50.0,50.0,53.7,58.2,64.3,1.47
S Nadeem,2019,Sunrisers Hyderabad,BOWL,India,right-hand-bat,slow-left-arm-orthodox,0,0,2,0,54,50.0,62.7,50.0,50.0,50.0,50.0,62.6,64.0,1.44
SE Rutherford,2019,Delhi Capitals,AR,West Indies,left-hand-bat,right-arm-fast-medium,0,73,1,55,46,63.1,60.7,50.0,50.0,79.1,50.0,62.7,63.3,1.38
STR Binny,2019,Rajasthan Royals,AR,India,right-hand-bat,right-arm-fast-medium,0,70,1,42,43,61.5,60.8,50.0,59.3,76.5,50.0,66.3,62.8,1.34
AD Nath,2019,Royal Challengers Bengaluru,BAT,India,right-hand-bat,right-arm-fast-medium,0,61,0,58,0,61.6,50.0,50.0,50.0,59.0,50.0,57.3,62.3,1.3
J Yadav,2019,Mumbai Indians,BOWL,India,left-hand-bat,left-arm-fast,0,0,1,0,43,50.0,62.2,50.0,70.4,50.0,50.0,50.0,62.2,1.29
DJ Hooda,2019,Sunrisers Hyderabad,BAT,India,right-hand-bat,right-arm-offbreak,0,64,1,68,13,60.5,50.0,50.0,50.0,67.6,50.0,55.4,61.0,1.21
HV Patel,2019,Delhi Capitals,BOWL,India,right-hand-bat,right-arm-fast-medium,0,0,2,3,52,50.0,60.7,50.0,50.0,50.0,55.0,50.0,60.7,1.2
Arshdeep Singh,2019,Punjab Kings,BOWL,India,left-hand-bat,left-arm-fast-medium,0,0,3,0,65,50.0,58.5,50.0,63.7,50.0,59.4,70.3,60.5,1.19
AS Rajpoot,2019,Punjab Kings,BOWL,India,right-hand-bat,right-arm-fast-medium,0,0,3,0,102,50.0,58.3,50.0,68.9,50.0,67.1,55.2,58.8,1.11
C de Grandhomme,2019,Royal Challengers Bengaluru,AR,New Zealand,right-hand-bat,right-arm-fast-medium,0,46,0,50,31,60.4,54.9,50.0,50.0,62.0,50.0,56.6,58.6,1.1
E Lewis,2019,Mumbai Indians,BAT,West Indies,left-hand-bat,unknown,0,48,0,53,0,58.6,50.0,67.4,50.0,50.0,50.0,50.0,58.6,1.1
M Markande,2019,Mumbai Indians,BOWL,India,right-hand-bat,legbreak,0,6,1,5,37,50.0,56.9,50.0,50.0,50.0,50.0,66.3,58.5,1.1
SC Kuggeleijn,2019,Chennai Super Kings,BOWL,New Zealand,right-hand-bat,right-arm-fast-medium,0,0,2,0,50,50.0,58.5,50.0,50.0,50.0,69.8,50.0,58.5,1.1
S Dube,2019,Royal Challengers Bengaluru,BAT,India,left-hand-bat,right-arm-fast-medium,0,40,0,33,11,56.1,50.0,50.0,50.0,50.0,50.0,73.4,58.4,1.1
RK Singh,2019,Kolkata Knight Riders,BAT,India,right-hand-bat,left-arm-fast-medium,0,37,0,34,0,57.7,50.0,50.0,50.0,56.7,50.0,50.0,57.7,1.07
YK Pathan,2019,Sunrisers Hyderabad,BAT,India,right-hand-bat,right-arm-offbreak,0,40,0,47,6,57.6,50.0,50.0,50.0,70.5,50.0,50.0,57.6,1.07
Y Prithvi Raj,2019,Kolkata Knight Riders,BOWL,unknown,unknown,unknown,0,0,1,1,33,50.0,55.9,50.0,52.5,50.0,50.0,57.2,56.6,1.05
K Khejroliya,2019,Royal Challengers Bengaluru,BOWL,India,left-hand-bat,left-arm-fast-medium,0,0,1,0,31,50.0,56.4,50.0,50.0,50.0,50.0,50.0,56.4,1.04
R Tewatia,2019,Delhi Capitals,AR,India,left-hand-bat,legbreak,0,26,2,22,39,50.0,61.6,50.0,50.0,62.6,50.0,50.0,55.2,1.02
TG Southee,2019,Royal Challengers Bengaluru,BOWL,New Zealand,right-hand-bat,right-arm-fast-medium,0,9,1,9,58,50.0,51.5,50.0,63.8,50.0,51.6,63.8,52.9,1.0
Harpreet Brar,2019,Punjab Kings,AR,India,left-hand-bat,slow-left-arm-orthodox,0,20,0,14,30,50.0,53.5,50.0,52.4,65.4,50.0,59.4,52.5,1.0
BB Sran,2019,Mumbai Indians,BOWL,India,left-hand-bat,left-arm-fast-medium,0,3,0,3,25,50.0,50.0,50.0,50.0,50.0,50.0,72.7,52.3,1.0
SD Lad,2019,Mumbai Indians,BAT,Canada,right-hand-bat,right-arm-offbreak,0,15,0,13,0,50.0,50.0,59.5,50.0,50.0,50.0,58.7,50.9,1.0
Rasikh Salam,2019,Mumbai Indians,BOWL,India,right-hand-bat,right-arm-fast-medium,0,5,0,4,27,50.0,50.0,50.0,58.4,50.0,50.0,56.7,50.7,1.0
CV Varun,2019,Punjab Kings,BOWL,India,right-hand-bat,legbreak-googly,0,0,1,0,18,50.0,50.0,50.0,50.0,50.0,50.0,56.3,50.6,1.0
NS Naik,2019,Kolkata Knight Riders,WK,India,right-hand-bat,unknown,1,7,0,17,0,50.0,50.0,72.8,50.0,50.0,50.0,54.9,50.5,1.0
AJ Turner,2019,Rajasthan Royals,BAT,Australia,right-hand-bat,right-arm-offbreak,0,3,0,11,0,50.0,50.0,50.0,50.0,53.6,50.0,50.0,50.0,1.0
AS Roy,2019,Mumbai Indians,BOWL,India,right-hand-bat,right-arm-fast,0,0,1,0,15,50.0,50.0,50.0,50.0,50.0,50.0,50.0,50.0,1.0
Abhishek Sharma,2019,Sunrisers Hyderabad,AR,India,left-hand-bat,slow-left-arm-orthodox,0,9,1,10,13,50.0,50.0,50.0,50.0,50.0,50.0,50.0,50.0,1.0
Avesh Khan,2019,Delhi Capitals,BOWL,India,right-hand-bat,right-arm-fast-medium,0,4,0,3,19,50.0,50.0,50.0,50.0,50.0,50.0,50.0,50.0,1.0
BCJ Cutting,2019,Mumbai Indians,AR,Australia,right-hand-bat,right-arm-fast-medium,0,18,1,17,12,50.0,50.0,50.0,50.0,61.5,50.0,50.0,50.0,1.0
CR Brathwaite,2019,Kolkata Knight Riders,AR,West Indies,right-hand-bat,right-arm-fast-medium,0,11,0,10,21,50.0,50.0,50.0,50.0,57.3,50.0,50.0,50.0,1.0
DR Shorey,2019,Chennai Super Kings,BAT,India,right-hand-bat,right-arm-offbreak,0,5,0,11,0,50.0,50.0,50.0,50.0,50.0,50.0,50.0,50.0,1.0
GH Vihari,2019,Delhi Capitals,AR,India,unknown,unknown,0,4,0,8,6,50.0,50.0,50.0,50.0,50.0,50.0,50.0,50.0,1.0
H Klaasen,2019,Royal Challengers Bengaluru,WK,South Africa,right-hand-bat,unknown,1,9,0,10,0,50.0,50.0,50.0,50.0,50.0,50.0,50.0,50.0,1.0
J Suchith,2019,Delhi Capitals,AR,India,left-hand-bat,slow-left-arm-orthodox,0,6,2,15,24,50.0,50.0,50.0,64.4,50.0,50.0,50.0,50.0,1.0
JL Denly,2019,Kolkata Knight Riders,BAT,England,left-hand-bat,slow-left-arm-orthodox,0,0,0,1,0,50.0,50.0,50.0,50.0,50.0,50.0,50.0,50.0,1.0
KC Cariappa,2019,Kolkata Knight Riders,BOWL,India,right-hand-bat,legbreak,0,9,0,3,13,50.0,50.0,50.0,50.0,50.0,50.0,50.0,50.0,1.0
KK Nair,2019,Punjab Kings,BAT,India,right-hand-bat,right-arm-offbreak,0,5,0,6,0,50.0,50.0,50.0,50.0,50.0,50.0,50.0,50.0,1.0
KV Sharma,2019,Chennai Super Kings,BOWL,India,right-hand-bat,right-arm-offbreak,0,0,1,0,17,50.0,50.0,50.0,50.0,50.0,50.0,50.0,50.0,1.0
MK Lomror,2019,Rajasthan Royals,BAT,India,left-hand-bat,slow-left-arm-orthodox,0,8,0,3,0,50.0,50.0,50.0,50.0,50.0,50.0,50.0,50.0,1.0
MM Sharma,2019,Chennai Super Kings,BOWL,India,left-hand-bat,slow-left-arm-orthodox,0,0,1,2,18,50.0,50.0,50.0,50.0,50.0,50.0,50.0,50.0,1.0
P Ray Barman,2019,Royal Challengers Bengaluru,AR,India,right-hand-bat,legbreak-googly,0,19,0,25,24,50.0,50.0,50.0,50.0,50.0,50.0,50.0,50.0,1.0
P Simran Singh,2019,Punjab Kings,BAT,India,right-hand-bat,right-arm-fast-medium,0,16,0,18,0,50.0,50.0,50.0,50.0,59.8,50.0,50.0,50.0,1.0
RK Bhui,2019,Sunrisers Hyderabad,BAT,India,right-hand-bat,legbreak-googly,0,7,0,13,0,50.0,50.0,50.0,50.0,50.0,50.0,50.0,50.0,1.0
S Midhun,2019,Rajasthan Royals,BOWL,India,right-hand-bat,legbreak-googly,0,0,0,0,13,50.0,50.0,50.0,50.0,50.0,50.0,50.0,50.0,1.0
SW Billings,2019,Chennai Super Kings,WK,England,right-hand-bat,unknown,1,0,0,5,0,50.0,50.0,50.0,50.0,50.0,50.0,50.0,50.0,1.0
JJ Bumrah,2020,Mumbai Indians,BOWL,India,right-hand-bat,right-arm-fast,0,5,29,3,384,50.0,99.0,50.0,99.0,50.0,75.2,73.6,99.0,20.0
Rashid Khan,2020,Sunrisers Hyderabad,BOWL,Afghanistan,right-hand-bat,legbreak-googly,0,35,20,32,391,58.3,94.5,50.0,50.0,75.9,76.1,81.8,97.7,18.53
Mohammed Shami,2020,Punjab Kings,BOWL,India,right-hand-bat,right-arm-fast,0,2,20,3,342,50.0,93.5,50.0,87.4,50.0,73.0,78.2,96.3,17.03
K Rabada,2020,Delhi Capitals,BOWL,South Africa,left-hand-bat,right-arm-fast,0,56,32,52,414,65.6,93.2,50.0,78.5,74.5,75.2,75.1,95.7,16.41
DA Warner,2020,Sunrisers Hyderabad,BAT,Australia,left-hand-bat,legbreak,0,548,0,423,2,92.5,50.0,78.1,50.0,59.5,50.0,81.1,95.6,16.31
S Dhawan,2020,Delhi Capitals,BAT,India,left-hand-bat,right-arm-offbreak,0,618,0,433,0,91.5,50.0,78.8,50.0,77.2,50.0,76.3,94.1,14.85
YS Chahal,2020,Royal Challengers Bengaluru,BOWL,India,right-hand-bat,legbreak-googly,0,1,21,5,348,50.0,90.9,50.0,67.0,50.0,71.4,80.8,94.0,14.76
JC Archer,2020,Rajasthan Royals,BOWL,England,right-hand-bat,right-arm-fast,0,113,20,66,345,73.2,90.5,50.0,82.0,83.2,72.4,78.9,93.4,14.2
MA Agarwal,2020,Punjab Kings,BAT,India,right-hand-bat,unknown,0,432,0,285,0,90.3,50.0,75.6,50.0,82.1,50.0,79.4,93.2,14.02
TA Boult,2020,Mumbai Indians,BOWL,New Zealand,right-hand-bat,left-arm-fast-medium,0,0,25,1,354,50.0,89.5,50.0,80.3,50.0,71.2,75.8,92.1,13.05
D Padikkal,2020,Royal Challengers Bengaluru,BAT,India,left-hand-bat,right-arm-offbreak,0,473,0,398,0,88.3,50.0,80.0,50.0,57.6,50.0,76.4,90.9,12.05
SA Yadav,2020,Mumbai Indians,WK,India,left-hand-bat,slow-left-arm-orthodox,1,480,0,340,0,87.9,50.0,80.8,50.0,78.6,50.0,78.7,90.8,11.97
KL Rahul,2020,Punjab Kings,WK,India,unknown,unknown,1,676,0,531,0,88.0,50.0,75.5,50.0,79.7,50.0,75.6,90.6,11.81
AB de Villiers,2020,Royal Challengers Bengaluru,WK,South Africa,right-hand-bat,right-arm-fast-medium,1,460,0,296,0,87.4,50.0,78.6,50.0,85.4,50.0,76.3,90.0,11.34
CV Varun,2020,Kolkata Knight Riders,BOWL,India,right-hand-bat,legbreak-googly,0,10,17,16,313,50.0,87.0,50.0,80.9,63.9,73.6,79.8,90.0,11.34
A Nortje,2020,Delhi Capitals,BOWL,South Africa,right-hand-bat,right-arm-fast,0,7,22,6,376,50.0,87.3,50.0,74.8,50.0,77.9,74.6,89.8,11.18
F du Plessis,2020,Chennai Super Kings,BAT,South Africa,right-hand-bat,legbreak,0,449,0,329,0,85.9,50.0,78.1,50.0,74.5,50.0,77.6,88.7,10.36
SN Thakur,2020,Chennai Super Kings,BOWL,India,right-hand-bat,right-arm-fast-medium,0,12,10,21,203,50.0,84.6,50.0,77.6,50.0,75.2,83.6,88.0,9.86
LH Ferguson,2020,Kolkata Knight Riders,BOWL,New Zealand,right-hand-bat,right-arm-fast,0,43,8,29,127,50.0,85.8,50.0,50.0,83.1,78.4,64.2,87.2,9.31
SS Iyer,2020,Delhi Capitals,BAT,India,right-hand-bat,legbreak-googly,0,519,0,433,0,85.1,50.0,77.2,50.0,78.8,50.0,71.2,87.2,9.31
JO Holder,2020,Sunrisers Hyderabad,BOWL,West Indies,right-hand-bat,right-arm-fast-medium,0,66,14,54,176,57.3,83.4,50.0,75.7,65.0,76.0,82.8,86.7,8.98
Ishan Kishan,2020,Mumbai Indians,WK,India,left-hand-bat,unknown,1,516,0,361,0,83.9,50.0,77.6,50.0,83.7,50.0,74.5,86.4,8.79
SV Samson,2020,Rajasthan Royals,WK,India,right-hand-bat,unknown,1,375,0,242,0,83.8,50.0,73.8,50.0,62.8,50.0,75.7,86.4,8.79
Shubman Gill,2020,Kolkata Knight Riders,BAT,India,right-hand-bat,right-arm-offbreak,0,440,0,382,0,83.8,50.0,78.2,50.0,67.7,50.0,74.6,86.3,8.72
MK Pandey,2020,Sunrisers Hyderabad,BAT,India,right-hand-bat,right-arm-fast-medium,0,425,0,350,0,83.5,50.0,80.9,50.0,75.2,50.0,76.5,86.2,8.66
R Ashwin,2020,Delhi Capitals,BOWL,India,right-hand-bat,right-arm-offbreak,0,37,13,34,312,59.9,83.3,50.0,81.8,78.3,70.1,79.3,86.2,8.66
CJ Jordan,2020,Punjab Kings,BOWL,England,right-hand-bat,right-arm-fast-medium,0,29,9,33,210,58.1,82.9,50.0,99.0,75.5,73.4,81.8,86.1,8.6
RA Jadeja,2020,Chennai Super Kings,AR,India,left-hand-bat,slow-left-arm-orthodox,0,232,6,142,221,89.3,70.9,50.0,50.0,84.8,79.8,99.0,85.9,8.47
EJG Morgan,2020,Kolkata Knight Riders,BAT,England,left-hand-bat,right-arm-fast-medium,0,419,0,314,0,83.3,50.0,75.4,50.0,81.5,50.0,71.0,85.4,8.16
JC Buttler,2020,Rajasthan Royals,WK,England,right-hand-bat,unknown,1,328,0,233,0,82.4,50.0,74.8,50.0,58.3,50.0,79.4,85.3,8.1
JM Bairstow,2020,Sunrisers Hyderabad,WK,England,right-hand-bat,right-arm-fast-medium,1,345,0,284,0,82.7,50.0,78.8,50.0,53.4,50.0,75.8,85.3,8.1
T Natarajan,2020,Sunrisers Hyderabad,BOWL,India,left-hand-bat,left-arm-fast-medium,0,3,16,5,389,50.0,82.4,50.0,76.4,50.0,76.4,79.2,85.3,8.1
Mohammed Siraj,2020,Royal Challengers Bengaluru,BOWL,India,right-hand-bat,right-arm-fast-medium,0,17,11,14,172,50.0,82.0,50.0,82.7,62.1,76.2,76.7,84.7,7.75
R Tewatia,2020,Rajasthan Royals,AR,India,left-hand-bat,legbreak,0,255,10,187,286,81.5,80.0,50.0,50.0,82.8,50.0,84.2,84.2,7.46
KS Williamson,2020,Sunrisers Hyderabad,BAT,New Zealand,right-hand-bat,right-arm-offbreak,0,317,0,241,12,80.9,50.0,81.0,50.0,79.8,50.0,76.9,83.6,7.13
WP Saha,2020,Sunrisers Hyderabad,WK,India,right-hand-bat,unknown,1,214,0,159,0,81.2,50.0,85.8,50.0,62.2,50.0,74.1,83.6,7.13
AT Rayudu,2020,Chennai Super Kings,WK,India,right-hand-bat,right-arm-offbreak,1,359,0,289,0,80.5,50.0,74.8,50.0,68.9,50.0,77.7,83.3,6.96
RG Sharma,2020,Mumbai Indians,BAT,India,right-hand-bat,right-arm-fast-medium,0,334,0,275,0,80.5,50.0,78.5,50.0,71.1,50.0,74.6,83.0,6.8
Ravi Bishnoi,2020,Punjab Kings,BOWL,India,right-hand-bat,legbreak-googly,0,7,12,12,318,50.0,80.1,50.0,73.7,55.4,82.3,79.5,83.0,6.8
SM Curran,2020,Chennai Super Kings,AR,England,left-hand-bat,left-arm-fast-medium,0,186,13,145,265,78.2,81.9,76.5,74.5,82.1,72.0,81.4,83.0,6.8
SR Watson,2020,Chennai Super Kings,BAT,Australia,right-hand-bat,right-arm-fast-medium,0,299,0,254,0,80.0,50.0,76.7,50.0,50.0,50.0,76.6,82.7,6.65
Q de Kock,2020,Mumbai Indians,WK,South Africa,left-hand-bat,unknown,1,506,0,368,0,80.0,50.0,74.8,50.0,50.0,50.0,73.5,82.4,6.49
AR Patel,2020,Delhi Capitals,BOWL,India,right-hand-bat,right-arm-fast-medium,0,117,9,90,308,76.9,79.4,50.0,80.3,79.5,62.1,79.4,82.3,6.44
CH Gayle,2020,Punjab Kings,BAT,West Indies,left-hand-bat,right-arm-offbreak,0,295,0,225,5,79.4,50.0,80.6,50.0,79.0,50.0,77.9,82.2,6.39
PJ Cummins,2020,Kolkata Knight Riders,BOWL,Australia,right-hand-bat,right-arm-fast,0,146,12,120,321,74.6,79.3,50.0,76.6,81.2,68.8,78.8,82.2,6.39
Navdeep Saini,2020,Royal Challengers Bengaluru,BOWL,India,right-hand-bat,right-arm-fast,0,27,7,27,294,50.0,78.5,50.0,86.7,68.2,72.3,75.7,81.1,5.86
Shivam Mavi,2020,Kolkata Knight Riders,BOWL,India,right-hand-bat,right-arm-fast-medium,0,10,9,14,162,50.0,78.0,50.0,76.6,60.9,72.7,77.9,80.8,5.72
AJ Finch,2020,Royal Challengers Bengaluru,BAT,Australia,right-hand-bat,slow-left-arm-orthodox,0,268,0,254,0,78.1,50.0,78.0,50.0,50.0,50.0,76.2,80.7,5.67
MP Stoinis,2020,Delhi Capitals,AR,Australia,right-hand-bat,right-arm-fast-medium,0,352,13,250,184,83.4,72.1,80.7,81.4,80.8,72.5,73.3,80.6,5.63
Washington Sundar,2020,Royal Challengers Bengaluru,BOWL,India,left-hand-bat,right-arm-offbreak,0,111,8,98,302,74.0,78.0,50.0,74.5,77.8,65.1,75.9,80.6,5.63
M Ashwin,2020,Punjab Kings,BOWL,India,right-hand-bat,legbreak-googly,0,4,10,4,191,50.0,78.1,50.0,62.0,50.0,78.0,74.1,80.5,5.58
PP Shaw,2020,Delhi Capitals,BAT,India,right-hand-bat,right-arm-offbreak,0,228,0,170,0,77.7,50.0,74.5,50.0,50.0,50.0,78.1,80.5,5.58
RA Tripathi,2020,Kolkata Knight Riders,BAT,India,right-hand-bat,right-arm-fast-medium,0,230,0,186,0,77.4,50.0,77.4,50.0,81.4,50.0,75.3,79.9,5.32
RD Gaikwad,2020,Chennai Super Kings,BAT,India,right-hand-bat,right-arm-offbreak,0,204,0,173,0,76.4,50.0,77.4,50.0,72.1,50.0,79.6,79.4,5.1
M Prasidh Krishna,2020,Kolkata Knight Riders,BOWL,India,right-hand-bat,right-arm-fast-medium,0,2,4,4,109,50.0,76.3,50.0,68.1,50.0,65.3,78.6,79.2,5.02
L Ngidi,2020,Chennai Super Kings,BOWL,South Africa,right-hand-bat,right-arm-fast,0,0,9,0,104,50.0,75.9,50.0,67.0,50.0,68.5,81.8,79.1,4.98
CH Morris,2020,Royal Challengers Bengaluru,BOWL,South Africa,right-hand-bat,right-arm-fast-medium,0,34,11,21,204,50.0,76.6,50.0,71.5,68.4,80.7,72.8,78.9,4.9
Kartik Tyagi,2020,Rajasthan Royals,BOWL,India,right-hand-bat,right-arm-fast-medium,0,4,9,6,241,50.0,75.8,50.0,69.3,50.0,78.3,81.1,78.9,4.9
JL Pattinson,2020,Mumbai Indians,BOWL,Australia,left-hand-bat,right-arm-fast-medium,0,15,11,13,222,50.0,76.5,50.0,71.0,61.9,85.2,73.1,78.8,4.86
N Rana,2020,Kolkata Knight Riders,BAT,India,right-hand-bat,right-arm-fast-medium,0,352,0,260,13,77.2,50.0,75.4,50.0,82.9,50.0,66.4,78.8,4.86
V Kohli,2020,Royal Challengers Bengaluru,BAT,India,right-hand-bat,right-arm-fast-medium,0,471,0,402,0,76.4,50.0,59.5,50.0,79.5,50.0,73.9,78.8,4.86
Arshdeep Singh,2020,Punjab Kings,BOWL,India,left-hand-bat,left-arm-fast-medium,0,0,9,3,158,50.0,75.8,50.0,74.0,50.0,73.8,79.2,78.7,4.82
N Pooran,2020,Punjab Kings,WK,West Indies,left-hand-bat,unknown,1,353,0,215,0,75.9,50.0,50.0,50.0,76.7,50.0,74.0,78.3,4.66
S Gopal,2020,Rajasthan Royals,BOWL,India,right-hand-bat,legbreak,0,37,10,41,305,60.8,74.8,50.0,79.4,68.7,50.0,80.4,77.8,4.47
SPD Smith,2020,Rajasthan Royals,BAT,Australia,right-hand-bat,right-arm-offbreak,0,311,0,247,0,75.6,50.0,77.0,50.0,71.5,50.0,71.6,77.8,4.47
Sandeep Sharma,2020,Sunrisers Hyderabad,BOWL,India,right-hand-bat,right-arm-fast-medium,0,12,14,15,317,50.0,75.5,50.0,75.0,55.0,72.6,73.4,77.8,4.47
MS Dhoni,2020,Chennai Super Kings,WK,India,right-hand-bat,right-arm-fast-medium,1,200,0,175,0,75.1,50.0,62.2,50.0,78.5,50.0,74.2,77.5,4.36
SO Hetmyer,2020,Delhi Capitals,BAT,West Indies,left-hand-bat,unknown,0,185,0,127,0,75.9,50.0,70.4,50.0,79.1,50.0,64.8,77.4,4.32
B Kumar,2020,Sunrisers Hyderabad,BOWL,India,right-hand-bat,right-arm-fast-medium,0,0,3,2,88,50.0,73.6,50.0,77.9,50.0,71.9,79.2,76.5,4.01
RR Pant,2020,Delhi Capitals,WK,India,left-hand-bat,unknown,1,345,0,319,0,73.7,50.0,50.0,50.0,79.9,50.0,73.0,76.0,3.84
RD Chahar,2020,Mumbai Indians,BOWL,India,right-hand-bat,legbreak-googly,0,2,15,4,323,50.0,73.7,50.0,60.4,50.0,71.7,69.6,75.7,3.74
PP Chawla,2020,Chennai Super Kings,BOWL,India,left-hand-bat,legbreak,0,0,6,0,128,50.0,73.4,50.0,50.0,50.0,62.5,72.1,75.6,3.71
S Nadeem,2020,Sunrisers Hyderabad,BOWL,India,right-hand-bat,slow-left-arm-orthodox,0,7,5,8,137,50.0,73.0,50.0,70.5,50.0,50.0,71.7,75.2,3.58
RV Uthappa,2020,Rajasthan Royals,WK,India,right-hand-bat,right-arm-fast-medium,1,196,0,170,0,72.6,50.0,76.9,50.0,59.3,50.0,73.5,74.9,3.49
DL Chahar,2020,Chennai Super Kings,BOWL,India,right-hand-bat,right-arm-fast-medium,0,7,12,12,321,50.0,71.9,50.0,71.1,50.0,72.6,74.5,74.4,3.35
BA Stokes,2020,Rajasthan Royals,AR,England,left-hand-bat,right-arm-fast-medium,0,285,2,207,96,78.1,64.4,78.8,58.7,56.6,69.1,73.7,74.3,3.32
KA Pollard,2020,Mumbai Indians,AR,West Indies,right-hand-bat,right-arm-fast-medium,0,281,4,157,138,77.4,63.2,50.0,50.0,86.7,70.9,82.5,74.3,3.32
NM Coulter-Nile,2020,Mumbai Indians,BOWL,Australia,right-hand-bat,right-arm-fast,0,25,5,15,165,50.0,71.9,50.0,74.7,64.3,70.8,73.6,74.3,3.32
JR Philippe,2020,Royal Challengers Bengaluru,WK,Australia,right-hand-bat,unknown,1,78,0,80,0,71.3,50.0,75.7,50.0,50.0,50.0,73.9,73.7,3.15
KH Pandya,2020,Mumbai Indians,BOWL,India,left-hand-bat,slow-left-arm-orthodox,0,109,6,92,315,69.5,71.4,50.0,77.5,67.0,75.7,71.6,73.6,3.12
DJ Bravo,2020,Chennai Super Kings,BOWL,West Indies,left-hand-bat,right-arm-fast-medium,0,7,6,6,135,50.0,72.1,50.0,50.0,50.0,76.0,62.2,73.3,3.04
HH Pandya,2020,Mumbai Indians,BAT,India,right-hand-bat,right-arm-fast-medium,0,283,0,167,0,70.6,50.0,50.0,50.0,79.1,50.0,73.9,73.0,2.96
KV Sharma,2020,Chennai Super Kings,BOWL,India,right-hand-bat,right-arm-offbreak,0,0,5,0,118,50.0,70.8,50.0,50.0,50.0,56.2,70.4,72.8,2.91
DJ Hooda,2020,Punjab Kings,BAT,India,right-hand-bat,right-arm-offbreak,0,102,0,74,6,71.1,50.0,50.0,50.0,80.4,50.0,63.0,72.4,2.82
Mandeep Singh,2020,Punjab Kings,BAT,India,right-hand-bat,right-arm-fast,0,130,0,111,0,71.0,50.0,74.5,50.0,64.2,50.0,63.7,72.4,2.82
S Dube,2020,Royal Challengers Bengaluru,AR,India,left-hand-bat,right-arm-fast-medium,0,129,4,109,55,72.1,67.8,50.0,50.0,75.1,76.1,72.2,72.4,2.82
KK Ahmed,2020,Sunrisers Hyderabad,BOWL,India,right-hand-bat,right-arm-fast-medium,0,0,8,2,158,50.0,70.3,50.0,75.7,50.0,68.7,66.7,72.0,2.72
V Shankar,2020,Sunrisers Hyderabad,AR,India,right-hand-bat,right-arm-fast-medium,0,97,4,99,84,65.5,77.2,50.0,58.7,59.7,50.0,60.3,71.8,2.67
SS Tiwary,2020,Mumbai Indians,BAT,India,left-hand-bat,unknown,0,103,0,81,0,71.1,50.0,50.0,50.0,61.1,50.0,55.3,71.6,2.63
AD Russell,2020,Kolkata Knight Riders,AR,West Indies,right-hand-bat,legbreak,0,117,6,82,114,70.7,69.1,50.0,64.3,50.0,73.1,58.7,70.9,2.47
SP Narine,2020,Kolkata Knight Riders,BOWL,West Indies,left-hand-bat,right-arm-offbreak,0,121,5,92,230,72.0,68.4,71.2,66.2,50.0,70.3,69.2,70.3,2.35
GJ Maxwell,2020,Punjab Kings,AR,Australia,right-hand-bat,right-arm-offbreak,0,108,3,112,126,69.2,65.9,50.0,64.5,72.9,50.0,74.0,70.1,2.31
PK Garg,2020,Sunrisers Hyderabad,BAT,India,right-hand-bat,right-arm-fast-medium,0,133,0,116,0,68.2,50.0,59.0,50.0,81.3,50.0,67.5,70.0,2.29
AM Rahane,2020,Delhi Capitals,BAT,India,right-hand-bat,right-arm-fast-medium,0,113,0,113,0,66.5,50.0,71.2,50.0,50.0,50.0,73.3,68.8,2.07
Imran Tahir,2020,Chennai Super Kings,BOWL,South Africa,right-hand-bat,legbreak-googly,0,13,1,10,66,50.0,68.5,50.0,50.0,62.3,50.0,50.0,68.5,2.02
JD Unadkat,2020,Rajasthan Royals,BOWL,India,right-hand-bat,left-arm-fast-medium,0,9,4,13,144,50.0,66.1,50.0,72.0,61.0,67.6,71.6,68.3,1.99
SS Cottrell,2020,Punjab Kings,BOWL,West Indies,right-hand-bat,left-arm-fast-medium,0,0,6,2,131,50.0,66.6,50.0,72.9,50.0,55.6,64.8,68.1,1.96
JR Hazlewood,2020,Chennai Super Kings,BOWL,Australia,left-hand-bat,right-arm-fast-medium,0,0,1,0,61,50.0,68.0,50.0,81.6,50.0,58.4,50.0,68.0,1.94
R Parag,2020,Rajasthan Royals,BAT,India,right-hand-bat,legbreak,0,86,0,81,13,66.3,50.0,50.0,50.0,81.5,50.0,65.3,67.8,1.91
Gurkeerat Singh,2020,Royal Challengers Bengaluru,BAT,India,right-hand-bat,right-arm-offbreak,0,71,0,83,0,66.0,50.0,50.0,50.0,74.8,50.0,67.2,67.7,1.9
JDS Neesham,2020,Punjab Kings,BOWL,New Zealand,left-hand-bat,right-arm-fast-medium,0,19,2,18,93,50.0,66.2,50.0,68.5,56.4,50.6,63.4,67.5,1.87
TK Curran,2020,Rajasthan Royals,AR,England,right-hand-bat,right-arm-fast-medium,0,83,3,63,116,69.8,64.7,50.0,69.0,77.7,69.2,50.0,67.5,1.87
A Mishra,2020,Delhi Capitals,BOWL,India,right-hand-bat,legbreak,0,0,3,0,61,50.0,67.3,50.0,50.0,50.0,50.0,50.0,67.3,1.84
KL Nagarkoti,2020,Kolkata Knight Riders,BOWL,India,right-hand-bat,right-arm-fast,0,22,5,32,160,55.5,66.2,50.0,70.0,63.8,65.2,59.7,67.2,1.82
HV Patel,2020,Delhi Capitals,BOWL,India,right-hand-bat,right-arm-fast-medium,0,21,3,25,98,50.0,66.5,50.0,62.4,59.5,63.5,50.0,66.5,1.73
KM Jadhav,2020,Chennai Super Kings,BAT,India,right-hand-bat,right-arm-offbreak,0,62,0,68,0,65.5,50.0,50.0,50.0,60.2,50.0,55.8,66.1,1.67
Abhishek Sharma,2020,Sunrisers Hyderabad,AR,India,left-hand-bat,slow-left-arm-orthodox,0,71,2,59,61,65.1,64.1,50.0,50.0,75.1,50.0,62.0,65.9,1.65
A Zampa,2020,Royal Challengers Bengaluru,BOWL,Australia,right-hand-bat,legbreak-googly,0,0,2,0,67,50.0,65.3,50.0,50.0,50.0,50.0,50.0,65.3,1.58
Kuldeep Yadav,2020,Kolkata Knight Riders,BOWL,India,left-hand-bat,left-arm-chinaman,0,13,1,21,75,50.0,65.0,50.0,50.0,60.4,62.7,50.0,65.0,1.55
DR Sams,2020,Delhi Capitals,BOWL,Australia,right-hand-bat,left-arm-fast-medium,0,0,0,2,77,50.0,62.8,50.0,66.7,50.0,62.3,70.8,64.9,1.53
AS Rajpoot,2020,Rajasthan Royals,BOWL,India,right-hand-bat,right-arm-fast-medium,0,9,2,10,115,50.0,62.2,50.0,65.7,55.6,71.7,72.2,64.4,1.48
MK Lomror,2020,Rajasthan Royals,BAT,India,left-hand-bat,slow-left-arm-orthodox,0,59,0,54,0,63.5,50.0,62.1,50.0,50.0,50.0,50.0,63.5,1.4
KD Karthik,2020,Kolkata Knight Riders,BAT,India,unknown,unknown,0,169,0,137,0,61.9,50.0,50.0,50.0,82.7,50.0,64.3,63.3,1.38
J Yadav,2020,Mumbai Indians,BOWL,India,left-hand-bat,left-arm-fast,0,0,1,0,42,50.0,61.0,50.0,70.6,50.0,50.0,50.0,61.0,1.21
MJ Santner,2020,Chennai Super Kings,BOWL,New Zealand,left-hand-bat,slow-left-arm-orthodox,0,0,2,0,42,50.0,60.4,50.0,57.1,50.0,50.0,50.0,60.4,1.18
I Udana,2020,Royal Challengers Bengaluru,BOWL,Sri Lanka,right-hand-bat,left-arm-fast-medium,0,15,8,11,182,50.0,60.2,50.0,67.8,58.1,73.2,51.1,60.3,1.18
Shahbaz Ahmed,2020,Royal Challengers Bengaluru,BOWL,India,left-hand-bat,right-arm-fast,0,1,2,1,37,50.0,59.8,50.0,50.0,50.0,50.0,50.0,59.8,1.15
M Vijay,2020,Chennai Super Kings,BAT,India,right-hand-bat,right-arm-offbreak,0,32,0,44,0,59.4,50.0,75.1,50.0,50.0,50.0,50.0,59.4,1.13
P Dubey,2020,Delhi Capitals,BOWL,India,right-hand-bat,legbreak-googly,0,7,0,13,48,50.0,59.1,50.0,50.0,61.4,50.0,50.0,59.1,1.12
DW Steyn,2020,Royal Challengers Bengaluru,BOWL,South Africa,right-hand-bat,right-arm-fast,0,1,1,2,75,50.0,57.4,50.0,66.3,50.0,60.3,66.4,59.0,1.12
N Jagadeesan,2020,Chennai Super Kings,WK,India,right-hand-bat,unknown,1,33,0,31,0,58.6,50.0,50.0,50.0,50.0,50.0,50.0,58.6,1.1
TU Deshpande,2020,Delhi Capitals,BOWL,India,left-hand-bat,right-arm-fast-medium,0,21,3,12,110,50.0,57.4,50.0,65.7,66.7,68.9,62.0,58.6,1.1
Mujeeb Ur Rahman,2020,Punjab Kings,BOWL,Afghanistan,right-hand-bat,right-arm-offbreak,0,1,0,3,49,50.0,57.7,50.0,61.5,50.0,50.0,50.0,57.7,1.07
Abdul Samad,2020,Sunrisers Hyderabad,AR,Canada,right-hand-bat,legbreak,0,113,1,68,43,56.2,52.2,50.0,50.0,79.0,50.0,73.1,56.7,1.05
YBK Jaiswal,2020,Rajasthan Royals,BAT,India,left-hand-bat,legbreak,0,40,0,44,0,54.6,50.0,65.0,50.0,50.0,50.0,59.3,55.5,1.03
SN Khan,2020,Punjab Kings,BAT,Saudi Arabia,left-hand-bat,slow-left-arm-orthodox,0,33,0,30,0,55.2,50.0,50.0,50.0,62.9,50.0,50.0,55.2,1.02
VR Aaron,2020,Rajasthan Royals,BOWL,India,right-hand-bat,right-arm-fast,0,1,0,10,54,50.0,53.6,50.0,64.1,56.1,50.0,62.4,54.8,1.02
MM Ali,2020,Royal Challengers Bengaluru,AR,England,right-hand-bat,right-arm-fast-medium,0,12,1,16,32,50.0,58.9,50.0,50.0,50.0,50.0,50.0,54.0,1.01
UT Yadav,2020,Royal Challengers Bengaluru,BOWL,India,right-hand-bat,right-arm-fast,0,0,0,2,46,50.0,52.6,50.0,62.6,50.0,50.0,64.3,54.0,1.01
K Gowtham,2020,Punjab Kings,AR,India,right-hand-bat,right-arm-offbreak,0,42,1,27,48,50.0,56.4,50.0,50.0,63.2,50.0,50.0,52.9,1.0
MM Sharma,2020,Delhi Capitals,BOWL,India,left-hand-bat,slow-left-arm-orthodox,0,0,1,0,25,50.0,50.0,50.0,61.9,50.0,50.0,60.2,51.0,1.0
S Kaul,2020,Sunrisers Hyderabad,BOWL,India,right-hand-bat,right-arm-fast-medium,0,0,2,0,26,50.0,50.0,50.0,58.2,50.0,50.0,59.4,50.9,1.0
S Sandeep Warrier,2020,Kolkata Knight Riders,BOWL,India,right-hand-bat,right-arm-fast-medium,0,0,0,0,21,50.0,50.0,50.0,53.9,50.0,50.0,59.3,50.9,1.0
AJ Tye,2020,Rajasthan Royals,BOWL,Australia,right-hand-bat,right-arm-fast-medium,0,6,1,7,27,50.0,50.0,50.0,50.0,50.0,53.3,50.0,50.0,1.0
AT Carey,2020,Delhi Capitals,WK,Australia,left-hand-bat,unknown,1,32,0,29,0,50.0,50.0,50.0,50.0,69.8,50.0,50.0,50.0,1.0
Avesh Khan,2020,Delhi Capitals,BOWL,India,right-hand-bat,right-arm-fast-medium,0,0,0,0,25,50.0,50.0,50.0,50.0,50.0,50.0,50.0,50.0,1.0
Basil Thampi,2020,Sunrisers Hyderabad,BOWL,India,right-hand-bat,right-arm-fast-medium,0,0,1,0,24,50.0,50.0,50.0,53.8,50.0,56.3,50.0,50.0,1.0
CJ Green,2020,Kolkata Knight Riders,BOWL,Australia,right-hand-bat,right-arm-fast-medium,0,0,0,0,17,50.0,50.0,50.0,58.9,50.0,50.0,50.0,50.0,1.0
DS Kulkarni,2020,Mumbai Indians,BOWL,India,right-hand-bat,right-arm-fast-medium,0,3,0,2,20,50.0,50.0,50.0,60.2,50.0,50.0,50.0,50.0,1.0
Harpreet Brar,2020,Punjab Kings,BOWL,India,left-hand-bat,slow-left-arm-orthodox,0,0,0,0,25,50.0,50.0,50.0,50.0,50.0,50.0,50.0,50.0,1.0
I Sharma,2020,Delhi Capitals,BOWL,India,right-hand-bat,right-arm-fast-medium,0,0,0,0,20,50.0,50.0,50.0,59.1,50.0,50.0,50.0,50.0,1.0
KK Nair,2020,Punjab Kings,BAT,India,right-hand-bat,right-arm-offbreak,0,16,0,14,0,50.0,50.0,50.0,50.0,50.0,50.0,50.0,50.0,1.0
MR Marsh,2020,Sunrisers Hyderabad,BOWL,Australia,right-hand-bat,right-arm-fast-medium,0,0,0,1,4,50.0,50.0,50.0,50.0,50.0,50.0,50.0,50.0,1.0
Mohammad Nabi,2020,Sunrisers Hyderabad,BOWL,Afghanistan,right-hand-bat,right-arm-offbreak,0,11,0,8,26,50.0,50.0,50.0,50.0,50.0,50.0,50.0,50.0,1.0
Monu Kumar,2020,Chennai Super Kings,BOWL,India,right-hand-bat,right-arm-fast-medium,0,0,0,0,16,50.0,50.0,50.0,50.0,50.0,50.0,50.0,50.0,1.0
NS Naik,2020,Kolkata Knight Riders,WK,India,right-hand-bat,unknown,1,1,0,3,0,50.0,50.0,50.0,50.0,50.0,50.0,50.0,50.0,1.0
P Simran Singh,2020,Punjab Kings,BAT,India,right-hand-bat,right-arm-fast-medium,0,15,0,15,0,50.0,50.0,50.0,50.0,50.0,50.0,50.0,50.0,1.0
RK Singh,2020,Kolkata Knight Riders,BAT,India,right-hand-bat,left-arm-fast-medium,0,11,0,11,0,50.0,50.0,50.0,50.0,50.0,50.0,50.0,50.0,1.0
SP Goswami,2020,Sunrisers Hyderabad,WK,India,left-hand-bat,unknown,1,0,0,5,0,50.0,50.0,50.0,50.0,50.0,50.0,50.0,50.0,1.0
T Banton,2020,Kolkata Knight Riders,BAT,England,right-hand-bat,unknown,0,18,0,22,0,50.0,50.0,67.5,50.0,50.0,50.0,50.0,50.0,1.0
PP Shaw,2021,Delhi Capitals,BAT,India,right-hand-bat,right-arm-offbreak,0,479,0,308,0,96.0,50.0,82.9,50.0,50.0,50.0,80.9,99.0,20.0
HV Patel,2021,Royal Challengers Bengaluru,BOWL,India,right-hand-bat,right-arm-fast-medium,0,59,32,48,361,62.7,94.1,50.0,78.7,80.1,78.8,74.2,96.5,17.24
KL Rahul,2021,Punjab Kings,WK,India,unknown,unknown,1,626,0,465,0,93.2,50.0,77.6,50.0,72.3,50.0,81.4,96.3,17.03
YS Chahal,2021,Royal Challengers Bengaluru,BOWL,India,right-hand-bat,legbreak-googly,0,10,18,27,323,50.0,92.7,50.0,78.8,66.5,77.4,84.2,96.1,16.82
JJ Bumrah,2021,Mumbai Indians,BOWL,India,right-hand-bat,right-arm-fast,0,16,21,17,347,50.0,91.4,50.0,76.4,62.1,77.9,83.4,94.7,15.42
RD Gaikwad,2021,Chennai Super Kings,BAT,India,right-hand-bat,right-arm-offbreak,0,635,0,474,0,91.9,50.0,76.5,50.0,84.4,50.0,76.2,94.5,15.23
AR Patel,2021,Delhi Capitals,BOWL,India,right-hand-bat,right-arm-fast-medium,0,40,15,52,285,60.6,91.1,50.0,99.0,69.8,75.0,80.1,94.1,14.85
Avesh Khan,2021,Delhi Capitals,BOWL,India,right-hand-bat,right-arm-fast-medium,0,5,24,3,383,50.0,90.9,50.0,81.2,50.0,74.1,76.6,93.6,14.39
SV Samson,2021,Rajasthan Royals,WK,India,right-hand-bat,unknown,1,484,0,372,0,90.1,50.0,74.5,50.0,81.3,50.0,84.1,93.5,14.29
Rashid Khan,2021,Sunrisers Hyderabad,BOWL,Afghanistan,right-hand-bat,legbreak-googly,0,83,18,71,349,67.2,89.5,50.0,99.0,76.9,76.5,80.5,92.6,13.49
F du Plessis,2021,Chennai Super Kings,BAT,South Africa,right-hand-bat,legbreak,0,633,0,471,0,89.0,50.0,77.1,50.0,80.4,50.0,75.0,91.5,12.54
Arshdeep Singh,2021,Punjab Kings,BOWL,India,left-hand-bat,left-arm-fast-medium,0,2,18,3,263,50.0,88.5,50.0,79.7,50.0,82.0,78.7,91.4,12.46
CV Varun,2021,Kolkata Knight Riders,BOWL,India,right-hand-bat,legbreak-googly,0,2,18,4,416,50.0,87.9,50.0,80.0,50.0,75.2,82.2,91.1,12.21
Mustafizur Rahman,2021,Rajasthan Royals,BOWL,Bangladesh,left-hand-bat,left-arm-fast-medium,0,8,14,14,327,50.0,88.0,50.0,75.5,59.5,82.7,81.0,91.1,12.21
JO Holder,2021,Sunrisers Hyderabad,BOWL,West Indies,right-hand-bat,right-arm-fast-medium,0,85,16,73,203,71.0,87.2,50.0,73.8,73.7,84.3,86.4,90.8,11.97
MA Agarwal,2021,Punjab Kings,BAT,India,right-hand-bat,unknown,0,441,0,324,0,87.1,50.0,77.3,50.0,76.8,50.0,76.6,89.8,11.18
GJ Maxwell,2021,Royal Challengers Bengaluru,BAT,Australia,right-hand-bat,right-arm-offbreak,0,513,3,373,99,87.1,68.3,79.4,65.0,78.3,50.0,75.0,89.6,11.03
SP Narine,2021,Kolkata Knight Riders,BOWL,West Indies,left-hand-bat,right-arm-offbreak,0,62,16,51,344,62.8,86.0,50.0,70.6,71.9,81.4,80.3,89.0,10.58
A Nortje,2021,Delhi Capitals,BOWL,South Africa,right-hand-bat,right-arm-fast,0,0,12,0,187,50.0,85.5,50.0,76.9,50.0,81.0,80.9,88.6,10.29
LH Ferguson,2021,Kolkata Knight Riders,BOWL,New Zealand,right-hand-bat,right-arm-fast,0,18,13,13,186,50.0,83.7,50.0,81.1,66.5,77.2,86.9,87.4,9.45
Ravi Bishnoi,2021,Punjab Kings,BOWL,India,right-hand-bat,legbreak-googly,0,1,12,5,220,50.0,84.2,50.0,79.8,50.0,78.3,80.6,87.3,9.38
SN Thakur,2021,Chennai Super Kings,BOWL,India,right-hand-bat,right-arm-fast-medium,0,5,21,6,388,50.0,84.8,50.0,79.3,50.0,74.0,74.9,87.3,9.38
Shubman Gill,2021,Kolkata Knight Riders,BAT,India,right-hand-bat,right-arm-offbreak,0,478,0,415,0,84.1,50.0,76.7,50.0,59.7,50.0,77.3,86.8,9.05
RA Tripathi,2021,Kolkata Knight Riders,BAT,India,right-hand-bat,right-arm-fast-medium,0,397,0,285,0,84.1,50.0,78.7,50.0,57.4,50.0,76.4,86.7,8.98
Mohammed Shami,2021,Punjab Kings,BOWL,India,right-hand-bat,right-arm-fast,0,13,19,17,323,50.0,83.9,50.0,77.4,63.4,75.7,74.8,86.4,8.79
S Dhawan,2021,Delhi Capitals,BAT,India,left-hand-bat,right-arm-offbreak,0,587,0,480,0,83.6,50.0,70.5,50.0,61.6,50.0,77.8,86.4,8.79
MK Pandey,2021,Sunrisers Hyderabad,BAT,India,right-hand-bat,right-arm-fast-medium,0,292,0,246,0,81.4,50.0,75.4,50.0,70.3,50.0,89.8,85.4,8.16
V Kohli,2021,Royal Challengers Bengaluru,BAT,India,right-hand-bat,right-arm-fast-medium,0,405,0,347,0,82.7,50.0,77.9,50.0,50.0,50.0,76.7,85.4,8.16
RR Pant,2021,Delhi Capitals,WK,India,left-hand-bat,unknown,1,424,0,343,0,82.5,50.0,81.5,50.0,74.1,50.0,77.9,85.3,8.1
CH Morris,2021,Rajasthan Royals,BOWL,South Africa,right-hand-bat,right-arm-fast-medium,0,67,15,53,262,62.3,81.0,50.0,77.4,78.2,72.4,79.6,84.0,7.35
RP Meredith,2021,Punjab Kings,BOWL,Australia,right-hand-bat,right-arm-fast,0,0,4,0,108,50.0,81.1,50.0,72.1,50.0,84.3,77.4,83.8,7.24
RA Jadeja,2021,Chennai Super Kings,AR,India,left-hand-bat,slow-left-arm-orthodox,0,227,13,170,300,79.5,81.2,50.0,50.0,80.2,50.0,79.3,83.2,6.91
RD Chahar,2021,Mumbai Indians,BOWL,India,right-hand-bat,legbreak-googly,0,14,13,15,261,50.0,80.1,50.0,50.0,63.2,57.2,79.0,83.0,6.8
YBK Jaiswal,2021,Rajasthan Royals,BAT,India,left-hand-bat,legbreak,0,249,0,168,0,80.3,50.0,78.9,50.0,50.0,50.0,76.2,82.9,6.75
SO Hetmyer,2021,Delhi Capitals,BAT,West Indies,left-hand-bat,unknown,0,242,0,153,0,79.9,50.0,50.0,50.0,77.4,50.0,77.4,82.6,6.6
Shivam Mavi,2021,Kolkata Knight Riders,BOWL,India,right-hand-bat,right-arm-fast-medium,0,25,11,21,204,50.0,80.1,50.0,75.8,72.9,78.1,73.0,82.4,6.49
AB de Villiers,2021,Royal Challengers Bengaluru,WK,South Africa,right-hand-bat,right-arm-fast-medium,1,313,0,215,0,79.1,50.0,60.2,50.0,81.2,50.0,80.2,82.1,6.34
JM Bairstow,2021,Sunrisers Hyderabad,WK,England,right-hand-bat,right-arm-fast-medium,1,248,0,179,0,79.2,50.0,80.7,50.0,65.1,50.0,78.1,82.0,6.29
DL Chahar,2021,Chennai Super Kings,BOWL,India,right-hand-bat,right-arm-fast-medium,0,1,14,1,339,50.0,79.3,50.0,75.9,50.0,74.9,76.4,81.9,6.24
E Lewis,2021,Rajasthan Royals,BAT,West Indies,left-hand-bat,unknown,0,151,0,96,0,79.0,50.0,80.5,50.0,50.0,50.0,75.5,81.6,6.1
JC Buttler,2021,Rajasthan Royals,WK,England,right-hand-bat,unknown,1,254,0,173,0,79.1,50.0,77.1,50.0,71.7,50.0,71.1,81.2,5.9
KA Pollard,2021,Mumbai Indians,AR,West Indies,right-hand-bat,right-arm-fast-medium,0,245,5,180,85,78.2,78.3,50.0,50.0,76.1,50.0,78.9,81.1,5.86
SA Yadav,2021,Mumbai Indians,WK,India,left-hand-bat,slow-left-arm-orthodox,1,317,0,226,0,79.4,50.0,76.5,50.0,81.8,50.0,66.7,81.1,5.86
KS Bharat,2021,Royal Challengers Bengaluru,WK,India,unknown,unknown,1,191,0,161,0,77.8,50.0,77.7,50.0,72.4,50.0,80.6,80.9,5.76
M Prasidh Krishna,2021,Kolkata Knight Riders,BOWL,India,right-hand-bat,right-arm-fast-medium,0,0,12,1,253,50.0,78.4,50.0,79.5,50.0,75.4,75.2,80.9,5.76
MM Ali,2021,Chennai Super Kings,AR,England,right-hand-bat,right-arm-fast-medium,0,357,6,270,154,79.0,78.8,72.8,50.0,81.9,72.9,68.8,80.8,5.72
AT Rayudu,2021,Chennai Super Kings,WK,India,right-hand-bat,right-arm-offbreak,1,257,0,175,0,78.4,50.0,50.0,50.0,85.1,50.0,73.2,80.7,5.67
NM Coulter-Nile,2021,Mumbai Indians,BOWL,Australia,right-hand-bat,right-arm-fast,0,4,7,5,121,50.0,78.9,50.0,76.1,50.0,78.0,65.5,80.4,5.54
A Mishra,2021,Delhi Capitals,BOWL,India,right-hand-bat,legbreak,0,0,6,0,84,50.0,77.7,50.0,50.0,50.0,59.8,74.9,80.2,5.45
VR Iyer,2021,Kolkata Knight Riders,BAT,India,left-hand-bat,right-arm-fast-medium,0,370,3,299,54,77.4,65.9,77.7,50.0,50.0,71.4,74.8,79.9,5.32
PJ Cummins,2021,Kolkata Knight Riders,BOWL,Australia,right-hand-bat,right-arm-fast,0,93,9,60,168,70.2,77.2,50.0,74.6,84.1,81.3,75.8,79.8,5.27
N Rana,2021,Kolkata Knight Riders,BAT,India,right-hand-bat,right-arm-fast-medium,0,383,0,325,12,77.2,50.0,74.6,50.0,58.1,50.0,71.8,79.4,5.1
C Sakariya,2021,Rajasthan Royals,BOWL,India,left-hand-bat,left-arm-fast-medium,0,16,14,25,334,50.0,77.1,50.0,77.3,63.8,73.1,72.1,79.3,5.06
RG Sharma,2021,Mumbai Indians,BAT,India,right-hand-bat,right-arm-fast-medium,0,381,0,307,7,77.1,50.0,76.1,50.0,50.0,50.0,71.1,79.2,5.02
K Rabada,2021,Delhi Capitals,BOWL,South Africa,left-hand-bat,right-arm-fast,0,13,15,6,346,50.0,76.4,50.0,75.5,50.0,69.8,72.3,78.6,4.78
AD Russell,2021,Kolkata Knight Riders,AR,West Indies,right-hand-bat,legbreak,0,183,11,127,122,76.9,75.7,50.0,50.0,79.9,73.4,70.8,78.4,4.7
D Padikkal,2021,Royal Challengers Bengaluru,BAT,India,left-hand-bat,right-arm-offbreak,0,411,0,342,0,76.0,50.0,75.3,50.0,50.0,50.0,73.1,78.3,4.66
Mohammed Siraj,2021,Royal Challengers Bengaluru,BOWL,India,right-hand-bat,right-arm-fast-medium,0,20,11,26,321,50.0,75.8,50.0,74.8,74.1,79.9,72.8,78.1,4.58
JR Hazlewood,2021,Chennai Super Kings,BOWL,Australia,left-hand-bat,right-arm-fast-medium,0,0,11,0,215,50.0,75.5,50.0,73.1,50.0,74.5,75.2,78.0,4.55
S Dube,2021,Rajasthan Royals,BAT,India,left-hand-bat,right-arm-fast-medium,0,230,0,205,31,75.9,55.5,67.7,50.0,62.3,50.0,68.5,77.8,4.47
Q de Kock,2021,Mumbai Indians,WK,South Africa,left-hand-bat,unknown,1,297,0,261,0,75.4,50.0,77.6,50.0,50.0,50.0,72.3,77.6,4.4
JJ Roy,2021,Sunrisers Hyderabad,BAT,England,right-hand-bat,unknown,0,150,0,125,0,74.9,50.0,76.7,50.0,50.0,50.0,76.4,77.5,4.36
KS Williamson,2021,Sunrisers Hyderabad,BAT,New Zealand,right-hand-bat,right-arm-offbreak,0,270,0,250,0,75.0,50.0,81.0,50.0,67.6,50.0,75.3,77.5,4.36
KA Jamieson,2021,Royal Challengers Bengaluru,BOWL,New Zealand,right-hand-bat,right-arm-fast-medium,0,65,9,55,179,64.9,74.8,50.0,74.0,77.3,67.3,74.6,77.3,4.29
S Kaul,2021,Sunrisers Hyderabad,BOWL,India,right-hand-bat,right-arm-fast-medium,0,8,7,8,181,50.0,74.5,50.0,71.8,50.0,78.9,75.0,77.0,4.18
B Kumar,2021,Sunrisers Hyderabad,BOWL,India,right-hand-bat,right-arm-fast-medium,0,34,6,32,259,59.4,73.6,50.0,77.3,75.4,70.8,75.8,76.2,3.9
RV Uthappa,2021,Chennai Super Kings,WK,India,right-hand-bat,right-arm-fast-medium,1,115,0,86,0,73.7,50.0,80.0,50.0,50.0,50.0,71.9,75.9,3.81
AK Markram,2021,Punjab Kings,BAT,South Africa,right-hand-bat,right-arm-offbreak,0,146,0,123,25,72.8,50.0,50.0,63.3,71.9,50.0,72.8,75.1,3.55
WP Saha,2021,Sunrisers Hyderabad,WK,India,right-hand-bat,unknown,1,131,0,144,0,72.4,50.0,77.5,50.0,61.8,50.0,76.4,75.0,3.52
R Ashwin,2021,Delhi Capitals,BOWL,India,right-hand-bat,right-arm-offbreak,0,44,7,43,278,58.7,72.2,50.0,75.2,74.5,60.0,75.9,74.8,3.46
CJ Jordan,2021,Punjab Kings,BOWL,England,right-hand-bat,right-arm-fast-medium,0,32,4,21,74,50.0,73.7,50.0,50.0,70.7,66.3,60.3,74.7,3.43
M Shahrukh Khan,2021,Punjab Kings,BAT,India,right-hand-bat,right-arm-fast-medium,0,153,0,118,0,72.3,50.0,50.0,50.0,76.3,50.0,70.6,74.4,3.35
AF Milne,2021,Mumbai Indians,BOWL,New Zealand,right-hand-bat,right-arm-fast,0,16,3,19,87,50.0,71.9,50.0,76.9,62.1,60.9,74.0,74.3,3.32
KK Ahmed,2021,Sunrisers Hyderabad,BOWL,India,right-hand-bat,right-arm-fast-medium,0,1,5,2,168,50.0,71.5,50.0,66.6,50.0,75.1,78.1,74.3,3.32
R Tewatia,2021,Rajasthan Royals,AR,India,left-hand-bat,legbreak,0,155,8,152,229,70.8,72.0,50.0,50.0,68.3,50.0,79.3,74.3,3.32
CH Gayle,2021,Punjab Kings,BAT,West Indies,left-hand-bat,right-arm-offbreak,0,193,0,160,0,72.5,50.0,75.1,50.0,66.0,50.0,66.8,74.2,3.29
DJ Bravo,2021,Chennai Super Kings,BOWL,West Indies,left-hand-bat,right-arm-fast-medium,0,47,14,22,221,50.0,73.8,50.0,50.0,77.8,74.2,53.6,74.2,3.29
SS Tiwary,2021,Mumbai Indians,BAT,India,left-hand-bat,unknown,0,115,0,99,0,72.9,50.0,59.2,50.0,66.5,50.0,63.0,74.2,3.29
J Yadav,2021,Mumbai Indians,BOWL,India,left-hand-bat,left-arm-fast,0,34,2,26,106,50.0,71.9,50.0,74.4,65.6,50.0,70.9,74.0,3.23
Shakib Al Hasan,2021,Kolkata Knight Riders,BOWL,Bangladesh,left-hand-bat,slow-left-arm-orthodox,0,47,4,50,157,57.1,71.6,50.0,74.1,57.6,50.0,74.1,74.0,3.23
KH Pandya,2021,Mumbai Indians,AR,India,left-hand-bat,slow-left-arm-orthodox,0,143,5,126,210,70.5,72.0,50.0,79.2,78.1,76.4,76.2,73.8,3.18
CR Woakes,2021,Delhi Capitals,BOWL,England,right-hand-bat,right-arm-fast-medium,0,15,5,11,67,50.0,71.3,50.0,79.6,61.1,67.7,71.3,73.4,3.07
Shahbaz Ahmed,2021,Royal Challengers Bengaluru,AR,India,left-hand-bat,right-arm-fast,0,59,7,55,84,61.4,79.9,50.0,63.9,68.5,68.2,81.3,72.9,2.94
KD Karthik,2021,Kolkata Knight Riders,BAT,India,unknown,unknown,0,223,0,172,0,70.8,50.0,50.0,50.0,69.8,50.0,68.6,72.7,2.89
SM Curran,2021,Chennai Super Kings,BOWL,England,left-hand-bat,left-arm-fast-medium,0,56,9,30,209,51.7,69.9,50.0,71.8,60.0,64.0,74.9,72.4,2.82
SPD Smith,2021,Delhi Capitals,BAT,Australia,right-hand-bat,right-arm-offbreak,0,152,0,136,0,70.4,50.0,73.7,50.0,63.2,50.0,69.5,72.4,2.82
TG Southee,2021,Kolkata Knight Riders,BOWL,New Zealand,right-hand-bat,right-arm-fast-medium,0,3,3,5,74,50.0,69.7,50.0,73.7,50.0,75.2,75.6,72.3,2.79
GHS Garton,2021,Royal Challengers Bengaluru,BOWL,England,left-hand-bat,left-arm-fast,0,2,3,4,97,50.0,69.3,50.0,68.4,50.0,69.1,78.9,72.2,2.77
Abhishek Sharma,2021,Sunrisers Hyderabad,AR,India,left-hand-bat,slow-left-arm-orthodox,0,98,4,78,63,68.3,72.0,74.3,61.6,66.9,50.0,71.4,72.1,2.74
Kartik Tyagi,2021,Rajasthan Royals,BOWL,India,right-hand-bat,right-arm-fast-medium,0,2,4,4,93,50.0,70.2,50.0,74.3,50.0,66.7,67.0,71.9,2.7
MS Dhoni,2021,Chennai Super Kings,WK,India,right-hand-bat,right-arm-fast-medium,1,114,0,111,0,69.3,50.0,50.0,50.0,73.2,50.0,75.4,71.8,2.67
Sandeep Sharma,2021,Sunrisers Hyderabad,BOWL,India,right-hand-bat,right-arm-fast-medium,0,8,3,7,145,50.0,69.4,50.0,73.8,50.0,59.7,74.2,71.8,2.67
Umran Malik,2021,Sunrisers Hyderabad,BOWL,India,right-hand-bat,right-arm-fast-medium,0,0,2,0,75,50.0,70.7,50.0,56.0,50.0,57.7,59.6,71.7,2.65
Lalit Yadav,2021,Delhi Capitals,AR,India,right-hand-bat,right-arm-offbreak,0,68,4,75,84,66.8,73.8,50.0,50.0,78.5,50.0,66.4,71.6,2.63
DT Christian,2021,Royal Challengers Bengaluru,BOWL,Australia,right-hand-bat,right-arm-fast-medium,0,14,4,24,104,50.0,69.9,50.0,50.0,58.8,65.0,64.7,71.4,2.58
TA Boult,2021,Mumbai Indians,BOWL,New Zealand,right-hand-bat,left-arm-fast-medium,0,1,13,4,317,50.0,69.3,50.0,73.0,50.0,74.9,68.3,71.1,2.52
DJ Hooda,2021,Punjab Kings,AR,India,right-hand-bat,right-arm-offbreak,0,160,2,125,96,68.5,72.6,59.3,71.6,77.4,62.5,55.9,70.9,2.47
Harpreet Brar,2021,Punjab Kings,AR,India,left-hand-bat,slow-left-arm-orthodox,0,64,5,61,141,63.2,75.3,50.0,50.0,73.1,50.0,72.5,70.9,2.47
Ishan Kishan,2021,Mumbai Indians,WK,India,left-hand-bat,unknown,1,241,0,182,0,68.7,50.0,82.9,50.0,70.7,50.0,71.6,70.9,2.47
Abdul Samad,2021,Sunrisers Hyderabad,BAT,Canada,right-hand-bat,legbreak,0,111,1,89,6,69.1,50.0,50.0,50.0,78.6,50.0,67.5,70.8,2.45
JD Unadkat,2021,Rajasthan Royals,BOWL,India,right-hand-bat,left-arm-fast-medium,0,41,4,32,134,58.5,68.3,50.0,75.5,78.3,50.0,75.3,70.8,2.45
L Ngidi,2021,Chennai Super Kings,BOWL,South Africa,right-hand-bat,right-arm-fast,0,0,5,0,75,50.0,68.3,50.0,68.4,50.0,66.9,66.5,70.0,2.29
DA Warner,2021,Sunrisers Hyderabad,BAT,Australia,left-hand-bat,legbreak,0,197,0,191,0,67.1,50.0,63.0,50.0,50.0,50.0,77.6,69.9,2.27
SS Iyer,2021,Delhi Capitals,BAT,India,right-hand-bat,legbreak-googly,0,175,0,181,0,68.6,50.0,68.0,50.0,66.8,50.0,62.6,69.9,2.27
PK Garg,2021,Sunrisers Hyderabad,BAT,India,right-hand-bat,right-arm-fast-medium,0,72,0,75,0,69.5,50.0,50.0,50.0,50.0,50.0,50.0,69.5,2.2
HH Pandya,2021,Mumbai Indians,BAT,India,right-hand-bat,right-arm-fast-medium,0,127,0,116,0,66.9,50.0,50.0,50.0,72.6,50.0,71.2,69.0,2.11
SK Raina,2021,Chennai Super Kings,BAT,India,left-hand-bat,right-arm-offbreak,0,160,0,133,0,67.9,50.0,64.2,50.0,55.2,50.0,59.4,68.8,2.07
DA Miller,2021,Rajasthan Royals,BAT,South Africa,left-hand-bat,right-arm-offbreak,0,124,0,115,0,67.0,50.0,64.0,50.0,70.0,50.0,66.5,68.6,2.04
EJG Morgan,2021,Kolkata Knight Riders,BAT,England,left-hand-bat,right-arm-fast-medium,0,133,0,142,0,67.1,50.0,68.9,50.0,71.2,50.0,64.1,68.5,2.02
MK Lomror,2021,Rajasthan Royals,AR,India,left-hand-bat,slow-left-arm-orthodox,0,94,1,76,43,71.6,62.4,50.0,63.4,73.3,50.0,58.0,68.3,1.99
V Shankar,2021,Sunrisers Hyderabad,AR,India,right-hand-bat,right-arm-fast-medium,0,58,3,52,72,61.8,71.9,50.0,50.0,77.7,71.6,66.9,68.0,1.94
Washington Sundar,2021,Royal Challengers Bengaluru,AR,India,left-hand-bat,right-arm-offbreak,0,31,3,48,98,60.6,72.9,75.6,66.1,56.8,50.0,67.2,67.9,1.93
TK Curran,2021,Delhi Capitals,BOWL,England,right-hand-bat,right-arm-fast-medium,0,21,4,17,72,50.0,66.5,50.0,50.0,58.8,63.4,56.1,67.1,1.81
MC Henriques,2021,Punjab Kings,AR,Australia,right-hand-bat,right-arm-fast-medium,0,31,4,32,61,57.4,74.1,50.0,80.3,50.0,50.0,70.2,66.9,1.78
JDS Neesham,2021,Mumbai Indians,BOWL,New Zealand,left-hand-bat,right-arm-fast-medium,0,0,5,2,54,50.0,65.4,50.0,50.0,50.0,50.0,62.7,66.7,1.75
FA Allen,2021,Punjab Kings,BOWL,West Indies,right-hand-bat,slow-left-arm-orthodox,0,6,1,12,67,50.0,65.4,50.0,56.5,50.0,50.0,62.1,66.6,1.74
I Sharma,2021,Delhi Capitals,BOWL,India,right-hand-bat,right-arm-fast-medium,0,0,1,0,72,50.0,64.2,50.0,74.1,50.0,54.8,63.1,65.5,1.6
T Natarajan,2021,Sunrisers Hyderabad,BOWL,India,left-hand-bat,left-arm-fast-medium,0,0,2,0,50,50.0,65.5,50.0,60.7,50.0,73.8,50.0,65.5,1.6
M Ashwin,2021,Punjab Kings,BOWL,India,right-hand-bat,legbreak-googly,0,15,1,24,71,50.0,65.3,50.0,50.0,61.6,56.5,50.0,65.3,1.58
R Parag,2021,Rajasthan Royals,AR,India,right-hand-bat,legbreak,0,93,1,84,39,66.1,61.1,50.0,50.0,73.6,50.0,61.7,65.0,1.55
RM Patidar,2021,Royal Challengers Bengaluru,BAT,India,right-hand-bat,right-arm-offbreak,0,71,0,65,0,64.3,50.0,67.0,50.0,50.0,50.0,56.6,65.0,1.55
JA Richardson,2021,Punjab Kings,BOWL,Australia,right-hand-bat,right-arm-fast,0,15,3,25,69,50.0,63.5,50.0,66.1,50.0,57.5,62.1,64.7,1.51
NT Ellis,2021,Punjab Kings,BOWL,Australia,right-hand-bat,right-arm-fast-medium,0,18,1,17,68,50.0,64.4,50.0,66.4,65.3,66.9,50.0,64.4,1.48
N Pooran,2021,Punjab Kings,WK,West Indies,left-hand-bat,unknown,1,85,0,77,0,62.1,50.0,50.0,50.0,66.8,50.0,61.8,63.3,1.38
KM Jadhav,2021,Sunrisers Hyderabad,BAT,India,right-hand-bat,right-arm-offbreak,0,55,0,55,0,62.1,50.0,50.0,50.0,50.0,50.0,55.0,62.6,1.32
M Jansen,2021,Mumbai Indians,BOWL,South Africa,right-hand-bat,left-arm-fast,0,0,2,4,40,50.0,59.9,50.0,61.8,50.0,50.0,66.9,61.6,1.25
MP Stoinis,2021,Delhi Capitals,AR,Australia,right-hand-bat,right-arm-fast-medium,0,89,2,74,69,59.9,59.9,50.0,63.5,53.7,50.0,66.2,61.5,1.25
M Vohra,2021,Rajasthan Royals,BAT,India,right-hand-bat,right-arm-fast-medium,0,42,0,40,0,57.9,50.0,73.3,50.0,50.0,50.0,70.5,60.0,1.16
CA Lynn,2021,Mumbai Indians,BAT,Australia,right-hand-bat,slow-left-arm-orthodox,0,49,0,36,0,59.8,50.0,60.3,50.0,50.0,50.0,50.0,59.8,1.15
DR Sams,2021,Royal Challengers Bengaluru,BOWL,Australia,right-hand-bat,left-arm-fast-medium,0,6,1,6,38,50.0,59.5,50.0,68.3,50.0,50.0,50.0,59.5,1.14
J Suchith,2021,Sunrisers Hyderabad,BOWL,India,left-hand-bat,slow-left-arm-orthodox,0,14,0,6,42,50.0,58.5,50.0,50.0,50.0,50.0,50.0,58.5,1.1
Harbhajan Singh,2021,Kolkata Knight Riders,BOWL,India,right-hand-bat,right-arm-offbreak,0,4,0,4,45,50.0,56.4,50.0,67.9,50.0,50.0,62.7,57.7,1.07
LS Livingstone,2021,Rajasthan Royals,BAT,England,right-hand-bat,legbreak,0,42,0,43,0,55.5,50.0,50.0,50.0,50.0,50.0,56.2,56.1,1.04
Mohammad Nabi,2021,Sunrisers Hyderabad,AR,Afghanistan,right-hand-bat,right-arm-offbreak,0,34,2,22,48,50.0,59.3,50.0,62.6,50.0,50.0,66.2,55.8,1.03
PWH de Silva,2021,Royal Challengers Bengaluru,BOWL,Sri Lanka,right-hand-bat,legbreak,0,1,0,2,36,50.0,55.7,50.0,58.0,50.0,50.0,50.0,55.7,1.03
S Gopal,2021,Rajasthan Royals,BOWL,India,right-hand-bat,legbreak,0,7,0,5,42,50.0,54.5,50.0,60.0,50.0,50.0,50.0,54.5,1.01
Akash Singh,2021,Rajasthan Royals,BOWL,India,right-hand-bat,left-arm-fast-medium,0,0,0,0,24,50.0,50.0,50.0,56.8,50.0,50.0,63.4,51.3,1.0
AM Rahane,2021,Delhi Capitals,BAT,India,right-hand-bat,right-arm-fast-medium,0,8,0,9,0,50.0,50.0,50.0,50.0,50.0,50.0,50.0,50.0,1.0
AU Rashid,2021,Punjab Kings,BOWL,England,right-hand-bat,legbreak,0,0,0,0,18,50.0,50.0,50.0,50.0,50.0,50.0,50.0,50.0,1.0
Anmolpreet Singh,2021,Mumbai Indians,BAT,India,right-hand-bat,right-arm-offbreak,0,16,0,14,0,50.0,50.0,60.0,50.0,50.0,50.0,50.0,50.0,1.0
Anuj Rawat,2021,Rajasthan Royals,WK,India,left-hand-bat,unknown,1,0,0,1,0,50.0,50.0,50.0,50.0,50.0,50.0,50.0,50.0,1.0
BA Stokes,2021,Rajasthan Royals,AR,England,left-hand-bat,right-arm-fast-medium,0,0,0,3,6,50.0,50.0,50.0,50.0,50.0,50.0,50.0,50.0,1.0
DJ Malan,2021,Punjab Kings,BAT,England,left-hand-bat,legbreak,0,26,0,26,0,50.0,50.0,50.0,50.0,50.0,50.0,50.0,50.0,1.0
DS Kulkarni,2021,Mumbai Indians,BOWL,India,right-hand-bat,right-arm-fast-medium,0,0,0,0,26,50.0,50.0,50.0,57.1,50.0,57.3,50.0,50.0,1.0
GD Phillips,2021,Rajasthan Royals,WK,New Zealand,right-hand-bat,right-arm-offbreak,1,26,1,33,13,50.0,50.0,50.0,50.0,50.0,50.0,50.0,50.0,1.0
IC Porel,2021,Punjab Kings,BOWL,India,right-hand-bat,right-arm-fast-medium,0,0,1,0,26,50.0,50.0,50.0,54.5,50.0,50.0,50.0,50.0,1.0
Imran Tahir,2021,Chennai Super Kings,BOWL,South Africa,right-hand-bat,legbreak-googly,0,0,2,0,26,50.0,50.0,50.0,50.0,50.0,50.0,50.0,50.0,1.0
Jalaj S Saxena,2021,Punjab Kings,BOWL,unknown,right-hand-bat,right-arm-offbreak,0,0,0,0,18,50.0,50.0,50.0,50.0,50.0,50.0,50.0,50.0,1.0
K Yadav,2021,Rajasthan Royals,BOWL,India,left-hand-bat,left-arm-chinaman,0,0,0,4,12,50.0,50.0,50.0,50.0,50.0,50.0,50.0,50.0,1.0
KL Nagarkoti,2021,Kolkata Knight Riders,BOWL,India,right-hand-bat,right-arm-fast,0,0,0,2,12,50.0,50.0,50.0,50.0,50.0,50.0,50.0,50.0,1.0
KM Asif,2021,Chennai Super Kings,BOWL,India,right-hand-bat,right-arm-fast-medium,0,0,1,0,14,50.0,50.0,50.0,50.0,50.0,50.0,50.0,50.0,1.0
KW Richardson,2021,Royal Challengers Bengaluru,BOWL,Australia,right-hand-bat,right-arm-fast-medium,0,0,1,0,19,50.0,50.0,50.0,50.0,50.0,50.0,50.0,50.0,1.0
LI Meriwala,2021,Delhi Capitals,BOWL,India,left-hand-bat,left-arm-fast-medium,0,0,1,0,19,50.0,50.0,50.0,55.1,50.0,50.0,50.0,50.0,1.0
M Markande,2021,Rajasthan Royals,BOWL,India,right-hand-bat,legbreak,0,0,0,0,18,50.0,50.0,50.0,50.0,50.0,50.0,50.0,50.0,1.0
Mandeep Singh,2021,Punjab Kings,BAT,India,right-hand-bat,right-arm-fast,0,15,0,14,0,50.0,50.0,61.2,50.0,50.0,50.0,50.0,50.0,1.0
Mujeeb Ur Rahman,2021,Sunrisers Hyderabad,BOWL,Afghanistan,right-hand-bat,right-arm-offbreak,0,1,2,1,26,50.0,50.0,50.0,50.0,50.0,50.0,50.0,50.0,1.0
Navdeep Saini,2021,Royal Challengers Bengaluru,BOWL,India,right-hand-bat,right-arm-fast,0,2,0,5,25,50.0,50.0,50.0,60.0,50.0,50.0,50.0,50.0,1.0
P Simran Singh,2021,Punjab Kings,BAT,India,right-hand-bat,right-arm-fast-medium,0,19,0,23,0,50.0,50.0,67.4,50.0,50.0,50.0,50.0,50.0,1.0
PP Chawla,2021,Mumbai Indians,BOWL,India,left-hand-bat,legbreak,0,0,1,2,24,50.0,50.0,50.0,50.0,50.0,50.0,50.0,50.0,1.0
RV Patel,2021,Delhi Capitals,AR,Bulgaria,right-hand-bat,right-arm-offbreak,0,25,0,29,20,50.0,50.0,50.0,50.0,50.0,50.0,50.0,50.0,1.0
S Nadeem,2021,Sunrisers Hyderabad,BOWL,India,right-hand-bat,slow-left-arm-orthodox,0,0,1,1,24,50.0,50.0,50.0,50.0,50.0,50.0,50.0,50.0,1.0
S Sandeep Warrier,2021,Kolkata Knight Riders,BOWL,India,right-hand-bat,right-arm-fast-medium,0,0,0,0,12,50.0,50.0,50.0,57.9,50.0,50.0,50.0,50.0,1.0
SN Khan,2021,Punjab Kings,BAT,Saudi Arabia,left-hand-bat,slow-left-arm-orthodox,0,0,0,4,0,50.0,50.0,50.0,50.0,50.0,50.0,50.0,50.0,1.0
Sachin Baby,2021,Royal Challengers Bengaluru,BAT,India,left-hand-bat,right-arm-offbreak,0,7,0,17,0,50.0,50.0,50.0,50.0,50.0,50.0,50.0,50.0,1.0
T Shamsi,2021,Rajasthan Royals,BOWL,South Africa,right-hand-bat,slow-left-arm-orthodox,0,2,0,4,24,50.0,50.0,50.0,50.0,50.0,50.0,50.0,50.0,1.0
TH David,2021,Royal Challengers Bengaluru,BAT,Australia,right-hand-bat,right-arm-offbreak,0,1,0,3,0,50.0,50.0,50.0,50.0,50.0,50.0,50.0,50.0,1.0
TL Seifert,2021,Kolkata Knight Riders,WK,New Zealand,right-hand-bat,unknown,1,2,0,5,0,50.0,50.0,50.0,50.0,50.0,50.0,50.0,50.0,1.0
Virat Singh,2021,Sunrisers Hyderabad,BAT,West Indies,left-hand-bat,legbreak-googly,0,15,0,26,0,50.0,50.0,50.0,50.0,50.0,50.0,50.0,50.0,1.0
JC Buttler,2022,Rajasthan Royals,WK,England,right-hand-bat,unknown,1,863,0,596,0,99.0,50.0,77.2,50.0,81.5,50.0,78.8,99.0,20.0
YS Chahal,2022,Rajasthan Royals,BOWL,India,right-hand-bat,legbreak-googly,0,5,27,8,429,50.0,95.4,50.0,61.7,50.0,78.2,78.3,98.2,19.08
PWH de Silva,2022,Royal Challengers Bengaluru,BOWL,Sri Lanka,right-hand-bat,legbreak,0,38,26,48,346,57.7,94.1,50.0,60.3,60.9,75.6,79.1,97.0,17.77
DA Miller,2022,Gujarat Titans,BAT,South Africa,left-hand-bat,right-arm-offbreak,0,481,0,348,0,91.8,50.0,50.0,50.0,78.8,50.0,82.0,95.0,15.72
Rashid Khan,2022,Gujarat Titans,BOWL,Afghanistan,right-hand-bat,legbreak-googly,0,91,19,44,386,64.8,91.5,50.0,74.9,82.4,84.5,83.4,94.8,15.52
K Rabada,2022,Punjab Kings,BOWL,South Africa,left-hand-bat,right-arm-fast,0,48,23,47,303,61.1,90.2,50.0,76.8,76.6,76.2,78.4,93.0,13.84
KL Rahul,2022,Lucknow Super Giants,WK,India,unknown,unknown,1,616,0,472,0,90.1,50.0,75.1,50.0,79.3,50.0,78.2,92.9,13.75
Umran Malik,2022,Sunrisers Hyderabad,BOWL,India,right-hand-bat,right-arm-fast-medium,0,4,22,8,313,50.0,88.7,50.0,51.3,50.0,95.0,83.2,92.0,12.97
JR Hazlewood,2022,Royal Challengers Bengaluru,BOWL,Australia,left-hand-bat,right-arm-fast-medium,0,18,20,27,289,50.0,88.8,50.0,77.8,65.7,74.8,77.6,91.6,12.63
Abhishek Sharma,2022,Sunrisers Hyderabad,BAT,India,left-hand-bat,slow-left-arm-orthodox,0,426,0,329,24,86.4,50.0,76.9,50.0,50.0,50.0,78.9,89.3,10.8
Q de Kock,2022,Lucknow Super Giants,WK,South Africa,left-hand-bat,unknown,1,508,0,350,0,86.4,50.0,77.3,50.0,89.0,50.0,75.3,88.9,10.51
RD Chahar,2022,Punjab Kings,BOWL,India,right-hand-bat,legbreak-googly,0,77,14,70,290,67.2,86.2,50.0,50.0,75.0,81.0,76.8,88.9,10.51
JJ Bumrah,2022,Mumbai Indians,BOWL,India,right-hand-bat,right-arm-fast,0,0,15,9,327,50.0,85.9,50.0,80.8,50.0,81.0,76.3,88.5,10.22
Kuldeep Yadav,2022,Delhi Capitals,BOWL,India,left-hand-bat,left-arm-chinaman,0,48,21,54,306,63.3,85.5,50.0,50.0,73.4,82.3,76.2,88.1,9.93
DJ Bravo,2022,Chennai Super Kings,BOWL,West Indies,left-hand-bat,right-arm-fast-medium,0,23,16,26,229,50.0,85.1,50.0,61.6,50.0,81.5,75.7,87.7,9.65
SP Narine,2022,Kolkata Knight Riders,BOWL,West Indies,left-hand-bat,right-arm-offbreak,0,71,9,40,342,57.1,84.3,50.0,78.0,59.9,82.3,80.0,87.3,9.38
Avesh Khan,2022,Lucknow Super Giants,BOWL,India,right-hand-bat,right-arm-fast-medium,0,22,18,13,300,50.0,84.2,50.0,75.1,50.0,75.0,77.1,86.9,9.11
Mohsin Khan,2022,Lucknow Super Giants,BOWL,Hong Kong,left-hand-bat,left-arm-fast-medium,0,23,14,19,206,50.0,84.4,50.0,78.2,65.3,80.0,73.4,86.7,8.98
TG Southee,2022,Kolkata Knight Riders,BOWL,New Zealand,right-hand-bat,right-arm-fast-medium,0,2,14,12,220,50.0,83.6,50.0,77.7,50.0,73.4,80.1,86.6,8.92
T Natarajan,2022,Sunrisers Hyderabad,BOWL,India,left-hand-bat,left-arm-fast-medium,0,0,18,0,272,50.0,83.5,50.0,77.9,50.0,73.5,80.3,86.5,8.85
DJ Hooda,2022,Lucknow Super Giants,BAT,India,right-hand-bat,right-arm-offbreak,0,451,1,340,24,83.8,50.0,76.3,50.0,78.7,50.0,73.6,86.2,8.66
KD Karthik,2022,Royal Challengers Bengaluru,BAT,India,unknown,unknown,0,330,0,188,0,83.2,50.0,50.0,50.0,82.6,50.0,80.3,86.2,8.66
S Dhawan,2022,Punjab Kings,BAT,India,left-hand-bat,right-arm-offbreak,0,460,0,395,0,83.6,50.0,76.6,50.0,77.9,50.0,75.8,86.2,8.66
RM Patidar,2022,Royal Challengers Bengaluru,BAT,India,right-hand-bat,right-arm-offbreak,0,333,0,232,0,83.6,50.0,77.5,50.0,71.7,50.0,75.3,86.1,8.6
HV Patel,2022,Royal Challengers Bengaluru,BOWL,India,right-hand-bat,right-arm-fast-medium,0,43,19,42,338,58.4,84.3,50.0,50.0,72.0,77.5,66.2,85.9,8.47
Ishan Kishan,2022,Mumbai Indians,WK,India,left-hand-bat,unknown,1,418,0,355,0,83.1,50.0,77.6,50.0,67.9,50.0,77.1,85.8,8.41
KK Ahmed,2022,Delhi Capitals,BOWL,India,right-hand-bat,right-arm-fast-medium,0,0,16,2,242,50.0,83.2,50.0,78.9,50.0,74.5,75.2,85.7,8.35
AK Markram,2022,Sunrisers Hyderabad,BAT,South Africa,right-hand-bat,right-arm-offbreak,0,381,1,277,36,81.9,56.6,75.0,50.0,73.5,50.0,83.1,85.2,8.04
AD Russell,2022,Kolkata Knight Riders,AR,West Indies,right-hand-bat,legbreak,0,335,17,200,176,81.5,83.2,50.0,78.7,79.9,78.8,76.9,85.0,7.92
SV Samson,2022,Rajasthan Royals,WK,India,right-hand-bat,unknown,1,458,0,321,0,83.2,50.0,80.4,50.0,79.0,50.0,68.1,85.0,7.92
N Pooran,2022,Sunrisers Hyderabad,WK,West Indies,left-hand-bat,unknown,1,306,0,228,0,81.4,50.0,54.3,50.0,76.5,50.0,83.7,84.8,7.81
YBK Jaiswal,2022,Rajasthan Royals,BAT,India,left-hand-bat,legbreak,0,258,0,198,1,81.8,50.0,79.7,50.0,50.0,50.0,78.0,84.6,7.69
M Theekshana,2022,Chennai Super Kings,BOWL,Sri Lanka,right-hand-bat,right-arm-offbreak,0,7,12,7,212,50.0,81.6,50.0,77.9,50.0,79.1,78.2,84.4,7.57
F du Plessis,2022,Royal Challengers Bengaluru,BAT,South Africa,right-hand-bat,legbreak,0,468,0,377,0,81.7,50.0,73.5,50.0,79.3,50.0,75.6,84.3,7.52
Tilak Varma,2022,Mumbai Indians,BAT,India,left-hand-bat,right-arm-offbreak,0,397,0,313,12,81.5,50.0,69.8,50.0,77.6,50.0,77.2,84.2,7.46
LS Livingstone,2022,Punjab Kings,AR,England,right-hand-bat,legbreak,0,437,6,261,144,86.3,76.2,86.4,57.6,74.7,59.1,73.0,84.1,7.4
Mohammed Shami,2022,Gujarat Titans,BOWL,India,right-hand-bat,right-arm-fast,0,0,20,0,378,50.0,81.5,50.0,75.3,50.0,79.7,74.8,84.0,7.35
SS Iyer,2022,Kolkata Knight Riders,BAT,India,right-hand-bat,legbreak-googly,0,401,0,310,6,81.1,50.0,77.8,50.0,50.3,50.0,75.7,83.7,7.18
DA Warner,2022,Delhi Capitals,BAT,Australia,left-hand-bat,legbreak,0,432,0,301,0,80.7,50.0,78.4,50.0,59.8,50.0,77.9,83.5,7.07
M Prasidh Krishna,2022,Rajasthan Royals,BOWL,India,right-hand-bat,right-arm-fast-medium,0,6,19,12,432,50.0,81.4,50.0,80.2,57.4,73.3,70.6,83.5,7.07
R Ashwin,2022,Rajasthan Royals,BOWL,India,right-hand-bat,right-arm-offbreak,0,191,12,140,419,74.7,80.9,77.4,77.8,80.3,76.2,75.8,83.5,7.07
V Kohli,2022,Royal Challengers Bengaluru,BAT,India,right-hand-bat,right-arm-fast-medium,0,341,0,306,0,80.6,50.0,78.1,50.0,65.9,50.0,78.0,83.4,7.02
HH Pandya,2022,Gujarat Titans,AR,India,right-hand-bat,right-arm-fast-medium,0,487,8,387,189,83.5,77.2,77.3,82.2,71.8,67.0,76.7,83.3,6.96
RD Gaikwad,2022,Chennai Super Kings,BAT,India,right-hand-bat,right-arm-offbreak,0,368,0,298,0,80.9,50.0,76.1,50.0,64.3,50.0,73.8,83.3,6.96
SA Yadav,2022,Mumbai Indians,WK,India,left-hand-bat,slow-left-arm-orthodox,1,303,0,210,0,80.5,50.0,78.7,50.0,84.0,50.0,76.8,83.2,6.91
PP Shaw,2022,Delhi Capitals,BAT,India,right-hand-bat,right-arm-offbreak,0,283,0,193,0,80.7,50.0,78.8,50.0,50.0,50.0,73.2,83.0,6.8
LH Ferguson,2022,Gujarat Titans,BOWL,New Zealand,right-hand-bat,right-arm-fast,0,5,12,4,298,50.0,79.7,50.0,79.7,50.0,73.8,80.0,82.7,6.65
RR Pant,2022,Delhi Capitals,WK,India,left-hand-bat,unknown,1,340,0,234,0,80.5,50.0,81.2,50.0,85.5,50.0,72.0,82.7,6.65
GJ Maxwell,2022,Royal Challengers Bengaluru,AR,Australia,right-hand-bat,right-arm-offbreak,0,301,6,184,146,79.6,79.5,77.0,78.9,71.8,50.0,80.5,82.6,6.6
Shubman Gill,2022,Gujarat Titans,BAT,India,right-hand-bat,right-arm-offbreak,0,483,0,374,0,80.3,50.0,76.3,50.0,69.2,50.0,73.1,82.6,6.6
N Rana,2022,Kolkata Knight Riders,BAT,India,right-hand-bat,right-arm-fast-medium,0,361,0,259,12,80.3,50.0,77.4,50.0,78.2,50.0,71.5,82.4,6.49
AR Patel,2022,Delhi Capitals,AR,India,right-hand-bat,right-arm-fast-medium,0,182,6,122,261,79.3,75.2,50.0,79.3,76.1,61.4,98.7,82.3,6.44
SO Hetmyer,2022,Rajasthan Royals,BAT,West Indies,left-hand-bat,unknown,0,314,0,221,0,79.4,50.0,50.0,50.0,79.1,50.0,74.6,81.9,6.24
DP Conway,2022,Chennai Super Kings,WK,New Zealand,left-hand-bat,right-arm-fast-medium,1,252,0,176,0,79.2,50.0,76.6,50.0,60.7,50.0,75.8,81.8,6.19
R Sai Kishore,2022,Gujarat Titans,BOWL,India,left-hand-bat,slow-left-arm-orthodox,0,0,6,0,98,50.0,80.2,50.0,50.0,50.0,60.0,65.9,81.8,6.19
OC McCoy,2022,Rajasthan Royals,BOWL,West Indies,left-hand-bat,left-arm-fast-medium,0,8,11,5,173,50.0,79.0,50.0,59.5,50.0,85.6,76.1,81.6,6.1
R Powell,2022,Delhi Capitals,BAT,West Indies,right-hand-bat,right-arm-offbreak,0,250,0,174,7,78.6,50.0,50.0,50.0,81.9,50.0,80.2,81.6,6.1
RA Tripathi,2022,Sunrisers Hyderabad,BAT,India,right-hand-bat,right-arm-fast-medium,0,413,0,271,0,78.6,50.0,77.0,50.0,60.0,50.0,77.9,81.4,6.0
UT Yadav,2022,Kolkata Knight Riders,BOWL,India,right-hand-bat,right-arm-fast,0,55,16,41,297,63.0,79.0,50.0,74.9,77.3,62.9,74.4,81.4,6.0
B Kumar,2022,Sunrisers Hyderabad,BOWL,India,right-hand-bat,right-arm-fast-medium,0,24,12,28,330,50.0,78.7,50.0,74.7,70.9,76.9,76.2,81.3,5.95
MR Marsh,2022,Delhi Capitals,BAT,Australia,right-hand-bat,right-arm-fast-medium,0,251,4,192,76,78.6,72.8,79.6,50.0,71.6,56.5,77.2,81.3,5.95
JM Bairstow,2022,Punjab Kings,WK,England,right-hand-bat,right-arm-fast-medium,1,253,0,180,0,78.7,50.0,81.1,50.0,50.0,50.0,74.6,81.2,5.9
JO Holder,2022,Lucknow Super Giants,BOWL,West Indies,right-hand-bat,right-arm-fast-medium,0,58,14,46,266,60.0,78.7,59.4,71.0,76.3,73.9,74.5,81.2,5.9
MS Dhoni,2022,Chennai Super Kings,WK,India,right-hand-bat,right-arm-fast-medium,1,232,0,198,0,78.8,50.0,50.0,50.0,78.8,50.0,74.4,81.2,5.9
RP Meredith,2022,Mumbai Indians,BOWL,Australia,right-hand-bat,right-arm-fast,0,0,8,1,181,50.0,78.1,50.0,78.6,50.0,77.2,81.5,81.2,5.9
Ravi Bishnoi,2022,Lucknow Super Giants,BOWL,India,right-hand-bat,legbreak-googly,0,0,13,1,340,50.0,78.5,50.0,71.9,50.0,69.5,76.6,81.2,5.9
TH David,2022,Mumbai Indians,BAT,Australia,right-hand-bat,right-arm-offbreak,0,186,0,91,0,78.0,50.0,50.0,50.0,85.5,50.0,82.0,81.2,5.9
M Ashwin,2022,Mumbai Indians,BOWL,India,right-hand-bat,legbreak-googly,0,12,9,14,179,50.0,78.1,50.0,77.9,58.8,50.0,79.2,81.0,5.81
Mustafizur Rahman,2022,Delhi Capitals,BOWL,Bangladesh,left-hand-bat,left-arm-fast-medium,0,3,8,5,199,50.0,77.9,50.0,78.1,50.0,73.8,80.7,81.0,5.81
Arshdeep Singh,2022,Punjab Kings,BOWL,India,left-hand-bat,left-arm-fast-medium,0,21,10,30,317,56.1,78.3,50.0,74.7,68.9,76.6,75.9,80.9,5.76
MM Ali,2022,Chennai Super Kings,AR,England,right-hand-bat,right-arm-fast-medium,0,244,8,183,146,72.7,86.0,75.2,64.2,71.1,50.0,71.8,80.9,5.76
S Dube,2022,Chennai Super Kings,BAT,India,left-hand-bat,right-arm-fast-medium,0,289,0,194,14,79.2,50.0,50.0,50.0,80.0,50.0,63.7,80.6,5.63
TA Boult,2022,Rajasthan Royals,BOWL,New Zealand,right-hand-bat,left-arm-fast-medium,0,40,16,30,387,55.6,78.1,50.0,74.5,71.8,65.4,75.4,80.6,5.63
PBB Rajapaksa,2022,Punjab Kings,BAT,Sri Lanka,unknown,unknown,0,206,0,137,0,77.9,50.0,78.8,50.0,50.0,50.0,73.8,80.3,5.49
D Padikkal,2022,Rajasthan Royals,BAT,India,left-hand-bat,right-arm-offbreak,0,376,0,317,0,77.4,50.0,74.3,50.0,69.8,50.0,70.0,79.4,5.1
RK Singh,2022,Kolkata Knight Riders,BAT,India,right-hand-bat,left-arm-fast-medium,0,174,0,125,0,76.3,50.0,50.0,50.0,83.7,50.0,78.0,79.1,4.98
WP Saha,2022,Gujarat Titans,WK,India,right-hand-bat,unknown,1,317,0,266,0,76.2,50.0,74.1,50.0,53.4,50.0,76.9,78.9,4.9
MJ Santner,2022,Chennai Super Kings,BOWL,New Zealand,left-hand-bat,slow-left-arm-orthodox,0,22,4,30,114,57.6,76.9,74.4,79.1,50.0,50.0,68.1,78.7,4.82
RG Sharma,2022,Mumbai Indians,BAT,India,right-hand-bat,right-arm-fast-medium,0,268,0,234,0,76.0,50.0,75.4,50.0,50.0,50.0,76.3,78.6,4.78
Mukesh Choudhary,2022,Chennai Super Kings,BOWL,India,left-hand-bat,left-arm-fast-medium,0,6,16,6,291,50.0,75.8,50.0,74.5,50.0,70.5,73.6,78.2,4.62
KR Sen,2022,Rajasthan Royals,BOWL,India,right-hand-bat,right-arm-fast-medium,0,0,8,3,157,50.0,76.0,50.0,77.7,50.0,83.9,69.0,77.9,4.51
MP Stoinis,2022,Lucknow Super Giants,BAT,Australia,right-hand-bat,right-arm-fast-medium,0,156,4,116,44,74.9,57.1,50.0,50.0,77.6,56.8,80.0,77.9,4.51
RV Uthappa,2022,Chennai Super Kings,WK,India,right-hand-bat,right-arm-fast-medium,1,230,0,181,0,75.5,50.0,75.5,50.0,71.2,50.0,74.0,77.9,4.51
K Kartikeya,2022,Mumbai Indians,BOWL,India,right-hand-bat,slow-left-arm-orthodox,0,3,5,6,78,50.0,75.9,50.0,50.0,50.0,50.0,68.6,77.8,4.47
PJ Cummins,2022,Kolkata Knight Riders,BOWL,Australia,right-hand-bat,right-arm-fast,0,63,7,24,127,50.0,75.2,50.0,70.1,50.0,74.9,74.2,77.6,4.4
D Brevis,2022,Mumbai Indians,BAT,South Africa,right-hand-bat,legbreak,0,161,1,116,3,74.9,50.0,76.4,50.0,50.0,50.0,75.6,77.5,4.36
JM Sharma,2022,Punjab Kings,WK,India,right-hand-bat,unknown,1,234,0,149,0,76.3,50.0,50.0,50.0,84.7,50.0,61.9,77.5,4.36
D Pretorius,2022,Chennai Super Kings,BOWL,South Africa,right-hand-bat,right-arm-fast,0,44,6,28,138,50.0,74.0,50.0,50.0,74.6,68.3,83.5,77.4,4.32
J Suchith,2022,Sunrisers Hyderabad,BOWL,India,left-hand-bat,slow-left-arm-orthodox,0,2,7,8,115,50.0,75.2,50.0,61.5,50.0,50.0,69.7,77.2,4.25
Yash Dayal,2022,Gujarat Titans,BOWL,India,left-hand-bat,left-arm-fast-medium,0,0,11,1,205,50.0,74.6,50.0,74.6,50.0,76.5,73.1,76.9,4.14
R Tewatia,2022,Gujarat Titans,BAT,India,left-hand-bat,legbreak,0,217,0,156,36,74.1,53.3,50.0,50.0,77.2,50.0,77.5,76.8,4.11
AT Rayudu,2022,Chennai Super Kings,WK,India,right-hand-bat,right-arm-offbreak,1,274,0,230,0,74.2,50.0,67.8,50.0,71.4,50.0,74.9,76.7,4.07
A Nortje,2022,Delhi Capitals,BOWL,South Africa,right-hand-bat,right-arm-fast,0,1,9,7,143,50.0,73.9,50.0,76.0,50.0,72.4,73.3,76.2,3.9
DR Sams,2022,Mumbai Indians,BOWL,Australia,right-hand-bat,left-arm-fast-medium,0,38,13,40,274,53.6,73.8,50.0,76.6,58.2,75.3,73.0,76.1,3.87
MS Wade,2022,Gujarat Titans,WK,Australia,left-hand-bat,right-arm-fast-medium,1,157,0,145,0,73.6,50.0,79.3,50.0,50.0,50.0,72.3,75.8,3.77
KH Pandya,2022,Lucknow Super Giants,AR,India,left-hand-bat,slow-left-arm-orthodox,0,183,10,150,232,69.5,78.2,50.0,71.7,70.8,62.7,72.5,75.7,3.74
SW Billings,2022,Kolkata Knight Riders,WK,England,right-hand-bat,unknown,1,169,0,143,0,73.0,50.0,58.9,50.0,73.4,50.0,70.4,75.0,3.52
Washington Sundar,2022,Sunrisers Hyderabad,AR,India,left-hand-bat,right-arm-offbreak,0,101,6,76,170,70.5,73.7,50.0,76.1,79.7,56.4,78.0,74.7,3.43
PVD Chameera,2022,Lucknow Super Giants,BOWL,Sri Lanka,right-hand-bat,right-arm-fast,0,43,9,32,278,58.3,72.4,50.0,73.6,78.0,71.1,72.4,74.6,3.4
Simarjeet Singh,2022,Chennai Super Kings,BOWL,Philippines,right-hand-bat,right-arm-fast-medium,0,7,4,8,113,50.0,72.3,50.0,74.0,50.0,64.6,71.7,74.5,3.38
Basil Thampi,2022,Mumbai Indians,BOWL,India,right-hand-bat,right-arm-fast-medium,0,0,5,0,102,50.0,71.8,50.0,70.4,50.0,64.1,76.3,74.4,3.35
Lalit Yadav,2022,Delhi Capitals,AR,India,right-hand-bat,right-arm-offbreak,0,161,4,152,110,70.7,72.8,76.0,78.7,74.6,57.4,77.2,74.4,3.35
M Jansen,2022,Sunrisers Hyderabad,BOWL,South Africa,right-hand-bat,left-arm-fast,0,9,7,7,201,50.0,72.3,50.0,79.3,50.0,61.6,71.4,74.4,3.35
Shahbaz Ahmed,2022,Royal Challengers Bengaluru,AR,India,left-hand-bat,right-arm-fast,0,219,4,197,220,75.9,65.9,50.0,71.4,75.2,50.0,80.4,74.4,3.35
A Manohar,2022,Gujarat Titans,BAT,India,right-hand-bat,legbreak,0,108,0,79,0,72.3,50.0,58.5,50.0,74.7,50.0,70.2,74.3,3.32
C Sakariya,2022,Delhi Capitals,BOWL,India,left-hand-bat,left-arm-fast-medium,0,0,3,0,71,50.0,72.2,50.0,80.5,50.0,65.3,69.9,74.2,3.29
AJ Finch,2022,Kolkata Knight Riders,BAT,Australia,right-hand-bat,slow-left-arm-orthodox,0,86,0,70,0,71.5,50.0,75.0,50.0,50.0,50.0,74.5,74.0,3.23
E Lewis,2022,Lucknow Super Giants,BAT,West Indies,left-hand-bat,unknown,0,73,0,60,0,70.2,50.0,63.7,50.0,70.6,50.0,87.4,73.9,3.2
MA Agarwal,2022,Punjab Kings,BAT,India,right-hand-bat,unknown,0,196,0,167,0,71.7,50.0,76.5,50.0,50.0,50.0,71.7,73.9,3.2
SN Thakur,2022,Delhi Capitals,BOWL,India,right-hand-bat,right-arm-fast-medium,0,120,15,90,315,71.0,71.9,50.0,70.8,74.4,73.0,69.0,73.8,3.18
B Sai Sudharsan,2022,Gujarat Titans,BAT,India,left-hand-bat,legbreak,0,145,0,118,0,71.9,50.0,71.0,50.0,69.2,50.0,67.6,73.7,3.15
RA Jadeja,2022,Chennai Super Kings,AR,India,left-hand-bat,slow-left-arm-orthodox,0,116,5,105,203,68.6,73.9,50.0,50.0,73.6,66.0,75.9,73.6,3.12
VR Iyer,2022,Kolkata Knight Riders,BAT,India,left-hand-bat,right-arm-fast-medium,0,182,0,175,24,71.1,50.0,73.7,50.0,50.0,56.0,75.1,73.6,3.12
Akash Deep,2022,Royal Challengers Bengaluru,BOWL,India,right-hand-bat,right-arm-fast-medium,0,0,5,2,119,50.0,70.7,50.0,75.8,50.0,59.3,78.1,73.5,3.1
CV Varun,2022,Kolkata Knight Riders,BOWL,India,right-hand-bat,legbreak-googly,0,12,6,18,245,50.0,70.8,50.0,73.7,62.8,70.3,73.4,73.1,2.99
AM Rahane,2022,Kolkata Knight Riders,BAT,India,right-hand-bat,right-arm-fast-medium,0,133,0,131,0,70.7,50.0,74.7,50.0,50.0,50.0,72.9,73.0,2.96
KA Pollard,2022,Mumbai Indians,AR,West Indies,right-hand-bat,right-arm-fast-medium,0,144,4,146,87,68.6,73.1,50.0,50.0,73.0,59.3,73.9,73.0,2.96
KS Williamson,2022,Sunrisers Hyderabad,BAT,New Zealand,right-hand-bat,right-arm-offbreak,0,216,0,235,0,70.5,50.0,73.8,50.0,62.2,50.0,73.4,72.8,2.91
Shivam Mavi,2022,Kolkata Knight Riders,BOWL,India,right-hand-bat,right-arm-fast-medium,0,3,5,8,142,50.0,70.3,50.0,72.3,50.0,72.5,73.0,72.6,2.86
Sandeep Sharma,2022,Punjab Kings,BOWL,India,right-hand-bat,right-arm-fast-medium,0,0,2,0,126,50.0,70.4,50.0,78.7,50.0,58.8,69.8,72.4,2.82
VG Arora,2022,Punjab Kings,BOWL,India,right-hand-bat,right-arm-fast-medium,0,5,3,14,110,50.0,70.1,50.0,74.6,59.4,63.0,72.3,72.3,2.79
AS Joseph,2022,Gujarat Titans,BOWL,West Indies,right-hand-bat,right-arm-fast-medium,0,5,7,7,185,50.0,70.2,50.0,71.0,50.0,77.9,69.7,72.2,2.77
R Parag,2022,Rajasthan Royals,BAT,India,right-hand-bat,legbreak,0,183,1,136,26,70.5,50.0,50.0,50.0,72.9,50.0,67.4,72.2,2.77
A Badoni,2022,Lucknow Super Giants,BAT,India,right-hand-bat,right-arm-offbreak,0,161,2,139,12,69.9,50.0,50.0,50.0,73.6,50.0,69.0,71.8,2.67
AJ Tye,2022,Lucknow Super Giants,BOWL,Australia,right-hand-bat,right-arm-fast-medium,0,0,2,0,69,50.0,69.4,50.0,74.5,50.0,68.4,74.2,71.8,2.67
Harpreet Brar,2022,Punjab Kings,BOWL,India,left-hand-bat,slow-left-arm-orthodox,0,22,4,25,100,50.0,69.7,50.0,60.1,50.0,50.0,70.0,71.7,2.65
Anuj Rawat,2022,Royal Challengers Bengaluru,WK,India,left-hand-bat,unknown,1,129,0,123,0,69.1,50.0,71.6,50.0,50.0,50.0,75.3,71.6,2.63
TS Mills,2022,Mumbai Indians,BOWL,England,right-hand-bat,left-arm-fast,0,0,6,3,107,50.0,68.9,50.0,78.1,50.0,66.4,76.3,71.5,2.61
R Dhawan,2022,Punjab Kings,BOWL,India,right-hand-bat,right-arm-fast-medium,0,37,6,41,119,61.1,71.1,50.0,77.3,73.1,50.0,52.7,71.4,2.58
JD Unadkat,2022,Mumbai Indians,BOWL,India,right-hand-bat,left-arm-fast-medium,0,59,6,37,123,61.0,69.3,50.0,73.3,81.6,69.1,64.7,70.8,2.45
K Gowtham,2022,Lucknow Super Giants,BOWL,India,right-hand-bat,right-arm-offbreak,0,0,5,2,72,50.0,67.9,50.0,53.8,50.0,50.0,68.0,69.7,2.23
Fazalhaq Farooqi,2022,Sunrisers Hyderabad,BOWL,Afghanistan,right-hand-bat,left-arm-fast-medium,0,2,2,8,76,50.0,69.1,50.0,80.6,50.0,60.4,54.5,69.6,2.22
SN Khan,2022,Delhi Capitals,BAT,Saudi Arabia,left-hand-bat,slow-left-arm-orthodox,0,91,0,69,0,68.5,50.0,69.5,50.0,62.3,50.0,60.5,69.6,2.22
M Shahrukh Khan,2022,Punjab Kings,BAT,India,right-hand-bat,right-arm-fast-medium,0,117,0,118,0,67.0,50.0,50.0,50.0,68.5,50.0,66.0,68.6,2.04
PJ Sangwan,2022,Gujarat Titans,BOWL,India,right-hand-bat,left-arm-fast-medium,0,2,3,6,56,50.0,67.0,50.0,74.9,50.0,50.0,64.1,68.4,2.01
MK Pandey,2022,Lucknow Super Giants,BAT,India,right-hand-bat,right-arm-fast-medium,0,88,0,84,0,66.7,50.0,69.5,50.0,50.0,50.0,59.9,67.7,1.9
Mohammed Siraj,2022,Royal Challengers Bengaluru,BOWL,India,right-hand-bat,right-arm-fast-medium,0,30,9,33,325,57.1,64.8,50.0,70.1,68.2,65.4,70.7,66.9,1.78
M Pathirana,2022,Chennai Super Kings,BOWL,Sri Lanka,right-hand-bat,right-arm-fast-medium,0,0,2,0,48,50.0,65.7,50.0,50.0,50.0,74.1,57.0,66.4,1.71
CJ Jordan,2022,Chennai Super Kings,BOWL,England,right-hand-bat,right-arm-fast-medium,0,11,2,9,80,50.0,64.5,50.0,76.5,50.0,66.5,65.4,66.0,1.66
MK Lomror,2022,Royal Challengers Bengaluru,BAT,India,left-hand-bat,slow-left-arm-orthodox,0,86,0,60,12,65.5,50.0,50.0,50.0,76.9,50.0,54.3,65.9,1.65
OF Smith,2022,Punjab Kings,AR,West Indies,right-hand-bat,right-arm-fast-medium,0,51,6,50,95,64.2,63.7,50.0,70.7,78.3,61.7,66.9,65.7,1.62
R Shepherd,2022,Sunrisers Hyderabad,AR,West Indies,right-hand-bat,right-arm-fast-medium,0,58,3,43,57,63.3,63.7,50.0,61.7,71.3,60.5,71.3,65.6,1.61
HR Shokeen,2022,Mumbai Indians,AR,India,right-hand-bat,right-arm-offbreak,0,43,2,48,94,61.3,65.6,50.0,72.7,50.0,50.0,62.2,64.5,1.49
PH Solanki,2022,Chennai Super Kings,BOWL,India,right-hand-bat,legbreak,0,0,2,0,36,50.0,62.7,50.0,50.0,50.0,61.6,62.9,64.0,1.44
SS Prabhudessai,2022,Royal Challengers Bengaluru,BAT,India,right-hand-bat,unknown,0,67,0,62,0,63.6,50.0,60.7,50.0,50.0,50.0,53.4,63.9,1.43
NT Ellis,2022,Punjab Kings,BOWL,Australia,right-hand-bat,right-arm-fast-medium,0,0,3,2,40,50.0,62.1,50.0,61.9,50.0,58.4,63.8,63.5,1.4
DJ Willey,2022,Royal Challengers Bengaluru,AR,England,left-hand-bat,left-arm-fast-medium,0,18,1,32,66,55.9,68.3,60.0,78.7,50.0,50.0,65.7,63.0,1.35
Ramandeep Singh,2022,Mumbai Indians,AR,India,right-hand-bat,right-arm-fast-medium,0,45,6,42,41,59.1,64.5,50.0,50.0,58.3,68.9,64.7,63.0,1.35
SE Rutherford,2022,Royal Challengers Bengaluru,BAT,West Indies,left-hand-bat,right-arm-fast-medium,0,33,0,52,0,61.9,50.0,61.2,50.0,50.0,50.0,59.7,62.9,1.35
Kartik Tyagi,2022,Sunrisers Hyderabad,BOWL,India,right-hand-bat,right-arm-fast-medium,0,7,1,6,54,50.0,62.5,50.0,56.8,50.0,63.1,50.0,62.5,1.32
AS Roy,2022,Kolkata Knight Riders,BOWL,India,right-hand-bat,right-arm-fast,0,0,1,2,42,50.0,61.6,50.0,67.9,50.0,50.0,50.0,61.6,1.25
TU Deshpande,2022,Chennai Super Kings,BOWL,India,left-hand-bat,right-arm-fast-medium,0,0,1,0,43,50.0,58.5,50.0,70.5,50.0,50.0,65.2,60.0,1.16
DJ Mitchell,2022,Rajasthan Royals,BAT,New Zealand,right-hand-bat,right-arm-fast-medium,0,33,0,46,13,59.5,50.0,50.0,50.0,50.0,50.0,50.0,59.5,1.14
M Markande,2022,Mumbai Indians,BOWL,India,right-hand-bat,legbreak,0,0,1,0,42,50.0,59.4,50.0,50.0,50.0,50.0,50.0,59.4,1.13
Shashank Singh,2022,Sunrisers Hyderabad,BAT,Philippines,right-hand-bat,right-arm-offbreak,0,69,0,47,13,59.4,50.0,50.0,50.0,68.8,50.0,50.0,59.4,1.13
DG Nalkande,2022,Gujarat Titans,BOWL,India,right-hand-bat,right-arm-fast-medium,0,0,2,0,33,50.0,58.7,50.0,50.0,50.0,50.0,50.0,58.7,1.11
PK Garg,2022,Sunrisers Hyderabad,BAT,India,right-hand-bat,right-arm-fast-medium,0,46,0,33,0,58.4,50.0,65.0,50.0,50.0,50.0,50.0,58.4,1.1
V Shankar,2022,Gujarat Titans,BAT,India,right-hand-bat,right-arm-fast-medium,0,19,0,36,10,57.2,50.0,74.3,50.0,50.0,50.0,57.6,58.0,1.08
N Jagadeesan,2022,Chennai Super Kings,WK,India,right-hand-bat,unknown,1,40,0,40,0,57.7,50.0,50.0,50.0,58.8,50.0,50.0,57.7,1.07
Navdeep Saini,2022,Rajasthan Royals,BOWL,India,right-hand-bat,right-arm-fast,0,2,3,2,39,50.0,57.2,50.0,50.0,50.0,50.0,52.5,57.4,1.07
Harshit Rana,2022,Kolkata Knight Riders,BOWL,India,right-hand-bat,right-arm-fast-medium,0,2,1,2,31,50.0,56.9,50.0,59.3,50.0,50.0,50.0,56.9,1.05
VR Aaron,2022,Gujarat Titans,BOWL,India,right-hand-bat,right-arm-fast,0,0,2,0,33,50.0,55.6,50.0,58.1,50.0,50.0,60.0,56.6,1.05
B Indrajith,2022,Kolkata Knight Riders,BAT,India,right-hand-bat,legbreak-googly,0,21,0,31,0,53.4,50.0,69.6,50.0,50.0,50.0,59.9,54.4,1.01
TL Seifert,2022,Delhi Capitals,WK,New Zealand,right-hand-bat,unknown,1,24,0,21,0,50.0,50.0,67.2,50.0,50.0,50.0,71.4,52.1,1.0
JDS Neesham,2022,Rajasthan Royals,AR,New Zealand,left-hand-bat,right-arm-fast-medium,0,31,0,27,18,50.0,50.0,50.0,50.0,59.1,50.0,61.7,51.2,1.0
S Kaul,2022,Royal Challengers Bengaluru,BOWL,India,right-hand-bat,right-arm-fast-medium,0,0,0,0,24,50.0,50.0,50.0,50.0,50.0,59.4,60.8,51.1,1.0
Mandeep Singh,2022,Delhi Capitals,BAT,India,right-hand-bat,right-arm-fast,0,18,0,24,0,50.0,50.0,59.6,50.0,50.0,50.0,57.7,50.8,1.0
SP Jackson,2022,Kolkata Knight Riders,WK,India,right-hand-bat,unknown,1,23,0,26,0,50.0,50.0,50.0,50.0,62.6,50.0,57.9,50.8,1.0
A Tomar,2022,Kolkata Knight Riders,BAT,India,right-hand-bat,right-arm-offbreak,0,4,0,8,0,50.0,50.0,50.0,50.0,50.0,50.0,50.0,50.0,1.0
AF Milne,2022,Chennai Super Kings,BOWL,New Zealand,right-hand-bat,right-arm-fast,0,0,0,0,15,50.0,50.0,50.0,61.4,50.0,50.0,50.0,50.0,1.0
Abdul Samad,2022,Sunrisers Hyderabad,AR,Canada,right-hand-bat,legbreak,0,4,0,7,6,50.0,50.0,50.0,50.0,50.0,50.0,50.0,50.0,1.0
Aman Hakim Khan,2022,Kolkata Knight Riders,AR,England,right-hand-bat,right-arm-offbreak,0,5,0,3,6,50.0,50.0,50.0,50.0,50.0,50.0,50.0,50.0,1.0
Anmolpreet Singh,2022,Mumbai Indians,BAT,India,right-hand-bat,right-arm-offbreak,0,13,0,13,0,50.0,50.0,50.0,50.0,50.0,50.0,50.0,50.0,1.0
FA Allen,2022,Mumbai Indians,BOWL,West Indies,right-hand-bat,slow-left-arm-orthodox,0,8,1,7,24,50.0,50.0,50.0,50.0,50.0,50.0,50.0,50.0,1.0
HE van der Dussen,2022,Rajasthan Royals,BAT,South Africa,unknown,unknown,0,22,0,25,0,50.0,50.0,50.0,50.0,57.0,50.0,50.0,50.0,1.0
KK Nair,2022,Rajasthan Royals,BAT,India,right-hand-bat,right-arm-offbreak,0,16,0,18,0,50.0,50.0,50.0,50.0,50.0,50.0,50.0,50.0,1.0
KL Nagarkoti,2022,Delhi Capitals,BOWL,India,right-hand-bat,right-arm-fast,0,0,0,0,13,50.0,50.0,50.0,50.0,50.0,50.0,50.0,50.0,1.0
KS Bharat,2022,Delhi Capitals,WK,India,unknown,unknown,1,8,0,7,0,50.0,50.0,50.0,50.0,50.0,50.0,50.0,50.0,1.0
KS Sharma,2022,Lucknow Super Giants,BAT,India,right-hand-bat,right-arm-offbreak,0,4,0,4,0,50.0,50.0,50.0,50.0,50.0,50.0,50.0,50.0,1.0
M Vohra,2022,Lucknow Super Giants,BAT,India,right-hand-bat,right-arm-fast-medium,0,19,0,12,0,50.0,50.0,61.6,50.0,50.0,50.0,50.0,50.0,1.0
NM Coulter-Nile,2022,Rajasthan Royals,BOWL,Australia,right-hand-bat,right-arm-fast,0,1,0,2,20,50.0,50.0,50.0,50.0,50.0,50.0,50.0,50.0,1.0
P Simran Singh,2022,Punjab Kings,BAT,India,right-hand-bat,right-arm-fast-medium,0,14,0,11,0,50.0,50.0,58.4,50.0,50.0,50.0,50.0,50.0,1.0
PN Mankad,2022,Punjab Kings,BAT,India,right-hand-bat,right-arm-fast-medium,0,4,0,1,0,50.0,50.0,50.0,50.0,50.0,50.0,50.0,50.0,1.0
R Sanjay Yadav,2022,Mumbai Indians,BOWL,India,right-hand-bat,slow-left-arm-orthodox,0,0,0,2,14,50.0,50.0,50.0,50.0,50.0,50.0,50.0,50.0,1.0
RA Bawa,2022,Punjab Kings,BAT,India,left-hand-bat,right-arm-fast-medium,0,11,0,14,0,50.0,50.0,50.0,50.0,50.0,50.0,50.0,50.0,1.0
RV Patel,2022,Delhi Capitals,BAT,Bulgaria,right-hand-bat,right-arm-offbreak,0,6,0,3,0,50.0,50.0,50.0,50.0,50.0,50.0,50.0,50.0,1.0
Rasikh Salam,2022,Kolkata Knight Riders,BOWL,India,right-hand-bat,right-arm-fast-medium,0,7,0,6,24,50.0,50.0,50.0,66.6,50.0,50.0,50.0,50.0,1.0
S Gopal,2022,Sunrisers Hyderabad,BOWL,India,right-hand-bat,legbreak,0,9,1,7,18,50.0,50.0,50.0,50.0,50.0,50.0,50.0,50.0,1.0
SA Abbott,2022,Sunrisers Hyderabad,BOWL,Australia,right-hand-bat,right-arm-fast-medium,0,7,1,5,27,50.0,50.0,50.0,61.7,50.0,50.0,50.0,50.0,1.0
T Stubbs,2022,Mumbai Indians,WK,South Africa,right-hand-bat,legbreak,1,2,0,4,0,50.0,50.0,50.0,50.0,50.0,50.0,50.0,50.0,1.0
RK Singh,2023,Kolkata Knight Riders,BAT,India,right-hand-bat,left-arm-fast-medium,0,474,0,333,0,96.2,50.0,62.5,50.0,80.3,50.0,99.0,99.0,20.0
Shubman Gill,2023,Gujarat Titans,BAT,India,right-hand-bat,right-arm-offbreak,0,890,0,582,0,99.0,50.0,78.4,50.0,75.2,50.0,78.6,99.0,20.0
F du Plessis,2023,Royal Challengers Bengaluru,BAT,South Africa,right-hand-bat,legbreak,0,730,0,483,0,95.2,50.0,81.0,50.0,79.2,50.0,76.4,97.8,18.64
Rashid Khan,2023,Gujarat Titans,BOWL,Afghanistan,right-hand-bat,legbreak-googly,0,130,27,66,407,80.1,93.7,50.0,74.6,82.8,79.6,83.1,97.0,17.77
YBK Jaiswal,2023,Rajasthan Royals,BAT,India,left-hand-bat,legbreak,0,625,0,397,0,93.2,50.0,83.8,50.0,74.5,50.0,77.4,95.9,16.62
RD Gaikwad,2023,Chennai Super Kings,BAT,India,right-hand-bat,right-arm-offbreak,0,590,0,411,0,93.1,50.0,80.0,50.0,60.7,50.0,77.0,95.8,16.52
SA Yadav,2023,Mumbai Indians,WK,India,left-hand-bat,slow-left-arm-orthodox,1,605,0,340,0,91.6,50.0,72.4,50.0,82.2,50.0,75.1,94.1,14.85
MM Sharma,2023,Gujarat Titans,BOWL,India,left-hand-bat,slow-left-arm-orthodox,0,0,27,1,268,50.0,91.2,50.0,61.3,50.0,77.2,70.7,93.3,14.11
RA Jadeja,2023,Chennai Super Kings,BOWL,India,left-hand-bat,slow-left-arm-orthodox,0,190,20,138,348,70.8,90.1,50.0,50.0,78.9,53.5,81.7,93.3,14.11
YS Chahal,2023,Rajasthan Royals,BOWL,India,right-hand-bat,legbreak-googly,0,0,21,0,326,50.0,90.0,50.0,63.2,50.0,78.6,82.9,93.3,14.11
Akash Madhwal,2023,Mumbai Indians,BOWL,India,right-hand-bat,right-arm-fast-medium,0,0,14,0,160,50.0,90.1,50.0,89.5,50.0,83.2,73.1,92.4,13.31
DP Conway,2023,Chennai Super Kings,WK,New Zealand,left-hand-bat,right-arm-fast-medium,1,672,0,493,0,89.8,50.0,78.4,50.0,72.4,50.0,76.2,92.4,13.31
PP Chawla,2023,Mumbai Indians,BOWL,India,left-hand-bat,legbreak,0,25,22,22,371,50.0,88.4,50.0,75.0,66.1,67.5,83.3,91.7,12.71
V Kohli,2023,Royal Challengers Bengaluru,BAT,India,right-hand-bat,right-arm-fast-medium,0,639,0,473,0,88.6,50.0,77.5,50.0,64.8,50.0,76.6,91.3,12.38
H Klaasen,2023,Sunrisers Hyderabad,WK,South Africa,right-hand-bat,unknown,1,448,0,262,0,88.7,50.0,73.7,50.0,80.4,50.0,75.1,91.2,12.29
CV Varun,2023,Kolkata Knight Riders,BOWL,India,right-hand-bat,legbreak-googly,0,1,20,11,323,50.0,87.9,50.0,77.9,57.3,75.9,80.1,90.9,12.05
Mohammed Siraj,2023,Royal Challengers Bengaluru,BOWL,India,right-hand-bat,right-arm-fast-medium,0,1,19,2,329,50.0,88.0,50.0,79.1,50.0,73.4,78.2,90.8,11.97
Mohammed Shami,2023,Gujarat Titans,BOWL,India,right-hand-bat,right-arm-fast,0,5,28,8,403,50.0,87.8,50.0,77.3,50.0,74.4,74.1,90.2,11.49
GJ Maxwell,2023,Royal Challengers Bengaluru,BAT,Australia,right-hand-bat,right-arm-offbreak,0,400,3,225,64,87.1,75.3,81.2,71.9,84.4,50.0,73.0,89.4,10.88
Ravi Bishnoi,2023,Lucknow Super Giants,BOWL,India,right-hand-bat,legbreak-googly,0,20,16,28,312,50.0,84.9,50.0,60.6,57.5,74.1,82.5,88.2,10.0
KR Mayers,2023,Lucknow Super Giants,BAT,West Indies,left-hand-bat,right-arm-fast-medium,0,379,0,276,46,85.4,59.5,78.7,72.5,50.0,50.0,76.1,88.0,9.86
DA Warner,2023,Delhi Capitals,BAT,Australia,left-hand-bat,legbreak,0,516,0,406,0,85.1,50.0,80.3,50.0,70.3,50.0,77.1,87.8,9.72
S Dube,2023,Chennai Super Kings,BAT,India,left-hand-bat,right-arm-fast-medium,0,418,0,277,0,84.6,50.0,50.0,50.0,78.7,50.0,79.9,87.6,9.58
Noor Ahmad,2023,Gujarat Titans,BOWL,Afghanistan,left-hand-bat,slow-left-arm-orthodox,0,8,16,9,299,50.0,84.3,50.0,80.5,50.0,80.7,81.9,87.5,9.52
R Ashwin,2023,Rajasthan Royals,BOWL,India,right-hand-bat,right-arm-offbreak,0,67,14,55,309,65.9,84.0,50.0,73.6,68.2,81.3,84.7,87.5,9.52
S Dhawan,2023,Punjab Kings,BAT,India,left-hand-bat,right-arm-offbreak,0,373,0,275,0,84.6,50.0,76.9,50.0,86.8,50.0,77.7,87.4,9.45
AM Rahane,2023,Chennai Super Kings,BAT,India,right-hand-bat,right-arm-fast-medium,0,326,0,193,0,84.7,50.0,86.7,50.0,68.6,50.0,75.0,87.2,9.31
N Pooran,2023,Lucknow Super Giants,WK,West Indies,left-hand-bat,unknown,1,358,0,217,0,84.1,50.0,50.0,50.0,73.6,50.0,78.1,86.9,9.11
Ishan Kishan,2023,Mumbai Indians,WK,India,left-hand-bat,unknown,1,454,0,325,0,84.0,50.0,77.5,50.0,50.0,50.0,76.9,86.7,8.98
RG Sharma,2023,Mumbai Indians,BAT,India,right-hand-bat,right-arm-fast-medium,0,332,0,258,0,83.1,50.0,78.7,50.0,50.0,50.0,77.9,85.9,8.47
Harpreet Brar,2023,Punjab Kings,BOWL,India,left-hand-bat,slow-left-arm-orthodox,0,52,9,42,166,59.5,82.8,50.0,72.4,74.7,85.2,78.8,85.7,8.35
Tilak Varma,2023,Mumbai Indians,BAT,India,left-hand-bat,right-arm-offbreak,0,343,0,226,7,82.8,50.0,71.6,50.0,81.2,50.0,77.6,85.6,8.29
VR Iyer,2023,Kolkata Knight Riders,BAT,India,left-hand-bat,right-arm-fast-medium,0,404,0,288,0,82.7,50.0,76.4,50.0,66.5,50.0,74.9,85.2,8.04
LS Livingstone,2023,Punjab Kings,BAT,England,right-hand-bat,legbreak,0,279,2,175,42,81.7,56.3,72.4,50.0,88.9,50.0,83.9,85.1,7.98
WP Saha,2023,Gujarat Titans,WK,India,right-hand-bat,unknown,1,371,0,297,0,82.1,50.0,76.7,50.0,50.0,50.0,79.0,85.0,7.92
P Simran Singh,2023,Punjab Kings,BAT,India,right-hand-bat,right-arm-fast-medium,0,358,0,245,0,82.1,50.0,75.7,50.0,68.1,50.0,76.3,84.7,7.75
Dhruv Jurel,2023,Rajasthan Royals,WK,India,right-hand-bat,unknown,1,152,0,93,0,80.3,50.0,50.0,50.0,80.7,50.0,92.5,84.6,7.69
Abdul Samad,2023,Sunrisers Hyderabad,BAT,Canada,right-hand-bat,legbreak,0,169,0,131,0,80.7,50.0,50.0,50.0,81.9,50.0,87.6,84.5,7.63
T Natarajan,2023,Sunrisers Hyderabad,BOWL,India,left-hand-bat,left-arm-fast-medium,0,0,10,0,276,50.0,80.9,50.0,76.4,50.0,78.8,83.0,84.2,7.46
MP Stoinis,2023,Lucknow Super Giants,BAT,Australia,right-hand-bat,right-arm-fast-medium,0,408,5,281,69,81.8,69.3,77.2,62.7,86.3,57.8,72.8,84.1,7.4
PD Salt,2023,Delhi Capitals,WK,England,right-hand-bat,right-arm-offbreak,1,218,0,135,0,81.2,50.0,80.0,50.0,61.7,50.0,78.4,84.0,7.35
JJ Roy,2023,Kolkata Knight Riders,BAT,England,right-hand-bat,unknown,0,285,0,196,0,80.9,50.0,76.4,50.0,50.0,50.0,77.0,83.6,7.13
AR Patel,2023,Delhi Capitals,AR,India,right-hand-bat,right-arm-fast-medium,0,283,11,216,288,79.3,81.6,50.0,77.5,81.1,50.0,81.8,83.5,7.07
N Rana,2023,Kolkata Knight Riders,BAT,India,right-hand-bat,right-arm-fast-medium,0,413,3,303,54,81.2,69.7,79.2,50.0,73.3,78.0,72.9,83.5,7.07
M Markande,2023,Sunrisers Hyderabad,BOWL,India,right-hand-bat,legbreak,0,21,12,14,230,50.0,80.3,50.0,50.0,65.3,71.5,80.1,83.3,6.96
B Sai Sudharsan,2023,Gujarat Titans,BAT,India,left-hand-bat,legbreak,0,362,0,264,0,80.0,50.0,75.0,50.0,79.9,50.0,78.7,82.9,6.75
Kuldeep Yadav,2023,Delhi Capitals,BOWL,India,left-hand-bat,left-arm-chinaman,0,31,10,50,300,63.4,79.6,50.0,50.0,67.2,75.1,82.9,82.9,6.75
JM Sharma,2023,Punjab Kings,WK,India,right-hand-bat,unknown,1,309,0,205,0,80.6,50.0,60.4,50.0,81.1,50.0,71.5,82.8,6.7
Harshit Rana,2023,Kolkata Knight Riders,BOWL,India,right-hand-bat,right-arm-fast-medium,0,0,5,1,108,50.0,79.3,50.0,79.3,50.0,50.0,81.4,82.4,6.49
SP Narine,2023,Kolkata Knight Riders,BOWL,West Indies,left-hand-bat,right-arm-offbreak,0,21,11,28,296,50.0,79.2,50.0,75.6,50.0,74.4,80.9,82.3,6.44
TA Boult,2023,Rajasthan Royals,BOWL,New Zealand,right-hand-bat,left-arm-fast-medium,0,16,13,17,235,50.0,79.5,50.0,76.7,60.3,68.2,77.4,82.2,6.39
Naveen-ul-Haq,2023,Lucknow Super Giants,BOWL,Afghanistan,right-hand-bat,right-arm-fast-medium,0,16,11,22,175,50.0,79.5,50.0,74.4,66.5,73.1,76.1,82.1,6.34
SV Samson,2023,Rajasthan Royals,WK,India,right-hand-bat,unknown,1,362,0,240,0,80.1,50.0,78.1,50.0,72.0,50.0,69.8,82.1,6.34
Yash Thakur,2023,Lucknow Super Giants,BOWL,India,right-hand-bat,right-arm-fast-medium,0,0,13,0,207,50.0,79.6,50.0,78.9,50.0,75.9,73.8,82.0,6.29
TU Deshpande,2023,Chennai Super Kings,BOWL,India,left-hand-bat,right-arm-fast-medium,0,0,21,1,368,50.0,79.6,50.0,74.0,50.0,70.3,73.2,81.9,6.24
TH David,2023,Mumbai Indians,BAT,Australia,right-hand-bat,right-arm-offbreak,0,231,0,155,0,78.4,50.0,50.0,50.0,74.0,50.0,82.2,81.6,6.1
V Shankar,2023,Gujarat Titans,BAT,India,right-hand-bat,right-arm-fast-medium,0,301,0,199,0,78.7,50.0,73.5,50.0,83.5,50.0,75.4,81.2,5.9
B Kumar,2023,Sunrisers Hyderabad,BOWL,India,right-hand-bat,right-arm-fast-medium,0,42,16,49,319,63.6,78.8,50.0,73.6,75.5,77.3,73.5,81.1,5.86
NT Ellis,2023,Punjab Kings,BOWL,Australia,right-hand-bat,right-arm-fast-medium,0,1,13,7,233,50.0,79.0,50.0,80.9,50.0,72.7,71.0,81.1,5.86
MA Wood,2023,Lucknow Super Giants,BOWL,England,right-hand-bat,right-arm-fast,0,11,11,5,102,50.0,79.0,50.0,74.1,50.0,73.7,67.5,80.8,5.72
Suyash Sharma,2023,Kolkata Knight Riders,BOWL,India,right-hand-bat,legbreak,0,0,10,0,239,50.0,77.9,50.0,77.2,50.0,67.9,77.1,80.6,5.63
Rahmanullah Gurbaz,2023,Kolkata Knight Riders,WK,Afghanistan,right-hand-bat,unknown,1,227,0,178,0,77.8,50.0,77.0,50.0,50.0,50.0,76.9,80.5,5.58
A Zampa,2023,Rajasthan Royals,BOWL,Australia,right-hand-bat,legbreak-googly,0,10,8,17,133,50.0,77.4,50.0,81.0,50.0,69.2,78.0,80.2,5.45
Arshad Khan,2023,Mumbai Indians,BOWL,Pakistan,left-hand-bat,left-arm-fast-medium,0,18,5,15,97,50.0,77.7,50.0,66.6,62.0,97.4,73.7,80.1,5.4
KH Pandya,2023,Lucknow Super Giants,AR,India,left-hand-bat,slow-left-arm-orthodox,0,188,9,172,253,73.2,81.2,71.0,74.6,64.2,61.5,82.8,80.1,5.4
MR Marsh,2023,Delhi Capitals,AR,Australia,right-hand-bat,right-arm-fast-medium,0,128,12,97,132,69.1,84.9,73.9,67.5,50.0,78.7,88.5,80.1,5.4
C Green,2023,Mumbai Indians,AR,Australia,right-hand-bat,right-arm-fast-medium,0,452,6,287,239,84.7,68.4,81.7,72.1,75.7,63.5,74.2,79.8,5.27
MW Short,2023,Punjab Kings,BAT,Australia,right-hand-bat,right-arm-offbreak,0,117,0,99,25,76.9,50.0,79.6,55.8,50.0,50.0,77.6,79.7,5.23
N Wadhera,2023,Mumbai Indians,BAT,India,left-hand-bat,legbreak,0,241,0,171,0,77.1,50.0,65.9,50.0,71.0,50.0,74.5,79.6,5.19
Arshdeep Singh,2023,Punjab Kings,BOWL,India,left-hand-bat,left-arm-fast-medium,0,2,17,2,324,50.0,77.2,50.0,71.0,50.0,81.3,72.0,79.4,5.1
JC Buttler,2023,Rajasthan Royals,WK,England,right-hand-bat,unknown,1,392,0,298,0,77.2,50.0,73.2,50.0,80.5,50.0,71.6,79.4,5.1
KV Sharma,2023,Royal Challengers Bengaluru,BOWL,India,right-hand-bat,right-arm-offbreak,0,3,10,5,132,50.0,76.4,50.0,50.0,50.0,60.2,80.4,79.4,5.1
SO Hetmyer,2023,Rajasthan Royals,BAT,West Indies,left-hand-bat,unknown,0,299,0,205,0,76.5,50.0,50.0,50.0,77.1,50.0,78.7,79.4,5.1
M Shahrukh Khan,2023,Punjab Kings,BAT,India,right-hand-bat,right-arm-fast-medium,0,156,0,100,0,76.4,50.0,50.0,50.0,80.6,50.0,77.4,79.1,4.98
A Mishra,2023,Lucknow Super Giants,BOWL,India,right-hand-bat,legbreak,0,19,7,30,115,57.2,76.3,50.0,50.0,66.5,67.8,74.2,78.7,4.82
DJ Willey,2023,Royal Challengers Bengaluru,BOWL,England,left-hand-bat,left-arm-fast-medium,0,35,3,32,94,59.1,76.0,50.0,79.6,71.7,63.4,75.9,78.6,4.78
MA Agarwal,2023,Sunrisers Hyderabad,BAT,India,right-hand-bat,unknown,0,270,0,219,0,76.2,50.0,76.7,50.0,50.0,50.0,74.3,78.6,4.78
WD Parnell,2023,Royal Challengers Bengaluru,BOWL,South Africa,left-hand-bat,left-arm-fast-medium,0,2,9,6,157,50.0,76.4,50.0,79.7,50.0,75.8,69.7,78.4,4.7
Fazalhaq Farooqi,2023,Sunrisers Hyderabad,BOWL,Afghanistan,right-hand-bat,left-arm-fast-medium,0,1,4,5,86,50.0,77.0,50.0,77.8,50.0,68.1,61.5,78.2,4.62
RD Chahar,2023,Punjab Kings,BOWL,India,right-hand-bat,legbreak-googly,0,0,8,10,301,50.0,75.5,50.0,50.0,50.0,73.8,77.3,78.2,4.62
Vijaykumar Vyshak,2023,Royal Challengers Bengaluru,BOWL,India,right-hand-bat,right-arm-fast-medium,0,13,9,10,153,50.0,75.5,50.0,75.3,59.5,70.8,75.6,78.1,4.58
JP Behrendorff,2023,Mumbai Indians,BOWL,Australia,right-hand-bat,left-arm-fast-medium,0,6,14,9,262,50.0,75.4,50.0,76.1,50.0,72.6,74.6,77.9,4.51
D Padikkal,2023,Rajasthan Royals,BAT,India,left-hand-bat,right-arm-offbreak,0,261,0,206,0,75.5,50.0,80.9,50.0,76.9,50.0,73.5,77.8,4.47
J Little,2023,Gujarat Titans,BOWL,Ireland,right-hand-bat,left-arm-fast-medium,0,0,7,0,211,50.0,75.2,50.0,77.5,50.0,70.6,75.8,77.8,4.47
DL Chahar,2023,Chennai Super Kings,BOWL,India,right-hand-bat,right-arm-fast-medium,0,1,13,2,215,50.0,74.8,50.0,75.1,50.0,62.4,72.5,77.0,4.18
MM Ali,2023,Chennai Super Kings,AR,England,right-hand-bat,right-arm-fast-medium,0,124,9,92,157,70.2,79.0,64.9,65.8,65.9,50.0,78.6,77.0,4.18
KK Ahmed,2023,Delhi Capitals,BOWL,India,right-hand-bat,right-arm-fast-medium,0,0,9,0,212,50.0,74.1,50.0,74.1,50.0,72.6,76.7,76.8,4.11
PWH de Silva,2023,Royal Challengers Bengaluru,BOWL,Sri Lanka,right-hand-bat,legbreak,0,33,9,30,175,56.1,74.1,50.0,77.9,73.9,64.8,76.2,76.7,4.07
SN Thakur,2023,Kolkata Knight Riders,AR,India,right-hand-bat,right-arm-fast-medium,0,113,7,72,132,70.9,78.5,50.0,65.5,76.8,71.8,73.9,76.7,4.07
M Pathirana,2023,Chennai Super Kings,BOWL,Sri Lanka,right-hand-bat,right-arm-fast-medium,0,0,19,0,310,50.0,75.4,50.0,50.0,50.0,76.6,61.8,76.6,4.04
KL Rahul,2023,Lucknow Super Giants,WK,India,unknown,unknown,1,274,0,247,0,74.3,50.0,77.1,50.0,70.8,50.0,70.7,76.4,3.97
AD Russell,2023,Kolkata Knight Riders,AR,West Indies,right-hand-bat,legbreak,0,227,7,162,99,76.4,70.0,50.0,71.2,79.3,70.4,78.1,76.3,3.94
M Jansen,2023,Sunrisers Hyderabad,BOWL,South Africa,right-hand-bat,left-arm-fast,0,39,10,45,178,61.0,73.9,50.0,73.8,72.3,50.0,74.4,76.3,3.94
A Nortje,2023,Delhi Capitals,BOWL,South Africa,right-hand-bat,right-arm-fast,0,37,10,29,251,50.0,73.9,50.0,72.2,78.7,74.1,73.0,76.2,3.9
A Badoni,2023,Lucknow Super Giants,BAT,India,right-hand-bat,right-arm-offbreak,0,238,0,186,1,74.7,50.0,59.0,50.0,79.8,50.0,61.3,75.8,3.77
Sikandar Raza,2023,Punjab Kings,AR,Zimbabwe,right-hand-bat,right-arm-offbreak,0,139,3,104,76,75.6,68.4,50.0,54.9,73.7,50.0,80.2,75.4,3.65
RA Tripathi,2023,Sunrisers Hyderabad,BAT,India,right-hand-bat,right-arm-fast-medium,0,273,0,217,0,72.9,50.0,74.4,50.0,51.3,50.0,73.7,75.3,3.62
RR Rossouw,2023,Delhi Capitals,BAT,South Africa,left-hand-bat,right-arm-offbreak,0,209,0,148,0,74.1,50.0,75.1,50.0,60.8,50.0,62.0,75.3,3.62
Anmolpreet Singh,2023,Sunrisers Hyderabad,BAT,India,right-hand-bat,right-arm-offbreak,0,105,0,83,0,72.7,50.0,76.4,50.0,50.0,50.0,72.9,75.0,3.52
K Rabada,2023,Punjab Kings,BOWL,South Africa,left-hand-bat,right-arm-fast,0,0,7,2,147,50.0,72.6,50.0,75.3,50.0,68.6,74.0,75.0,3.52
RP Meredith,2023,Mumbai Indians,BOWL,Australia,right-hand-bat,right-arm-fast,0,0,7,2,126,50.0,72.4,50.0,65.9,50.0,70.5,74.9,74.9,3.49
M Theekshana,2023,Chennai Super Kings,BOWL,Sri Lanka,right-hand-bat,right-arm-offbreak,0,0,11,0,298,50.0,73.0,50.0,75.0,50.0,73.7,68.2,74.8,3.46
MJ Santner,2023,Chennai Super Kings,BOWL,New Zealand,left-hand-bat,slow-left-arm-orthodox,0,2,3,4,72,50.0,73.1,50.0,59.1,50.0,50.0,66.5,74.8,3.46
AK Markram,2023,Sunrisers Hyderabad,BAT,South Africa,right-hand-bat,right-arm-offbreak,0,248,1,200,49,72.7,60.6,63.5,58.7,74.8,50.0,69.6,74.7,3.43
SM Curran,2023,Punjab Kings,AR,England,left-hand-bat,left-arm-fast-medium,0,276,10,213,299,76.5,67.8,50.0,72.1,79.7,75.5,70.7,74.7,3.43
DA Miller,2023,Gujarat Titans,BAT,South Africa,left-hand-bat,right-arm-offbreak,0,259,0,184,0,72.5,50.0,50.0,50.0,72.3,50.0,69.8,74.5,3.38
Atharva Taide,2023,Punjab Kings,BAT,India,left-hand-bat,slow-left-arm-orthodox,0,186,0,136,0,73.6,50.0,79.3,50.0,50.0,50.0,58.5,74.4,3.35
Q de Kock,2023,Lucknow Super Giants,WK,South Africa,left-hand-bat,unknown,1,143,0,103,0,71.8,50.0,76.3,50.0,50.0,50.0,76.1,74.4,3.35
HC Brook,2023,Sunrisers Hyderabad,BAT,England,right-hand-bat,right-arm-fast-medium,0,190,0,159,0,72.2,50.0,77.4,50.0,72.7,50.0,70.3,74.2,3.29
Abhishek Sharma,2023,Sunrisers Hyderabad,AR,India,left-hand-bat,slow-left-arm-orthodox,0,226,2,166,75,78.7,63.7,78.5,50.0,66.5,50.0,71.7,74.1,3.26
I Sharma,2023,Delhi Capitals,BOWL,India,right-hand-bat,right-arm-fast-medium,0,1,10,1,157,50.0,72.5,50.0,75.6,50.0,71.3,65.2,74.0,3.23
HH Pandya,2023,Gujarat Titans,AR,India,right-hand-bat,right-arm-fast-medium,0,346,3,254,156,76.0,65.8,69.7,70.9,77.7,50.0,71.0,73.5,3.1
HV Patel,2023,Royal Challengers Bengaluru,BOWL,India,right-hand-bat,right-arm-fast-medium,0,6,14,6,302,50.0,72.1,50.0,50.0,50.0,73.5,64.4,73.5,3.1
MK Pandey,2023,Delhi Capitals,BAT,India,right-hand-bat,right-arm-fast-medium,0,160,0,149,0,72.0,50.0,78.2,50.0,60.7,50.0,62.7,73.3,3.04
AS Joseph,2023,Gujarat Titans,BOWL,West Indies,right-hand-bat,right-arm-fast-medium,0,7,7,12,150,50.0,70.9,50.0,59.4,50.0,76.2,71.1,73.0,2.96
MK Lomror,2023,Royal Challengers Bengaluru,BAT,India,left-hand-bat,slow-left-arm-orthodox,0,135,0,101,12,71.3,50.0,55.7,50.0,71.8,50.0,67.0,73.0,2.96
Aman Hakim Khan,2023,Delhi Capitals,BAT,England,right-hand-bat,right-arm-offbreak,0,110,0,106,0,72.3,50.0,50.0,50.0,80.3,50.0,55.9,72.9,2.94
PN Mankad,2023,Lucknow Super Giants,BAT,India,right-hand-bat,right-arm-fast-medium,0,93,0,74,0,70.0,50.0,75.4,50.0,57.8,50.0,66.8,71.7,2.65
N Jagadeesan,2023,Kolkata Knight Riders,WK,India,right-hand-bat,unknown,1,89,0,84,0,69.6,50.0,74.7,50.0,50.0,50.0,67.9,71.4,2.58
Washington Sundar,2023,Sunrisers Hyderabad,AR,India,left-hand-bat,right-arm-offbreak,0,60,3,62,106,65.7,74.6,50.0,58.2,79.2,66.0,67.1,71.4,2.58
CJ Jordan,2023,Mumbai Indians,BOWL,England,right-hand-bat,right-arm-fast-medium,0,6,3,13,140,50.0,69.7,50.0,82.2,52.8,69.8,63.8,71.1,2.52
K Kartikeya,2023,Mumbai Indians,BOWL,India,right-hand-bat,slow-left-arm-orthodox,0,6,5,7,163,50.0,70.7,50.0,50.0,50.0,66.4,50.0,70.7,2.43
Akash Singh,2023,Chennai Super Kings,BOWL,India,right-hand-bat,left-arm-fast-medium,0,0,5,0,117,50.0,68.1,50.0,70.7,50.0,50.0,75.2,70.6,2.41
A Manohar,2023,Gujarat Titans,BAT,India,right-hand-bat,legbreak,0,114,0,86,0,69.0,50.0,50.0,50.0,77.6,50.0,64.2,70.4,2.37
K Gowtham,2023,Lucknow Super Giants,AR,India,right-hand-bat,right-arm-offbreak,0,61,3,44,100,63.6,72.6,50.0,75.2,77.8,50.0,74.4,70.1,2.31
AT Rayudu,2023,Chennai Super Kings,WK,India,right-hand-bat,right-arm-offbreak,1,158,0,115,0,68.4,50.0,50.0,50.0,71.4,50.0,66.4,70.0,2.29
KD Karthik,2023,Royal Challengers Bengaluru,BAT,India,unknown,unknown,0,140,0,106,0,67.8,50.0,50.0,50.0,73.0,50.0,71.3,69.9,2.27
JC Archer,2023,Mumbai Indians,BOWL,England,right-hand-bat,right-arm-fast,0,4,2,4,129,50.0,68.5,50.0,73.3,50.0,66.4,63.3,69.8,2.25
Sandeep Sharma,2023,Rajasthan Royals,BOWL,India,right-hand-bat,right-arm-fast-medium,0,2,10,7,290,50.0,68.2,50.0,74.4,50.0,76.3,64.6,69.7,2.23
Harpreet Singh,2023,Punjab Kings,BAT,Germany,right-hand-bat,right-arm-fast-medium,0,76,0,59,0,67.5,50.0,64.5,50.0,50.0,50.0,68.2,69.3,2.16
Avesh Khan,2023,Lucknow Super Giants,BOWL,India,right-hand-bat,right-arm-fast-medium,0,0,8,1,176,50.0,67.5,50.0,65.3,50.0,74.9,65.6,69.1,2.13
KM Asif,2023,Rajasthan Royals,BOWL,India,right-hand-bat,right-arm-fast-medium,0,0,3,2,91,50.0,67.2,50.0,56.5,50.0,61.1,65.7,68.8,2.07
VG Arora,2023,Kolkata Knight Riders,BOWL,India,right-hand-bat,right-arm-fast-medium,0,3,5,2,107,50.0,66.7,50.0,68.1,50.0,70.3,68.2,68.5,2.02
Lalit Yadav,2023,Delhi Capitals,AR,India,right-hand-bat,right-arm-offbreak,0,66,2,62,82,64.8,70.1,50.0,77.6,68.4,59.0,61.5,68.3,1.99
Mukesh Kumar,2023,Delhi Capitals,BOWL,India,right-hand-bat,right-arm-fast-medium,0,7,7,10,197,50.0,66.5,50.0,75.6,57.8,68.3,67.4,68.2,1.97
HR Shokeen,2023,Mumbai Indians,BOWL,India,right-hand-bat,right-arm-offbreak,0,23,3,19,119,50.0,66.3,50.0,76.6,70.5,50.0,66.4,67.9,1.93
Mayank Dagar,2023,Sunrisers Hyderabad,BOWL,India,right-hand-bat,slow-left-arm-orthodox,0,0,1,0,66,50.0,67.2,50.0,50.0,50.0,61.8,55.8,67.8,1.91
MS Dhoni,2023,Chennai Super Kings,WK,India,right-hand-bat,right-arm-fast-medium,1,104,0,63,0,65.9,50.0,50.0,50.0,73.5,50.0,67.6,67.7,1.9
R Parag,2023,Rajasthan Royals,BAT,India,right-hand-bat,legbreak,0,78,0,68,0,65.3,50.0,50.0,50.0,71.6,50.0,72.2,67.5,1.87
DJ Hooda,2023,Lucknow Super Giants,BAT,India,right-hand-bat,right-arm-offbreak,0,84,0,93,6,66.1,50.0,71.7,50.0,50.0,50.0,63.3,67.4,1.85
JR Hazlewood,2023,Royal Challengers Bengaluru,BOWL,Australia,left-hand-bat,right-arm-fast-medium,0,1,3,2,57,50.0,65.6,50.0,74.9,50.0,50.0,64.4,67.0,1.79
C Sakariya,2023,Delhi Capitals,BOWL,India,left-hand-bat,left-arm-fast-medium,0,4,3,6,55,50.0,65.7,50.0,72.6,50.0,60.3,61.3,66.8,1.77
JO Holder,2023,Rajasthan Royals,BOWL,West Indies,right-hand-bat,right-arm-fast-medium,0,12,4,12,176,50.0,65.2,50.0,69.6,50.0,70.1,62.9,66.5,1.73
Vivrant Sharma,2023,Sunrisers Hyderabad,BAT,India,left-hand-bat,legbreak-googly,0,69,0,49,21,66.4,50.0,72.9,50.0,50.0,50.0,50.0,66.4,1.71
PP Shaw,2023,Delhi Capitals,BAT,India,right-hand-bat,right-arm-offbreak,0,106,0,90,0,63.4,50.0,67.5,50.0,50.0,50.0,76.8,66.1,1.67
UT Yadav,2023,Kolkata Knight Riders,BOWL,India,right-hand-bat,right-arm-fast,0,19,1,20,116,50.0,63.3,50.0,68.0,63.3,50.0,74.9,65.8,1.64
AS Roy,2023,Kolkata Knight Riders,BOWL,India,right-hand-bat,right-arm-fast,0,23,3,19,51,50.0,64.5,50.0,50.0,62.7,50.0,60.9,65.6,1.61
Anuj Rawat,2023,Royal Challengers Bengaluru,WK,India,left-hand-bat,unknown,1,91,0,72,0,65.6,50.0,50.0,50.0,78.8,50.0,50.0,65.6,1.61
PBB Rajapaksa,2023,Punjab Kings,BAT,Sri Lanka,unknown,unknown,0,71,0,64,0,65.6,50.0,68.6,50.0,50.0,50.0,50.0,65.6,1.61
MG Bracewell,2023,Royal Challengers Bengaluru,AR,New Zealand,left-hand-bat,right-arm-offbreak,0,58,6,49,66,57.8,70.2,50.0,68.5,54.9,50.0,67.8,65.2,1.57
RS Hangargekar,2023,Chennai Super Kings,BOWL,India,right-hand-bat,right-arm-fast-medium,0,0,3,0,43,50.0,62.7,50.0,50.0,50.0,64.0,75.0,65.2,1.57
R Tewatia,2023,Gujarat Titans,BAT,India,left-hand-bat,legbreak,0,87,0,61,14,62.3,50.0,50.0,50.0,72.5,50.0,76.5,65.0,1.55
Umran Malik,2023,Sunrisers Hyderabad,BOWL,India,right-hand-bat,right-arm-fast-medium,0,19,5,8,124,50.0,64.0,50.0,50.0,50.0,60.7,53.7,64.4,1.48
LH Ferguson,2023,Kolkata Knight Riders,BOWL,New Zealand,right-hand-bat,right-arm-fast,0,0,1,0,50,50.0,62.0,50.0,58.9,50.0,70.4,56.2,62.6,1.32
Yudhvir Singh,2023,Lucknow Super Giants,BOWL,Spain,right-hand-bat,right-arm-medium-fast,0,1,3,2,50,50.0,60.2,50.0,71.6,50.0,50.0,70.1,62.2,1.29
Arjun Tendulkar,2023,Mumbai Indians,BOWL,India,left-hand-bat,left-arm-fast-medium,0,13,3,9,68,50.0,60.4,50.0,68.9,50.0,53.9,66.6,62.1,1.29
SN Khan,2023,Delhi Capitals,BAT,Saudi Arabia,left-hand-bat,slow-left-arm-orthodox,0,53,0,62,0,62.1,50.0,66.9,50.0,56.7,50.0,50.0,62.1,1.29
Mohsin Khan,2023,Lucknow Super Giants,BOWL,Hong Kong,left-hand-bat,left-arm-fast-medium,0,0,3,7,64,50.0,59.1,50.0,55.2,50.0,77.8,68.3,60.9,1.21
Mustafizur Rahman,2023,Delhi Capitals,BOWL,Bangladesh,left-hand-bat,left-arm-fast-medium,0,1,1,1,42,50.0,58.2,50.0,55.6,50.0,62.8,70.2,60.2,1.17
RV Patel,2023,Delhi Capitals,BAT,Bulgaria,right-hand-bat,right-arm-offbreak,0,49,0,44,0,60.2,50.0,50.0,50.0,74.3,50.0,50.0,60.2,1.17
Yash Dayal,2023,Gujarat Titans,BOWL,India,left-hand-bat,left-arm-fast-medium,0,0,2,0,88,50.0,60.2,50.0,70.6,50.0,53.3,50.0,60.2,1.17
R Dhawan,2023,Punjab Kings,BOWL,India,right-hand-bat,right-arm-fast-medium,0,20,1,12,42,50.0,57.5,50.0,71.7,58.7,50.0,67.3,59.2,1.13
AU Rashid,2023,Sunrisers Hyderabad,BOWL,England,right-hand-bat,legbreak,0,22,2,17,42,50.0,59.0,50.0,50.0,50.0,50.0,50.0,59.0,1.12
SSB Magala,2023,Chennai Super Kings,BOWL,South Africa,right-hand-bat,right-arm-fast-medium,0,0,1,0,37,50.0,58.6,50.0,55.7,50.0,63.6,50.0,58.6,1.1
TG Southee,2023,Kolkata Knight Riders,BOWL,New Zealand,right-hand-bat,right-arm-fast-medium,0,0,2,0,36,50.0,56.7,50.0,64.6,50.0,50.0,63.0,58.0,1.08
Vishnu Vinod,2023,Mumbai Indians,WK,India,right-hand-bat,unknown,1,37,0,32,0,57.9,50.0,50.0,50.0,50.0,50.0,50.0,57.9,1.08
SS Prabhudessai,2023,Royal Challengers Bengaluru,BAT,India,right-hand-bat,unknown,0,35,0,32,0,56.2,50.0,50.0,50.0,61.5,50.0,66.0,57.8,1.08
Kartik Tyagi,2023,Sunrisers Hyderabad,BOWL,India,right-hand-bat,right-arm-fast-medium,0,0,1,0,44,50.0,56.9,50.0,61.4,50.0,50.0,58.2,57.7,1.07
Shahbaz Ahmed,2023,Royal Challengers Bengaluru,AR,India,left-hand-bat,right-arm-fast,0,42,1,41,42,59.6,53.8,50.0,50.2,68.0,50.0,55.8,57.6,1.07
K Yadav,2023,Rajasthan Royals,BOWL,India,left-hand-bat,left-arm-chinaman,0,0,2,0,42,50.0,57.5,50.0,59.4,50.0,57.1,50.0,57.5,1.07
JD Unadkat,2023,Lucknow Super Giants,BOWL,India,right-hand-bat,left-arm-fast-medium,0,9,0,7,52,50.0,56.2,50.0,65.2,50.0,59.1,58.4,57.0,1.06
Akash Deep,2023,Royal Challengers Bengaluru,BOWL,India,right-hand-bat,right-arm-fast-medium,0,17,1,8,33,50.0,56.2,50.0,59.5,50.0,50.0,50.0,56.2,1.04
T Stubbs,2023,Mumbai Indians,WK,South Africa,right-hand-bat,legbreak,1,25,1,31,12,56.1,50.0,50.0,50.0,61.2,50.0,50.0,56.1,1.04
Abishek Porel,2023,Delhi Capitals,WK,India,left-hand-bat,unknown,1,33,0,31,0,55.8,50.0,50.0,50.0,56.6,50.0,50.0,55.8,1.03
Nithish Kumar Reddy,2023,Sunrisers Hyderabad,BOWL,unknown,right-hand-bat,right-arm-fast-medium,0,0,0,0,31,50.0,54.1,50.0,57.3,50.0,50.0,56.5,54.8,1.02
DG Nalkande,2023,Gujarat Titans,BOWL,India,right-hand-bat,right-arm-fast-medium,0,0,1,1,25,50.0,50.0,50.0,56.3,50.0,50.0,61.1,51.1,1.0
K Khejroliya,2023,Kolkata Knight Riders,BOWL,India,left-hand-bat,left-arm-fast-medium,0,0,2,0,28,50.0,50.0,50.0,56.5,50.0,66.5,60.3,51.0,1.0
AJ Hosein,2023,Sunrisers Hyderabad,AR,West Indies,left-hand-bat,slow-left-arm-orthodox,0,16,1,11,24,50.0,50.0,50.0,60.2,61.2,50.0,58.2,50.8,1.0
GD Phillips,2023,Sunrisers Hyderabad,WK,New Zealand,right-hand-bat,right-arm-offbreak,1,39,1,22,18,50.0,50.0,50.0,50.0,64.8,50.0,57.5,50.8,1.0
M Ashwin,2023,Rajasthan Royals,BOWL,India,right-hand-bat,legbreak-googly,0,0,0,0,25,50.0,50.0,50.0,50.0,50.0,50.0,57.2,50.7,1.0
MD Shanaka,2023,Gujarat Titans,BAT,unknown,right-hand-bat,right-arm-fast-medium,0,26,0,26,0,50.0,50.0,50.0,50.0,50.0,50.0,57.3,50.7,1.0
Abdul Basith,2023,Rajasthan Royals,BAT,India,right-hand-bat,right-arm-offbreak,0,1,0,1,0,50.0,50.0,50.0,50.0,50.0,50.0,50.0,50.0,1.0
BA Stokes,2023,Chennai Super Kings,BAT,England,left-hand-bat,right-arm-fast-medium,0,15,0,15,6,50.0,50.0,50.0,50.0,50.0,50.0,50.0,50.0,1.0
D Jansen,2023,Mumbai Indians,BOWL,Isle of Man,unknown,unknown,0,0,1,0,28,50.0,50.0,50.0,50.0,50.0,60.8,50.0,50.0,1.0
D Pretorius,2023,Chennai Super Kings,BOWL,South Africa,right-hand-bat,right-arm-fast,0,0,0,0,28,50.0,50.0,50.0,50.0,50.0,58.9,50.0,50.0,1.0
D Wiese,2023,Kolkata Knight Riders,AR,Namibia,right-hand-bat,right-arm-fast-medium,0,21,0,11,18,50.0,50.0,50.0,57.7,60.8,50.0,50.0,50.0,1.0
Gurnoor Brar,2023,Punjab Kings,BOWL,India,left-hand-bat,right-arm-fast,0,0,0,0,21,50.0,50.0,50.0,58.1,50.0,50.0,50.0,50.0,1.0
H Sharma,2023,Royal Challengers Bengaluru,BOWL,Hungary,left-hand-bat,slow-left-arm-orthodox,0,0,0,0,18,50.0,50.0,50.0,50.0,50.0,50.0,50.0,50.0,1.0
J Yadav,2023,Gujarat Titans,BOWL,India,left-hand-bat,left-arm-fast,0,0,0,0,24,50.0,50.0,50.0,58.6,50.0,50.0,50.0,50.0,1.0
JE Root,2023,Rajasthan Royals,AR,England,right-hand-bat,right-arm-offbreak,0,10,0,15,12,50.0,50.0,55.9,50.0,50.0,50.0,50.0,50.0,1.0
KM Jadhav,2023,Royal Challengers Bengaluru,BAT,India,right-hand-bat,right-arm-offbreak,0,12,0,10,0,50.0,50.0,50.0,50.0,50.0,50.0,50.0,50.0,1.0
KR Sen,2023,Rajasthan Royals,BOWL,India,right-hand-bat,right-arm-fast-medium,0,0,0,0,19,50.0,50.0,50.0,50.0,50.0,50.0,50.0,50.0,1.0
KS Sharma,2023,Lucknow Super Giants,BAT,India,right-hand-bat,right-arm-offbreak,0,12,0,21,0,50.0,50.0,58.2,50.0,50.0,50.0,50.0,50.0,1.0
Liton Das,2023,Kolkata Knight Riders,WK,Bangladesh,right-hand-bat,unknown,1,4,0,4,0,50.0,50.0,50.0,50.0,50.0,50.0,50.0,50.0,1.0
M Vohra,2023,Lucknow Super Giants,BAT,India,right-hand-bat,right-arm-fast-medium,0,10,0,11,0,50.0,50.0,58.2,50.0,50.0,50.0,50.0,50.0,1.0
Mandeep Singh,2023,Kolkata Knight Riders,BAT,India,right-hand-bat,right-arm-fast,0,14,0,16,0,50.0,50.0,50.0,50.0,50.0,50.0,50.0,50.0,1.0
Mohit Rathee,2023,Punjab Kings,BOWL,India,right-hand-bat,legbreak-googly,0,1,0,2,12,50.0,50.0,50.0,50.0,50.0,50.0,50.0,50.0,1.0
NA Saini,2023,Rajasthan Royals,BOWL,India,right-hand-bat,right-arm-fast,0,0,0,0,15,50.0,50.0,50.0,50.0,50.0,50.0,50.0,50.0,1.0
Navdeep Saini,2023,Rajasthan Royals,BOWL,India,right-hand-bat,right-arm-fast,0,0,3,0,25,50.0,50.0,50.0,50.0,50.0,50.0,50.0,50.0,1.0
OC McCoy,2023,Rajasthan Royals,BOWL,West Indies,left-hand-bat,left-arm-fast-medium,0,0,0,0,7,50.0,50.0,50.0,50.0,50.0,50.0,50.0,50.0,1.0
P Dubey,2023,Delhi Capitals,AR,India,right-hand-bat,legbreak-googly,0,16,1,20,19,50.0,50.0,50.0,50.0,50.0,50.0,50.0,50.0,1.0
PK Garg,2023,Delhi Capitals,BAT,India,right-hand-bat,right-arm-fast-medium,0,22,0,23,0,50.0,50.0,57.7,50.0,50.0,50.0,50.0,50.0,1.0
R Goyal,2023,Mumbai Indians,BOWL,India,left-hand-bat,slow-left-arm-orthodox,0,0,0,0,24,50.0,50.0,50.0,50.0,50.0,50.0,50.0,50.0,1.0
R Powell,2023,Delhi Capitals,AR,West Indies,right-hand-bat,right-arm-offbreak,0,7,1,9,14,50.0,50.0,50.0,50.0,50.0,50.0,50.0,50.0,1.0
R Shepherd,2023,Lucknow Super Giants,BAT,West Indies,right-hand-bat,right-arm-fast-medium,0,0,0,1,0,50.0,50.0,50.0,50.0,50.0,50.0,50.0,50.0,1.0
RJW Topley,2023,Royal Challengers Bengaluru,BOWL,England,right-hand-bat,left-arm-fast-medium,0,0,1,0,12,50.0,50.0,50.0,63.0,50.0,50.0,50.0,50.0,1.0
Sanvir Singh,2023,Sunrisers Hyderabad,BAT,Philippines,right-hand-bat,right-arm-fast-medium,0,11,0,9,0,50.0,50.0,50.0,50.0,50.0,50.0,50.0,50.0,1.0
Swapnil Singh,2023,Lucknow Super Giants,BOWL,Philippines,right-hand-bat,slow-left-arm-orthodox,0,2,0,4,12,50.0,50.0,50.0,50.0,50.0,50.0,50.0,50.0,1.0
YV Dhull,2023,Delhi Capitals,BAT,India,right-hand-bat,right-arm-offbreak,0,16,0,23,0,50.0,50.0,50.0,50.0,50.0,50.0,50.0,50.0,1.0
JJ Bumrah,2024,Mumbai Indians,BOWL,India,right-hand-bat,right-arm-fast,0,12,20,12,328,50.0,97.3,50.0,81.8,61.1,84.8,86.0,99.0,20.0
V Kohli,2024,Royal Challengers Bengaluru,BAT,India,right-hand-bat,right-arm-fast-medium,0,741,0,497,0,98.4,50.0,81.1,50.0,80.1,50.0,79.5,99.0,20.0
TM Head,2024,Sunrisers Hyderabad,BAT,Australia,left-hand-bat,right-arm-offbreak,0,567,0,307,10,93.1,50.0,84.5,50.0,50.0,50.0,76.3,95.7,16.41
SV Samson,2024,Rajasthan Royals,WK,India,right-hand-bat,unknown,1,531,0,367,0,90.9,50.0,81.2,50.0,79.9,50.0,76.8,93.6,14.39
HV Patel,2024,Punjab Kings,BOWL,India,right-hand-bat,right-arm-fast-medium,0,13,24,19,317,50.0,89.8,50.0,75.9,50.0,72.7,83.2,93.1,13.93
H Klaasen,2024,Sunrisers Hyderabad,WK,South Africa,right-hand-bat,unknown,1,479,0,293,0,89.5,50.0,50.0,50.0,87.9,50.0,76.0,92.1,13.05
SP Narine,2024,Kolkata Knight Riders,AR,West Indies,left-hand-bat,right-arm-offbreak,0,488,17,292,334,89.7,87.5,80.6,72.0,67.0,72.2,80.9,91.8,12.79
RG Sharma,2024,Mumbai Indians,BAT,India,right-hand-bat,right-arm-fast-medium,0,417,0,293,0,88.7,50.0,80.4,50.0,67.0,50.0,80.1,91.7,12.71
PD Salt,2024,Kolkata Knight Riders,WK,England,right-hand-bat,right-arm-offbreak,1,435,0,250,0,88.8,50.0,81.6,50.0,50.0,50.0,76.8,91.5,12.54
Abhishek Sharma,2024,Sunrisers Hyderabad,BAT,India,left-hand-bat,slow-left-arm-orthodox,0,484,2,248,42,88.4,61.5,80.2,56.8,50.0,50.0,79.6,91.4,12.46
J Fraser-McGurk,2024,Delhi Capitals,BAT,Australia,right-hand-bat,legbreak-googly,0,330,0,150,0,88.6,50.0,86.6,50.0,50.0,50.0,76.2,91.2,12.29
N Pooran,2024,Lucknow Super Giants,WK,West Indies,left-hand-bat,unknown,1,499,0,296,0,88.3,50.0,58.5,50.0,77.0,50.0,73.9,90.7,11.89
RR Pant,2024,Delhi Capitals,WK,India,left-hand-bat,unknown,1,446,0,296,0,88.4,50.0,73.7,50.0,86.1,50.0,72.1,90.6,11.81
Shashank Singh,2024,Punjab Kings,BAT,Philippines,right-hand-bat,right-arm-offbreak,0,354,1,225,6,86.4,50.0,76.7,50.0,75.0,50.0,92.3,90.6,11.81
Kuldeep Yadav,2024,Delhi Capitals,BOWL,India,left-hand-bat,left-arm-chinaman,0,47,16,44,267,62.0,86.5,50.0,50.0,79.2,72.1,89.6,90.5,11.73
R Parag,2024,Rajasthan Royals,BAT,India,right-hand-bat,legbreak,0,573,0,407,19,87.8,50.0,80.5,50.0,72.1,50.0,76.6,90.5,11.73
CV Varun,2024,Kolkata Knight Riders,BOWL,India,right-hand-bat,legbreak-googly,0,0,21,0,309,50.0,87.1,50.0,69.0,50.0,73.1,77.9,89.9,11.26
KL Rahul,2024,Lucknow Super Giants,WK,India,unknown,unknown,1,520,0,398,0,86.4,50.0,77.3,50.0,66.0,50.0,74.0,88.8,10.43
B Sai Sudharsan,2024,Gujarat Titans,BAT,India,left-hand-bat,legbreak,0,527,0,388,0,86.1,50.0,75.7,50.0,78.0,50.0,75.9,88.7,10.36
TA Boult,2024,Rajasthan Royals,BOWL,New Zealand,right-hand-bat,left-arm-fast-medium,0,14,16,16,333,50.0,85.7,50.0,79.2,59.6,77.6,79.5,88.6,10.29
RD Gaikwad,2024,Chennai Super Kings,BAT,India,right-hand-bat,right-arm-offbreak,0,583,0,425,0,86.0,50.0,76.3,50.0,70.3,50.0,73.6,88.4,10.14
YBK Jaiswal,2024,Rajasthan Royals,BAT,India,left-hand-bat,legbreak,0,435,0,288,0,85.5,50.0,76.3,50.0,53.1,50.0,77.7,88.3,10.07
MP Stoinis,2024,Lucknow Super Giants,BAT,Australia,right-hand-bat,right-arm-fast-medium,0,388,4,272,87,85.0,71.2,81.0,71.7,78.1,50.0,74.9,87.5,9.52
F du Plessis,2024,Royal Challengers Bengaluru,BAT,South Africa,right-hand-bat,legbreak,0,438,0,276,0,84.6,50.0,79.4,50.0,50.0,50.0,74.2,87.0,9.18
KD Karthik,2024,Royal Challengers Bengaluru,BAT,India,unknown,unknown,0,326,0,195,0,84.2,50.0,50.0,50.0,84.1,50.0,76.7,86.9,9.11
Tilak Varma,2024,Mumbai Indians,BAT,India,left-hand-bat,right-arm-offbreak,0,416,0,291,4,84.6,50.0,75.8,50.0,81.8,50.0,73.3,86.9,9.11
RM Patidar,2024,Royal Challengers Bengaluru,BAT,India,right-hand-bat,right-arm-offbreak,0,395,0,237,0,84.8,50.0,79.9,50.0,64.5,50.0,69.9,86.8,9.05
JC Buttler,2024,Rajasthan Royals,WK,England,right-hand-bat,unknown,1,359,0,266,0,83.7,50.0,76.5,50.0,82.1,50.0,79.6,86.7,8.98
AD Russell,2024,Kolkata Knight Riders,AR,West Indies,right-hand-bat,legbreak,0,222,19,141,188,82.6,84.5,50.0,50.0,84.5,76.6,80.6,86.5,8.85
T Natarajan,2024,Sunrisers Hyderabad,BOWL,India,left-hand-bat,left-arm-fast-medium,0,0,19,0,332,50.0,83.8,50.0,75.3,50.0,78.8,77.4,86.5,8.85
MS Dhoni,2024,Chennai Super Kings,WK,India,right-hand-bat,right-arm-fast-medium,1,161,0,82,0,86.2,50.0,50.0,50.0,85.5,50.0,50.0,86.2,8.66
PJ Cummins,2024,Sunrisers Hyderabad,BOWL,Australia,right-hand-bat,right-arm-fast,0,136,18,99,375,79.2,83.2,50.0,76.2,80.5,70.5,79.2,86.1,8.6
P Simran Singh,2024,Punjab Kings,BAT,India,right-hand-bat,right-arm-fast-medium,0,334,0,216,0,83.3,50.0,79.3,50.0,50.0,50.0,75.6,85.9,8.47
R Ravindra,2024,Chennai Super Kings,BAT,New Zealand,left-hand-bat,slow-left-arm-orthodox,0,222,0,146,12,83.0,50.0,81.2,50.0,50.0,50.0,76.4,85.6,8.29
Harshit Rana,2024,Kolkata Knight Riders,BOWL,India,right-hand-bat,right-arm-fast-medium,0,0,19,0,264,50.0,82.8,50.0,72.7,50.0,78.2,74.2,85.2,8.04
SA Yadav,2024,Mumbai Indians,WK,India,left-hand-bat,slow-left-arm-orthodox,1,345,0,209,0,82.6,50.0,77.9,50.0,53.5,50.0,76.2,85.2,8.04
RR Rossouw,2024,Punjab Kings,BAT,South Africa,left-hand-bat,right-arm-offbreak,0,211,0,122,0,82.5,50.0,83.7,50.0,50.0,50.0,74.1,84.9,7.87
Shubman Gill,2024,Gujarat Titans,BAT,India,right-hand-bat,right-arm-offbreak,0,426,0,295,0,82.3,50.0,76.6,50.0,79.1,50.0,74.6,84.8,7.81
YS Chahal,2024,Rajasthan Royals,BOWL,India,right-hand-bat,legbreak-googly,0,0,18,0,362,50.0,81.2,50.0,50.0,50.0,67.8,84.8,84.7,7.75
S Dube,2024,Chennai Super Kings,BAT,India,left-hand-bat,right-arm-fast-medium,0,396,1,259,6,82.3,50.0,50.0,50.0,78.8,50.0,72.3,84.5,7.63
T Stubbs,2024,Delhi Capitals,WK,South Africa,right-hand-bat,legbreak,1,378,3,204,13,82.4,50.0,50.0,50.0,85.4,50.0,65.1,83.9,7.29
DJ Mitchell,2024,Chennai Super Kings,BAT,New Zealand,right-hand-bat,right-arm-fast-medium,0,318,1,228,38,81.4,57.8,80.3,50.0,72.2,50.0,73.5,83.8,7.24
PP Chawla,2024,Mumbai Indians,BOWL,India,left-hand-bat,legbreak,0,15,13,15,215,50.0,79.9,50.0,65.6,50.0,60.6,87.6,83.7,7.18
Ishan Kishan,2024,Mumbai Indians,WK,India,left-hand-bat,unknown,1,320,0,222,0,80.7,50.0,76.1,50.0,50.0,50.0,76.9,83.4,7.02
Ashutosh Sharma,2024,Punjab Kings,BAT,India,unknown,unknown,0,189,0,118,0,80.8,50.0,50.0,50.0,82.0,50.0,73.8,83.2,6.91
TU Deshpande,2024,Chennai Super Kings,BOWL,India,left-hand-bat,right-arm-fast-medium,0,0,17,2,310,50.0,80.5,50.0,72.9,50.0,75.5,75.9,83.1,6.86
KK Ahmed,2024,Delhi Capitals,BOWL,India,right-hand-bat,right-arm-fast-medium,0,0,17,0,324,50.0,80.2,50.0,74.2,50.0,68.7,77.8,83.0,6.8
Yash Thakur,2024,Lucknow Super Giants,BOWL,India,right-hand-bat,right-arm-fast-medium,0,0,11,0,225,50.0,80.1,50.0,78.6,50.0,71.0,76.7,82.8,6.7
Arshdeep Singh,2024,Punjab Kings,BOWL,India,left-hand-bat,left-arm-fast-medium,0,4,19,4,326,50.0,80.1,50.0,74.3,50.0,74.0,75.7,82.7,6.65
Sandeep Sharma,2024,Rajasthan Royals,BOWL,India,right-hand-bat,right-arm-fast-medium,0,0,13,0,236,50.0,79.4,50.0,70.8,50.0,71.5,80.6,82.5,6.54
Naman Dhir,2024,Mumbai Indians,BAT,unknown,unknown,unknown,0,140,0,84,29,78.8,50.0,76.0,50.0,87.0,50.0,84.3,82.2,6.39
Abishek Porel,2024,Delhi Capitals,WK,India,left-hand-bat,unknown,1,327,0,213,0,79.9,50.0,77.6,50.0,75.2,50.0,69.6,81.9,6.24
JM Bairstow,2024,Punjab Kings,WK,England,right-hand-bat,right-arm-fast-medium,1,298,0,197,0,78.6,50.0,75.2,50.0,50.0,50.0,75.9,81.2,5.9
AR Patel,2024,Delhi Capitals,AR,India,right-hand-bat,right-arm-fast-medium,0,235,11,183,265,77.7,77.9,63.2,75.2,75.8,64.2,82.4,81.0,5.81
RA Jadeja,2024,Chennai Super Kings,AR,India,left-hand-bat,slow-left-arm-orthodox,0,267,8,191,285,80.6,74.7,59.4,50.0,81.0,50.0,79.6,80.9,5.76
M Pathirana,2024,Chennai Super Kings,BOWL,Sri Lanka,right-hand-bat,right-arm-fast-medium,0,0,13,0,145,50.0,80.1,50.0,50.0,50.0,75.4,56.4,80.7,5.67
MP Yadav,2024,Lucknow Super Giants,BOWL,India,right-hand-bat,right-arm-fast-medium,0,0,7,0,76,50.0,77.4,50.0,60.2,50.0,50.0,82.9,80.7,5.67
Mustafizur Rahman,2024,Chennai Super Kings,BOWL,Bangladesh,left-hand-bat,left-arm-fast-medium,0,0,14,0,225,50.0,78.7,50.0,78.7,50.0,72.0,70.0,80.7,5.67
RA Tripathi,2024,Sunrisers Hyderabad,BAT,India,right-hand-bat,right-arm-fast-medium,0,165,0,121,0,77.9,50.0,78.8,50.0,50.0,50.0,77.9,80.7,5.67
Rashid Khan,2024,Gujarat Titans,BOWL,Afghanistan,right-hand-bat,legbreak-googly,0,102,10,75,262,76.9,78.3,50.0,83.1,83.2,80.8,70.4,80.3,5.49
Ravi Bishnoi,2024,Lucknow Super Giants,BOWL,India,right-hand-bat,legbreak-googly,0,4,10,6,270,50.0,77.6,50.0,53.9,50.0,81.8,76.6,80.3,5.49
C Green,2024,Royal Challengers Bengaluru,AR,Australia,right-hand-bat,right-arm-fast-medium,0,255,10,185,223,75.2,79.4,70.7,50.0,83.3,74.3,78.3,79.9,5.32
Nithish Kumar Reddy,2024,Sunrisers Hyderabad,BAT,unknown,right-hand-bat,right-arm-fast-medium,0,303,3,221,87,78.0,65.7,70.6,50.0,71.1,66.7,68.7,79.9,5.32
Shahbaz Ahmed,2024,Sunrisers Hyderabad,AR,India,left-hand-bat,right-arm-fast,0,215,7,173,166,77.5,77.5,50.0,68.4,79.5,50.0,74.0,79.9,5.32
Noor Ahmad,2024,Gujarat Titans,BOWL,Afghanistan,left-hand-bat,slow-left-arm-orthodox,0,5,8,9,214,50.0,77.4,50.0,50.0,50.0,50.0,73.5,79.8,5.27
PP Shaw,2024,Delhi Capitals,BAT,India,right-hand-bat,right-arm-offbreak,0,198,0,125,0,77.5,50.0,79.6,50.0,50.0,50.0,72.5,79.8,5.27
SM Curran,2024,Punjab Kings,AR,England,left-hand-bat,left-arm-fast-medium,0,270,16,230,254,75.7,78.4,72.1,72.1,75.8,67.3,79.2,79.8,5.27
MA Starc,2024,Kolkata Knight Riders,BOWL,Australia,left-hand-bat,left-arm-fast,0,9,17,11,267,50.0,77.1,50.0,74.5,54.5,69.9,73.7,79.5,5.15
MK Lomror,2024,Royal Challengers Bengaluru,BAT,India,left-hand-bat,slow-left-arm-orthodox,0,125,0,74,9,77.4,50.0,50.0,50.0,85.0,50.0,70.6,79.5,5.15
Mohammed Siraj,2024,Royal Challengers Bengaluru,BOWL,India,right-hand-bat,right-arm-fast-medium,0,12,15,9,350,50.0,77.1,50.0,73.0,50.0,75.6,73.6,79.5,5.15
TH David,2024,Mumbai Indians,BAT,Australia,right-hand-bat,right-arm-offbreak,0,241,0,168,0,78.1,50.0,50.0,50.0,82.3,50.0,63.0,79.4,5.1
A Badoni,2024,Lucknow Super Giants,BAT,India,right-hand-bat,right-arm-offbreak,0,235,0,180,12,77.3,50.0,61.3,50.0,82.5,50.0,69.4,79.2,5.02
Q de Kock,2024,Lucknow Super Giants,WK,South Africa,left-hand-bat,unknown,1,250,0,194,0,76.5,50.0,75.1,50.0,50.0,50.0,74.4,78.9,4.9
R Tewatia,2024,Gujarat Titans,BAT,India,left-hand-bat,legbreak,0,188,0,139,0,76.7,50.0,50.0,50.0,80.9,50.0,71.7,78.9,4.9
RD Chahar,2024,Punjab Kings,BOWL,India,right-hand-bat,legbreak-googly,0,21,10,15,189,50.0,75.7,50.0,50.0,65.6,75.3,82.4,78.9,4.9
VR Iyer,2024,Kolkata Knight Riders,BAT,India,left-hand-bat,right-arm-fast-medium,0,370,0,238,6,76.3,50.0,77.2,50.0,67.7,50.0,73.3,78.6,4.78
KH Pandya,2024,Lucknow Super Giants,AR,India,left-hand-bat,slow-left-arm-orthodox,0,133,6,112,205,76.9,74.3,50.0,68.7,79.8,63.9,75.6,78.3,4.66
R Sai Kishore,2024,Gujarat Titans,BOWL,India,left-hand-bat,slow-left-arm-orthodox,0,13,7,6,93,50.0,75.5,50.0,62.2,50.0,58.3,76.6,78.2,4.62
VG Arora,2024,Kolkata Knight Riders,BOWL,India,right-hand-bat,right-arm-fast-medium,0,1,11,1,201,50.0,75.3,50.0,73.6,50.0,67.7,77.9,78.1,4.58
WG Jacks,2024,Royal Challengers Bengaluru,BAT,England,right-hand-bat,right-arm-offbreak,0,230,2,133,55,75.6,59.4,73.7,68.6,50.0,50.0,75.5,78.1,4.58
G Coetzee,2024,Mumbai Indians,BOWL,South Africa,right-hand-bat,right-arm-fast,0,14,13,22,216,50.0,75.5,50.0,70.5,56.8,78.5,75.1,78.0,4.55
SO Hetmyer,2024,Rajasthan Royals,BAT,West Indies,left-hand-bat,unknown,0,113,0,72,0,74.3,50.0,50.0,50.0,79.7,50.0,84.6,77.8,4.47
SS Iyer,2024,Kolkata Knight Riders,BAT,India,right-hand-bat,legbreak-googly,0,351,0,250,0,76.1,50.0,68.0,50.0,79.7,50.0,67.4,77.8,4.47
AM Rahane,2024,Chennai Super Kings,BAT,India,right-hand-bat,right-arm-fast-medium,0,242,0,200,0,75.2,50.0,75.5,50.0,50.0,50.0,74.6,77.7,4.43
M Shahrukh Khan,2024,Gujarat Titans,BAT,India,right-hand-bat,right-arm-fast-medium,0,127,0,77,12,76.8,50.0,50.0,50.0,66.5,50.0,58.3,77.6,4.4
MM Sharma,2024,Gujarat Titans,BOWL,India,left-hand-bat,slow-left-arm-orthodox,0,2,13,16,245,50.0,74.9,50.0,60.1,50.0,71.0,77.0,77.6,4.4
N Thushara,2024,Mumbai Indians,BOWL,Sri Lanka,right-hand-bat,right-arm-fast-medium,0,0,8,0,172,50.0,74.9,50.0,78.9,50.0,71.1,77.2,77.6,4.4
Simarjeet Singh,2024,Chennai Super Kings,BOWL,Philippines,right-hand-bat,right-arm-fast-medium,0,0,5,0,80,50.0,75.8,50.0,50.0,50.0,64.9,67.8,77.6,4.4
Anuj Rawat,2024,Royal Challengers Bengaluru,WK,India,left-hand-bat,unknown,1,98,0,80,0,75.2,50.0,50.0,50.0,84.0,50.0,72.4,77.4,4.32
DA Warner,2024,Delhi Capitals,BAT,Australia,left-hand-bat,legbreak,0,168,0,130,0,74.9,50.0,77.1,50.0,50.0,50.0,74.8,77.4,4.32
LH Ferguson,2024,Royal Challengers Bengaluru,BOWL,New Zealand,right-hand-bat,right-arm-fast,0,1,9,1,147,50.0,75.0,50.0,63.6,50.0,76.4,74.0,77.4,4.32
K Rabada,2024,Punjab Kings,BOWL,South Africa,left-hand-bat,right-arm-fast,0,20,11,17,262,50.0,74.6,50.0,74.3,69.2,68.8,76.3,77.2,4.25
Dhruv Jurel,2024,Rajasthan Royals,WK,India,right-hand-bat,unknown,1,195,0,144,0,74.2,50.0,50.0,50.0,77.1,50.0,79.4,77.1,4.21
A Raghuvanshi,2024,Kolkata Knight Riders,BAT,India,right-hand-bat,slow-left-arm-orthodox,0,163,0,109,0,74.9,50.0,78.0,50.0,50.0,50.0,69.5,76.9,4.14
Swapnil Singh,2024,Royal Challengers Bengaluru,BOWL,Philippines,right-hand-bat,slow-left-arm-orthodox,0,37,6,22,92,50.0,74.3,50.0,83.2,61.7,50.0,74.3,76.7,4.07
Avesh Khan,2024,Rajasthan Royals,BOWL,India,right-hand-bat,right-arm-fast-medium,0,10,19,5,346,50.0,74.7,50.0,73.7,50.0,75.7,69.2,76.6,4.04
DJ Hooda,2024,Lucknow Super Giants,BAT,India,right-hand-bat,right-arm-offbreak,0,145,0,107,19,75.2,50.0,77.8,50.0,50.0,50.0,63.5,76.6,4.04
Yash Dayal,2024,Royal Challengers Bengaluru,BOWL,India,left-hand-bat,left-arm-fast-medium,0,0,15,0,322,50.0,74.9,50.0,74.6,50.0,74.5,67.5,76.6,4.04
I Sharma,2024,Delhi Capitals,BOWL,India,right-hand-bat,right-arm-fast-medium,0,1,10,8,182,50.0,73.9,50.0,74.8,50.0,62.7,76.4,76.5,4.01
HH Pandya,2024,Mumbai Indians,AR,India,right-hand-bat,right-arm-fast-medium,0,216,11,154,226,72.5,74.3,59.9,72.0,60.1,72.9,80.8,76.4,3.97
R Ashwin,2024,Rajasthan Royals,BOWL,India,right-hand-bat,right-arm-offbreak,0,86,9,76,346,69.8,73.6,50.0,78.1,50.0,63.8,75.4,76.1,3.87
Abdul Samad,2024,Sunrisers Hyderabad,BAT,Canada,right-hand-bat,legbreak,0,182,0,113,0,75.1,50.0,50.0,50.0,81.8,50.0,58.7,76.0,3.84
S Dhawan,2024,Punjab Kings,BAT,India,left-hand-bat,right-arm-offbreak,0,152,0,125,0,73.9,50.0,78.3,50.0,50.0,50.0,70.0,75.9,3.81
AK Markram,2024,Sunrisers Hyderabad,BAT,South Africa,right-hand-bat,right-arm-offbreak,0,220,0,187,13,74.5,50.0,77.9,50.0,68.4,50.0,62.9,75.8,3.77
JM Sharma,2024,Punjab Kings,WK,India,right-hand-bat,unknown,1,187,0,147,0,73.6,50.0,50.0,50.0,78.8,50.0,70.4,75.6,3.71
Harpreet Brar,2024,Punjab Kings,BOWL,India,left-hand-bat,slow-left-arm-orthodox,0,75,7,59,230,68.4,73.0,50.0,61.0,80.3,60.3,71.9,75.2,3.58
SD Hope,2024,Delhi Capitals,WK,West Indies,right-hand-bat,unknown,1,183,0,125,0,73.2,50.0,75.1,50.0,58.1,50.0,65.1,74.7,3.43
DA Miller,2024,Gujarat Titans,BAT,South Africa,left-hand-bat,right-arm-offbreak,0,210,0,149,0,73.4,50.0,50.0,50.0,79.7,50.0,62.3,74.6,3.4
N Wadhera,2024,Mumbai Indians,BAT,India,left-hand-bat,legbreak,0,109,0,90,12,74.5,50.0,50.0,50.0,63.5,50.0,50.0,74.5,3.38
N Burger,2024,Rajasthan Royals,BOWL,South Africa,left-hand-bat,left-arm-fast-medium,0,0,7,0,105,50.0,71.8,50.0,69.3,50.0,71.4,74.6,74.3,3.32
KR Sen,2024,Rajasthan Royals,BOWL,India,right-hand-bat,right-arm-fast-medium,0,0,6,0,79,50.0,71.9,50.0,54.4,50.0,60.8,73.1,74.2,3.29
R Powell,2024,Rajasthan Royals,BAT,West Indies,right-hand-bat,right-arm-offbreak,0,103,0,71,0,70.9,50.0,50.0,50.0,78.2,50.0,82.0,74.1,3.26
Mohsin Khan,2024,Lucknow Super Giants,BOWL,Hong Kong,left-hand-bat,left-arm-fast-medium,0,2,10,1,237,50.0,71.4,50.0,71.4,50.0,68.5,73.9,73.8,3.18
RK Singh,2024,Kolkata Knight Riders,BAT,India,right-hand-bat,left-arm-fast-medium,0,168,0,117,0,72.9,50.0,50.0,50.0,77.7,50.0,59.1,73.8,3.18
LS Livingstone,2024,Punjab Kings,AR,England,right-hand-bat,legbreak,0,111,3,82,75,72.5,71.2,50.0,50.0,81.4,50.0,67.9,73.7,3.15
SH Johnson,2024,Gujarat Titans,BOWL,Australia,right-hand-bat,right-arm-fast-medium,0,6,4,7,99,50.0,71.5,50.0,74.4,50.0,79.1,71.9,73.7,3.15
Rasikh Salam,2024,Delhi Capitals,BOWL,India,right-hand-bat,right-arm-fast-medium,0,28,9,30,156,56.5,72.5,50.0,59.1,63.7,79.8,60.7,73.6,3.12
Mukesh Kumar,2024,Delhi Capitals,BOWL,India,right-hand-bat,right-arm-fast-medium,0,3,17,10,223,50.0,72.3,50.0,74.1,54.1,68.4,60.1,73.3,3.04
Naveen-ul-Haq,2024,Lucknow Super Giants,BOWL,Afghanistan,right-hand-bat,right-arm-fast-medium,0,2,14,4,232,50.0,71.2,50.0,69.5,50.0,73.1,65.0,72.7,2.89
WP Saha,2024,Gujarat Titans,WK,India,right-hand-bat,unknown,1,136,0,120,0,69.8,50.0,73.6,50.0,50.0,50.0,74.5,72.2,2.77
JD Unadkat,2024,Sunrisers Hyderabad,BOWL,India,right-hand-bat,left-arm-fast-medium,0,24,8,27,200,50.0,70.8,50.0,58.0,72.9,73.6,62.6,72.1,2.74
Ramandeep Singh,2024,Kolkata Knight Riders,BAT,India,right-hand-bat,right-arm-fast-medium,0,125,0,64,4,70.9,50.0,50.0,50.0,75.6,50.0,56.6,71.6,2.63
UT Yadav,2024,Gujarat Titans,BOWL,India,right-hand-bat,right-arm-fast,0,12,8,15,129,50.0,69.5,50.0,75.5,59.2,57.7,66.4,71.1,2.52
Akash Madhwal,2024,Mumbai Indians,BOWL,India,right-hand-bat,right-arm-fast-medium,0,4,5,5,119,50.0,69.3,50.0,79.4,50.0,57.7,65.8,70.9,2.47
M Theekshana,2024,Chennai Super Kings,BOWL,Sri Lanka,right-hand-bat,right-arm-offbreak,0,0,2,0,121,50.0,70.9,50.0,74.5,50.0,50.0,50.0,70.9,2.47
DL Chahar,2024,Chennai Super Kings,BOWL,India,right-hand-bat,right-arm-fast-medium,0,0,5,0,146,50.0,68.7,50.0,72.3,50.0,50.0,69.7,70.7,2.43
M Markande,2024,Sunrisers Hyderabad,BOWL,India,right-hand-bat,legbreak,0,0,8,0,142,50.0,69.9,50.0,50.0,50.0,55.3,58.3,70.7,2.43
RJW Topley,2024,Royal Challengers Bengaluru,BOWL,England,right-hand-bat,left-arm-fast-medium,0,3,4,6,95,50.0,68.2,50.0,68.4,50.0,75.9,68.8,70.1,2.31
Vijaykumar Vyshak,2024,Royal Challengers Bengaluru,BOWL,India,right-hand-bat,right-arm-fast-medium,0,1,4,3,90,50.0,68.4,50.0,50.0,50.0,50.0,67.3,70.1,2.31
Azmatullah Omarzai,2024,Gujarat Titans,BOWL,Afghanistan,right-hand-bat,right-arm-fast-medium,0,42,4,34,131,58.1,67.6,50.0,72.0,50.0,50.0,72.7,69.9,2.27
S Sandeep Warrier,2024,Gujarat Titans,BOWL,India,right-hand-bat,right-arm-fast-medium,0,0,6,0,70,50.0,67.7,50.0,73.8,50.0,50.0,69.9,69.7,2.23
KV Sharma,2024,Royal Challengers Bengaluru,BOWL,India,right-hand-bat,right-arm-offbreak,0,31,7,16,149,50.0,67.5,50.0,50.0,69.7,50.0,70.3,69.5,2.2
MM Ali,2024,Chennai Super Kings,AR,England,right-hand-bat,right-arm-fast-medium,0,128,2,105,49,74.1,61.8,62.9,50.0,75.9,59.1,56.8,69.2,2.14
B Kumar,2024,Sunrisers Hyderabad,BOWL,India,right-hand-bat,right-arm-fast-medium,0,23,11,30,357,55.7,66.9,50.0,71.9,60.3,65.1,70.7,69.0,2.11
GJ Maxwell,2024,Royal Challengers Bengaluru,AR,Australia,right-hand-bat,right-arm-offbreak,0,52,6,46,98,59.5,75.3,50.0,74.4,50.0,50.0,73.5,69.0,2.11
Mayank Dagar,2024,Royal Challengers Bengaluru,BOWL,India,right-hand-bat,slow-left-arm-orthodox,0,0,1,1,72,50.0,67.9,50.0,50.0,50.0,50.0,58.6,68.8,2.07
Rahmanullah Gurbaz,2024,Kolkata Knight Riders,WK,Afghanistan,right-hand-bat,unknown,1,62,0,50,0,66.1,50.0,79.6,50.0,50.0,50.0,67.4,67.8,1.91
A Nortje,2024,Delhi Capitals,BOWL,South Africa,right-hand-bat,right-arm-fast,0,4,7,9,140,50.0,66.7,50.0,76.0,50.0,61.7,59.7,67.7,1.9
MA Agarwal,2024,Sunrisers Hyderabad,BAT,India,right-hand-bat,unknown,0,64,0,59,0,65.3,50.0,76.3,50.0,50.0,50.0,74.2,67.7,1.9
Arshad Khan,2024,Lucknow Super Giants,AR,Pakistan,left-hand-bat,left-arm-fast-medium,0,78,1,52,56,68.2,62.2,50.0,70.6,85.1,50.0,70.7,67.6,1.88
MJ Santner,2024,Chennai Super Kings,BOWL,New Zealand,left-hand-bat,slow-left-arm-orthodox,0,14,2,18,54,50.0,65.3,50.0,68.8,50.0,50.0,68.6,67.2,1.82
Mohammad Nabi,2024,Mumbai Indians,BOWL,Afghanistan,right-hand-bat,right-arm-offbreak,0,35,2,31,74,58.1,65.7,64.9,60.4,59.2,50.0,64.7,67.2,1.82
Atharva Taide,2024,Punjab Kings,BAT,India,left-hand-bat,slow-left-arm-orthodox,0,61,0,41,1,65.0,50.0,81.4,50.0,50.0,50.0,65.2,66.5,1.73
M Siddharth,2024,Lucknow Super Giants,BOWL,India,right-hand-bat,slow-left-arm-orthodox,0,0,1,0,58,50.0,64.9,50.0,74.5,50.0,50.0,64.7,66.4,1.71
D Brevis,2024,Mumbai Indians,BAT,South Africa,right-hand-bat,legbreak,0,69,0,60,0,64.1,50.0,65.9,50.0,50.0,50.0,67.7,65.9,1.65
SN Thakur,2024,Chennai Super Kings,BOWL,India,right-hand-bat,right-arm-fast-medium,0,21,5,18,197,50.0,64.4,50.0,68.1,63.9,71.9,60.8,65.5,1.6
MJ Henry,2024,Lucknow Super Giants,BOWL,New Zealand,right-hand-bat,right-arm-fast-medium,0,0,1,0,74,50.0,62.7,50.0,69.9,50.0,50.0,70.5,64.8,1.52
RJ Gleeson,2024,Chennai Super Kings,BOWL,England,right-hand-bat,right-arm-fast-medium,0,2,1,2,51,50.0,63.6,50.0,62.5,50.0,69.1,59.8,64.6,1.5
V Shankar,2024,Gujarat Titans,BAT,India,right-hand-bat,right-arm-fast-medium,0,83,0,75,0,64.6,50.0,50.0,50.0,66.2,50.0,50.0,64.6,1.5
MR Marsh,2024,Delhi Capitals,AR,Australia,right-hand-bat,right-arm-fast-medium,0,61,1,41,54,64.1,58.6,80.2,64.0,50.0,53.9,74.3,64.1,1.45
T Kohler-Cadmore,2024,Rajasthan Royals,BAT,England,right-hand-bat,right-arm-offbreak,0,48,0,54,0,61.1,50.0,73.8,50.0,50.0,50.0,65.2,62.6,1.32
V Viyaskanth,2024,Sunrisers Hyderabad,BOWL,Sri Lanka,right-hand-bat,legbreak,0,7,1,5,60,50.0,62.6,50.0,50.0,50.0,50.0,50.0,62.6,1.32
AS Joseph,2024,Royal Challengers Bengaluru,BOWL,West Indies,right-hand-bat,right-arm-fast-medium,0,0,1,0,64,50.0,61.4,50.0,57.1,50.0,71.3,58.4,62.2,1.29
MK Pandey,2024,Kolkata Knight Riders,BAT,India,right-hand-bat,right-arm-fast-medium,0,42,0,33,0,61.6,50.0,50.0,50.0,50.0,50.0,50.0,61.6,1.25
A Kamboj,2024,Mumbai Indians,BOWL,unknown,left-hand-bat,right-arm-medium-fast,0,2,2,2,68,50.0,60.3,50.0,65.9,50.0,50.0,60.8,61.4,1.24
AS Roy,2024,Kolkata Knight Riders,BOWL,India,right-hand-bat,right-arm-fast,0,3,0,3,34,50.0,61.4,50.0,64.3,50.0,50.0,50.0,61.4,1.24
KA Maharaj,2024,Rajasthan Royals,BOWL,South Africa,right-hand-bat,slow-left-arm-orthodox,0,1,2,2,36,50.0,61.4,50.0,50.0,50.0,50.0,50.0,61.4,1.24
S Gopal,2024,Mumbai Indians,BOWL,India,right-hand-bat,legbreak,0,0,3,0,42,50.0,61.0,50.0,50.0,50.0,50.0,50.0,61.0,1.21
DG Nalkande,2024,Gujarat Titans,BOWL,India,right-hand-bat,right-arm-fast-medium,0,12,3,11,31,50.0,59.2,50.0,50.0,50.0,67.2,64.7,60.7,1.2
Sikandar Raza,2024,Punjab Kings,BAT,Zimbabwe,right-hand-bat,right-arm-offbreak,0,43,0,39,12,60.5,50.0,50.0,50.0,50.0,50.0,50.0,60.5,1.19
M Jansen,2024,Sunrisers Hyderabad,BOWL,South Africa,right-hand-bat,left-arm-fast,0,18,1,15,68,50.0,57.5,50.0,71.3,50.0,50.0,69.1,59.4,1.13
R Shepherd,2024,Mumbai Indians,BOWL,West Indies,right-hand-bat,right-arm-fast-medium,0,57,1,24,76,50.0,59.4,50.0,61.0,79.5,58.6,50.0,59.4,1.13
Washington Sundar,2024,Sunrisers Hyderabad,BOWL,India,left-hand-bat,right-arm-offbreak,0,0,1,1,30,50.0,58.7,50.0,61.3,50.0,50.0,50.0,58.7,1.11
N Rana,2024,Kolkata Knight Riders,BAT,India,right-hand-bat,right-arm-fast-medium,0,42,0,35,0,57.6,50.0,62.3,50.0,50.0,50.0,50.0,57.6,1.07
Sameer Rizvi,2024,Chennai Super Kings,BAT,unknown,unknown,unknown,0,51,0,43,0,57.6,50.0,50.0,50.0,58.9,50.0,50.0,57.6,1.07
Harpreet Singh,2024,Punjab Kings,BAT,Germany,right-hand-bat,right-arm-fast-medium,0,27,0,34,0,57.0,50.0,59.1,50.0,61.6,50.0,50.0,57.0,1.06
D Padikkal,2024,Lucknow Super Giants,BAT,India,left-hand-bat,right-arm-offbreak,0,38,0,60,0,55.9,50.0,66.3,50.0,50.0,50.0,55.3,56.4,1.04
Tanush Kotian,2024,Rajasthan Royals,BAT,India,right-hand-bat,right-arm-offbreak,0,24,0,32,0,55.8,50.0,66.4,50.0,50.0,50.0,55.1,56.3,1.04
SZ Mulani,2024,Mumbai Indians,BOWL,India,left-hand-bat,slow-left-arm-orthodox,0,1,0,1,33,50.0,56.2,50.0,50.0,50.0,50.0,50.0,56.2,1.04
LB Williams,2024,Delhi Capitals,BOWL,South Africa,left-hand-bat,right-arm-fast-medium,0,1,1,2,42,50.0,55.9,50.0,64.7,50.0,50.0,50.0,55.9,1.03
KT Maphaka,2024,Mumbai Indians,BOWL,South Africa,left-hand-bat,left-arm-fast-medium,0,0,1,0,39,50.0,54.6,50.0,60.8,50.0,50.0,61.3,55.7,1.03
S Joseph,2024,Lucknow Super Giants,BOWL,West Indies,right-hand-bat,right-arm-fast-medium,0,0,0,0,30,50.0,52.1,50.0,56.7,50.0,50.0,55.8,52.7,1.0
L Wood,2024,Mumbai Indians,BOWL,England,left-hand-bat,left-arm-fast-medium,0,9,1,3,38,50.0,51.8,50.0,54.8,50.0,52.7,50.0,51.8,1.0
SB Dubey,2024,Rajasthan Royals,BAT,India,right-hand-bat,right-arm-fast-medium,0,33,0,21,0,50.0,50.0,50.0,50.0,50.0,50.0,61.5,51.2,1.0
SS Prabhudessai,2024,Royal Challengers Bengaluru,BAT,India,right-hand-bat,unknown,0,24,0,19,0,50.0,50.0,50.0,50.0,50.0,50.0,61.8,51.2,1.0
V Kaverappa,2024,Punjab Kings,BOWL,India,right-hand-bat,right-arm-fast-medium,0,0,2,0,24,50.0,50.0,50.0,69.4,50.0,50.0,59.9,51.0,1.0
PVD Chameera,2024,Kolkata Knight Riders,BOWL,Sri Lanka,right-hand-bat,right-arm-fast,0,0,0,0,19,50.0,50.0,50.0,53.0,50.0,50.0,59.0,50.9,1.0
K Gowtham,2024,Lucknow Super Giants,BOWL,India,right-hand-bat,right-arm-offbreak,0,0,0,0,13,50.0,50.0,50.0,54.4,50.0,50.0,57.6,50.8,1.0
Akash Deep,2024,Royal Challengers Bengaluru,BOWL,India,right-hand-bat,right-arm-fast-medium,0,2,1,2,23,50.0,50.0,50.0,50.0,50.0,50.0,57.3,50.7,1.0
Suyash Sharma,2024,Kolkata Knight Riders,BOWL,India,right-hand-bat,legbreak,0,0,0,0,25,50.0,50.0,50.0,50.0,50.0,50.0,56.8,50.7,1.0
D Ferreira,2024,Rajasthan Royals,BAT,South Africa,right-hand-bat,unknown,0,8,0,11,0,50.0,50.0,50.0,50.0,50.0,50.0,55.3,50.5,1.0
A Manohar,2024,Gujarat Titans,BAT,India,right-hand-bat,legbreak,0,9,0,16,0,50.0,50.0,50.0,50.0,50.0,50.0,50.0,50.0,1.0
A Mishra,2024,Lucknow Super Giants,BOWL,India,right-hand-bat,legbreak,0,0,1,0,12,50.0,50.0,50.0,50.0,50.0,50.0,50.0,50.0,1.0
AA Kulkarni,2024,Lucknow Super Giants,BAT,India,unknown,unknown,0,9,0,8,0,50.0,50.0,50.0,50.0,50.0,50.0,50.0,50.0,1.0
AJ Turner,2024,Lucknow Super Giants,BAT,Australia,right-hand-bat,right-arm-offbreak,0,21,0,20,0,50.0,50.0,50.0,50.0,50.0,50.0,50.0,50.0,1.0
Anmolpreet Singh,2024,Sunrisers Hyderabad,BAT,India,right-hand-bat,right-arm-offbreak,0,5,0,7,0,50.0,50.0,50.0,50.0,50.0,50.0,50.0,50.0,1.0
Arjun Tendulkar,2024,Mumbai Indians,BOWL,India,left-hand-bat,left-arm-fast-medium,0,0,0,0,15,50.0,50.0,50.0,61.4,50.0,50.0,50.0,50.0,1.0
Arshad Khan (2),2024,Lucknow Super Giants,BOWL,Pakistan,left-hand-bat,left-arm-fast-medium,0,5,0,4,13,50.0,50.0,50.0,50.0,50.0,50.0,50.0,50.0,1.0
BR Sharath,2024,Gujarat Titans,BAT,unknown,unknown,unknown,0,2,0,5,0,50.0,50.0,50.0,50.0,50.0,50.0,50.0,50.0,1.0
Gulbadin Naib,2024,Delhi Capitals,BAT,Afghanistan,right-hand-bat,right-arm-fast-medium,0,19,0,15,6,50.0,50.0,50.0,50.0,59.8,50.0,50.0,50.0,1.0
H Sharma,2024,Royal Challengers Bengaluru,BOWL,Hungary,left-hand-bat,slow-left-arm-orthodox,0,0,0,0,12,50.0,50.0,50.0,50.0,50.0,50.0,50.0,50.0,1.0
J Little,2024,Gujarat Titans,BOWL,Ireland,right-hand-bat,left-arm-fast-medium,0,0,4,0,25,50.0,50.0,50.0,56.9,50.0,50.0,50.0,50.0,1.0
JA Richardson,2024,Delhi Capitals,BOWL,Australia,right-hand-bat,right-arm-fast,0,2,0,2,25,50.0,50.0,50.0,50.0,50.0,50.0,50.0,50.0,1.0
KS Williamson,2024,Gujarat Titans,BAT,New Zealand,right-hand-bat,right-arm-offbreak,0,27,0,27,0,50.0,50.0,60.6,50.0,50.0,50.0,50.0,50.0,1.0
Kartik Tyagi,2024,Gujarat Titans,BOWL,India,right-hand-bat,right-arm-fast-medium,0,0,0,0,26,50.0,50.0,50.0,50.0,50.0,50.0,50.0,50.0,1.0
Kumar Kushagra,2024,Delhi Capitals,WK,India,right-hand-bat,unknown,1,3,0,7,0,50.0,50.0,50.0,50.0,50.0,50.0,50.0,50.0,1.0
Lalit Yadav,2024,Delhi Capitals,AR,India,right-hand-bat,right-arm-offbreak,0,10,0,12,18,50.0,50.0,50.0,54.2,50.0,50.0,50.0,50.0,1.0
MJ Suthar,2024,Gujarat Titans,BOWL,India,left-hand-bat,slow-left-arm-orthodox,0,1,0,2,12,50.0,50.0,50.0,60.0,50.0,50.0,50.0,50.0,1.0
MS Wade,2024,Gujarat Titans,WK,Australia,left-hand-bat,right-arm-fast-medium,1,4,0,7,0,50.0,50.0,50.0,50.0,50.0,50.0,50.0,50.0,1.0
Mukesh Choudhary,2024,Chennai Super Kings,BOWL,India,left-hand-bat,left-arm-fast-medium,0,0,0,0,7,50.0,50.0,50.0,50.0,50.0,50.0,50.0,50.0,1.0
NT Ellis,2024,Punjab Kings,BOWL,Australia,right-hand-bat,right-arm-fast-medium,0,0,1,0,24,50.0,50.0,50.0,50.0,50.0,58.1,50.0,50.0,1.0
R Dhawan,2024,Punjab Kings,BOWL,India,right-hand-bat,right-arm-fast-medium,0,0,0,0,19,50.0,50.0,50.0,57.9,50.0,50.0,50.0,50.0,1.0
RK Bhui,2024,Delhi Capitals,BAT,India,right-hand-bat,legbreak-googly,0,3,0,9,0,50.0,50.0,50.0,50.0,50.0,50.0,50.0,50.0,1.0
Sanvir Singh,2024,Sunrisers Hyderabad,BAT,Philippines,right-hand-bat,right-arm-fast-medium,0,14,0,13,0,50.0,50.0,50.0,50.0,56.4,50.0,50.0,50.0,1.0
Saurav Chauhan,2024,Royal Challengers Bengaluru,BAT,India,right-hand-bat,unknown,0,18,0,16,0,50.0,50.0,50.0,50.0,60.7,50.0,50.0,50.0,1.0
Shivam Singh,2024,Punjab Kings,BAT,Philippines,right-hand-bat,right-arm-offbreak,0,2,0,3,0,50.0,50.0,50.0,50.0,50.0,50.0,50.0,50.0,1.0
Sumit Kumar,2024,Delhi Capitals,WK,Bahrain,right-hand-bat,unknown,1,18,0,26,22,50.0,50.0,50.0,50.0,57.5,50.0,50.0,50.0,1.0
Umran Malik,2024,Sunrisers Hyderabad,BOWL,India,right-hand-bat,right-arm-fast-medium,0,0,0,0,7,50.0,50.0,50.0,50.0,50.0,50.0,50.0,50.0,1.0
Yudhvir Singh,2024,Lucknow Super Giants,AR,Spain,right-hand-bat,right-arm-medium-fast,0,21,1,14,24,50.0,50.0,50.0,50.0,60.0,62.0,50.0,50.0,1.0
B Sai Sudharsan,2025,Gujarat Titans,BAT,India,left-hand-bat,legbreak,0,759,0,509,0,96.5,50.0,79.9,50.0,78.6,50.0,77.5,99.0,20.0
JJ Bumrah,2025,Mumbai Indians,BOWL,India,right-hand-bat,right-arm-fast,0,0,18,1,289,50.0,94.4,50.0,82.0,50.0,84.1,80.1,97.4,18.2
N Pooran,2025,Lucknow Super Giants,WK,West Indies,left-hand-bat,unknown,1,524,0,290,0,93.3,50.0,77.8,50.0,83.1,50.0,75.7,95.9,16.62
M Prasidh Krishna,2025,Gujarat Titans,BOWL,India,right-hand-bat,right-arm-fast-medium,0,0,25,0,364,50.0,91.3,50.0,71.1,50.0,76.5,84.4,94.7,15.42
Abhishek Sharma,2025,Sunrisers Hyderabad,BAT,India,left-hand-bat,slow-left-arm-orthodox,0,439,0,242,67,91.6,53.5,81.7,61.5,50.0,50.0,78.0,94.4,15.14
V Kohli,2025,Royal Challengers Bengaluru,BAT,India,right-hand-bat,right-arm-fast-medium,0,657,0,466,0,91.5,50.0,79.3,50.0,71.0,50.0,75.9,94.1,14.85
P Simran Singh,2025,Punjab Kings,BAT,India,right-hand-bat,right-arm-fast-medium,0,599,0,376,0,91.2,50.0,80.0,50.0,50.0,50.0,76.0,93.8,14.57
MR Marsh,2025,Lucknow Super Giants,BAT,Australia,right-hand-bat,right-arm-fast-medium,0,627,0,401,0,90.9,50.0,80.6,50.0,70.9,50.0,74.0,93.3,14.11
JR Hazlewood,2025,Royal Challengers Bengaluru,BOWL,Australia,left-hand-bat,right-arm-fast-medium,0,0,22,1,270,50.0,90.4,50.0,80.9,50.0,75.7,77.5,93.2,14.02
Shubman Gill,2025,Gujarat Titans,BAT,India,right-hand-bat,right-arm-offbreak,0,650,0,435,0,90.7,50.0,78.1,50.0,65.5,50.0,75.4,93.2,14.02
SS Iyer,2025,Punjab Kings,BAT,India,right-hand-bat,legbreak-googly,0,604,0,360,0,90.2,50.0,74.8,50.0,75.6,50.0,77.9,93.0,13.84
SA Yadav,2025,Mumbai Indians,WK,India,left-hand-bat,slow-left-arm-orthodox,1,717,0,439,0,89.6,50.0,78.5,50.0,58.9,50.0,73.7,92.0,12.97
YBK Jaiswal,2025,Rajasthan Royals,BAT,India,left-hand-bat,legbreak,0,559,0,359,0,89.3,50.0,82.0,50.0,64.2,50.0,74.7,91.8,12.79
V Suryavanshi,2025,Rajasthan Royals,BAT,unknown,unknown,unknown,0,252,0,129,0,88.8,50.0,84.6,50.0,50.0,50.0,78.6,91.7,12.71
Priyansh Arya,2025,Punjab Kings,BAT,unknown,unknown,unknown,0,545,0,310,0,89.0,50.0,82.4,50.0,50.0,50.0,74.0,91.4,12.46
AK Markram,2025,Lucknow Super Giants,BAT,South Africa,right-hand-bat,right-arm-offbreak,0,445,4,306,68,88.5,68.5,79.8,59.5,65.3,50.0,77.1,91.2,12.29
Noor Ahmad,2025,Chennai Super Kings,BOWL,Afghanistan,left-hand-bat,slow-left-arm-orthodox,0,7,24,17,314,50.0,87.9,50.0,65.5,61.9,74.5,80.3,90.9,12.05
JC Buttler,2025,Gujarat Titans,WK,England,right-hand-bat,unknown,1,538,0,337,0,87.9,50.0,72.7,50.0,79.5,50.0,78.1,90.7,11.89
H Klaasen,2025,Sunrisers Hyderabad,WK,South Africa,right-hand-bat,unknown,1,487,0,294,0,89.6,50.0,68.6,50.0,83.5,50.0,60.3,90.6,11.81
KL Rahul,2025,Delhi Capitals,WK,India,unknown,unknown,1,546,0,369,0,87.3,50.0,77.8,50.0,67.4,50.0,77.7,90.1,11.41
RD Rickelton,2025,Mumbai Indians,WK,South Africa,left-hand-bat,unknown,1,388,0,266,0,85.9,50.0,77.9,50.0,50.0,50.0,78.6,88.8,10.43
TA Boult,2025,Mumbai Indians,BOWL,New Zealand,right-hand-bat,left-arm-fast-medium,0,2,22,4,357,50.0,86.1,50.0,76.2,50.0,77.8,76.0,88.7,10.36
A Mhatre,2025,Chennai Super Kings,BAT,unknown,unknown,unknown,0,240,0,131,0,85.2,50.0,81.1,50.0,50.0,50.0,79.8,88.2,10.0
Kuldeep Yadav,2025,Delhi Capitals,BOWL,India,left-hand-bat,left-arm-chinaman,0,18,15,16,324,50.0,84.8,50.0,50.0,66.1,80.7,82.2,88.0,9.86
S Dube,2025,Chennai Super Kings,BAT,India,left-hand-bat,right-arm-fast-medium,0,357,0,289,13,84.7,50.0,50.0,50.0,78.3,50.0,80.4,87.7,9.65
Shashank Singh,2025,Punjab Kings,BAT,Philippines,right-hand-bat,right-arm-offbreak,0,350,0,238,12,85.1,50.0,50.0,50.0,83.5,50.0,72.0,87.3,9.38
TM Head,2025,Sunrisers Hyderabad,BAT,Australia,left-hand-bat,right-arm-offbreak,0,374,0,248,0,84.8,50.0,79.2,50.0,50.0,50.0,75.4,87.3,9.38
Ashutosh Sharma,2025,Delhi Capitals,BAT,India,unknown,unknown,0,204,0,138,0,84.0,50.0,50.0,50.0,82.6,50.0,80.7,87.1,9.25
PD Salt,2025,Royal Challengers Bengaluru,WK,England,right-hand-bat,right-arm-offbreak,1,403,0,238,0,84.6,50.0,79.2,50.0,50.0,50.0,74.8,87.1,9.25
Harpreet Brar,2025,Punjab Kings,BOWL,India,left-hand-bat,slow-left-arm-orthodox,0,11,10,13,134,50.0,84.0,50.0,75.0,50.0,58.8,80.2,87.0,9.18
RG Sharma,2025,Mumbai Indians,BAT,India,right-hand-bat,right-arm-fast-medium,0,418,0,292,0,84.4,50.0,78.0,50.0,50.0,50.0,76.2,87.0,9.18
CV Varun,2025,Kolkata Knight Riders,BOWL,India,right-hand-bat,legbreak-googly,0,1,17,1,308,50.0,83.5,50.0,74.7,50.0,76.5,83.3,86.8,9.05
DS Rathi,2025,Lucknow Super Giants,BOWL,unknown,right-hand-bat,legbreak,0,1,14,4,321,50.0,83.2,50.0,75.9,50.0,73.8,80.0,86.2,8.66
D Brevis,2025,Chennai Super Kings,BAT,South Africa,right-hand-bat,legbreak,0,225,0,129,0,83.9,50.0,50.0,50.0,73.1,50.0,70.9,86.0,8.53
E Malinga,2025,Sunrisers Hyderabad,BOWL,Sri Lanka,left-hand-bat,right-arm-fast-medium,0,0,13,0,165,50.0,82.6,50.0,63.5,50.0,76.8,82.9,85.9,8.47
Dhruv Jurel,2025,Rajasthan Royals,WK,India,right-hand-bat,unknown,1,333,0,219,0,82.7,50.0,63.2,50.0,76.8,50.0,81.2,85.8,8.41
A Raghuvanshi,2025,Kolkata Knight Riders,BAT,India,right-hand-bat,slow-left-arm-orthodox,0,300,0,217,0,82.5,50.0,82.3,50.0,75.1,50.0,78.6,85.4,8.16
R Sai Kishore,2025,Gujarat Titans,BOWL,India,left-hand-bat,slow-left-arm-orthodox,0,5,19,10,262,50.0,82.5,50.0,50.0,50.6,76.0,77.4,85.2,8.04
JD Unadkat,2025,Sunrisers Hyderabad,BOWL,India,right-hand-bat,left-arm-fast-medium,0,0,11,0,146,50.0,81.9,50.0,78.1,50.0,75.8,80.2,84.9,7.87
M Pathirana,2025,Chennai Super Kings,BOWL,Sri Lanka,right-hand-bat,right-arm-fast-medium,0,0,13,0,284,50.0,81.4,50.0,50.0,50.0,77.5,83.5,84.8,7.81
B Kumar,2025,Royal Challengers Bengaluru,BOWL,India,right-hand-bat,right-arm-fast-medium,0,14,17,26,318,50.0,81.7,50.0,73.4,56.5,71.5,77.4,84.4,7.57
M Shahrukh Khan,2025,Gujarat Titans,BAT,India,right-hand-bat,right-arm-fast-medium,0,179,1,104,6,80.9,50.0,50.0,50.0,78.8,50.0,83.2,84.2,7.46
AM Rahane,2025,Kolkata Knight Riders,BAT,India,right-hand-bat,right-arm-fast-medium,0,390,0,275,0,81.5,50.0,82.6,50.0,50.0,50.0,74.6,84.0,7.35
A Kamboj,2025,Chennai Super Kings,BOWL,unknown,left-hand-bat,right-arm-medium-fast,0,14,8,13,130,50.0,81.1,50.0,78.6,56.4,50.0,75.6,83.7,7.18
Ishan Kishan,2025,Sunrisers Hyderabad,WK,India,left-hand-bat,unknown,1,354,0,246,1,81.0,50.0,75.7,50.0,86.3,50.0,73.6,83.4,7.02
M Jansen,2025,Punjab Kings,BOWL,South Africa,right-hand-bat,left-arm-fast,0,75,16,65,300,68.1,81.1,50.0,82.1,76.8,78.1,71.0,83.2,6.91
HV Patel,2025,Sunrisers Hyderabad,BOWL,India,right-hand-bat,right-arm-fast-medium,0,21,16,27,286,50.0,80.4,50.0,79.8,67.6,70.8,76.9,83.1,6.86
MS Dhoni,2025,Chennai Super Kings,WK,India,right-hand-bat,right-arm-fast-medium,1,196,0,154,0,79.1,50.0,50.0,50.0,79.4,50.0,87.6,82.9,6.75
KK Nair,2025,Delhi Capitals,BAT,India,right-hand-bat,right-arm-offbreak,0,198,0,122,0,79.9,50.0,78.9,50.0,50.0,50.0,78.2,82.7,6.65
N Wadhera,2025,Punjab Kings,BAT,India,left-hand-bat,legbreak,0,369,0,261,5,80.4,50.0,76.4,50.0,70.1,50.0,72.2,82.6,6.6
JP Inglis,2025,Punjab Kings,WK,Australia,right-hand-bat,unknown,1,278,0,177,0,79.8,50.0,76.5,50.0,65.9,50.0,76.4,82.4,6.49
Harshit Rana,2025,Kolkata Knight Riders,BOWL,India,right-hand-bat,right-arm-fast-medium,0,57,15,54,276,64.0,79.0,50.0,77.2,74.6,71.8,80.6,82.1,6.34
Abishek Porel,2025,Delhi Capitals,WK,India,left-hand-bat,unknown,1,301,0,210,0,79.4,50.0,78.6,50.0,50.0,50.0,75.2,81.9,6.24
SP Narine,2025,Kolkata Knight Riders,AR,West Indies,left-hand-bat,right-arm-offbreak,0,246,12,160,275,78.2,79.5,78.5,50.0,50.0,83.0,81.1,81.9,6.24
A Badoni,2025,Lucknow Super Giants,BAT,India,right-hand-bat,right-arm-offbreak,0,329,2,235,10,80.5,50.0,62.0,50.0,78.3,66.3,62.5,81.8,6.19
JM Sharma,2025,Royal Challengers Bengaluru,WK,India,right-hand-bat,unknown,1,261,0,155,0,79.1,50.0,50.0,50.0,76.3,50.0,76.3,81.7,6.14
PJ Cummins,2025,Sunrisers Hyderabad,BOWL,Australia,right-hand-bat,right-arm-fast,0,97,16,58,312,67.1,79.0,50.0,69.0,83.9,79.8,76.5,81.6,6.1
V Shankar,2025,Chennai Super Kings,BAT,India,right-hand-bat,right-arm-fast-medium,0,118,0,95,0,78.7,50.0,67.4,50.0,66.1,50.0,79.4,81.6,6.1
SV Samson,2025,Rajasthan Royals,WK,India,right-hand-bat,unknown,1,285,0,205,0,79.0,50.0,79.6,50.0,50.0,50.0,74.0,81.4,6.0
Sandeep Sharma,2025,Rajasthan Royals,BOWL,India,right-hand-bat,right-arm-fast-medium,0,6,9,6,243,50.0,79.7,50.0,94.1,50.0,75.8,66.9,81.4,6.0
Naman Dhir,2025,Mumbai Indians,BAT,unknown,unknown,unknown,0,252,0,142,24,78.8,50.0,70.8,50.0,79.7,63.7,73.3,81.1,5.86
V Nigam,2025,Delhi Capitals,BOWL,unknown,right-hand-bat,legbreak,0,142,11,82,244,82.7,78.0,50.0,77.2,84.0,82.2,80.7,81.1,5.86
Aniket Verma,2025,Sunrisers Hyderabad,BAT,unknown,unknown,unknown,0,236,0,148,0,79.4,50.0,56.7,50.0,81.5,50.0,64.5,80.9,5.76
D Padikkal,2025,Royal Challengers Bengaluru,BAT,India,left-hand-bat,right-arm-offbreak,0,247,0,173,0,78.7,50.0,88.2,50.0,51.3,50.0,71.9,80.9,5.76
N Rana,2025,Rajasthan Royals,BAT,India,right-hand-bat,right-arm-fast-medium,0,217,0,141,12,78.1,50.0,82.6,50.0,50.0,50.0,77.3,80.8,5.72
MJ Santner,2025,Mumbai Indians,BOWL,New Zealand,left-hand-bat,slow-left-arm-orthodox,0,40,10,34,247,60.2,77.6,50.0,66.8,73.7,78.6,76.7,80.3,5.49
KK Ahmed,2025,Chennai Super Kings,BOWL,India,right-hand-bat,right-arm-fast-medium,0,1,15,2,290,50.0,77.6,50.0,73.4,50.0,68.4,75.8,80.2,5.45
Tilak Varma,2025,Mumbai Indians,BAT,India,left-hand-bat,right-arm-offbreak,0,343,0,259,0,78.1,50.0,81.3,50.0,75.6,50.0,69.3,80.0,5.36
DP Conway,2025,Chennai Super Kings,WK,New Zealand,left-hand-bat,right-arm-fast-medium,1,156,0,125,0,77.5,50.0,81.6,50.0,50.0,50.0,72.5,79.8,5.27
HH Pandya,2025,Mumbai Indians,AR,India,right-hand-bat,right-arm-fast-medium,0,224,14,148,229,76.4,77.1,50.0,50.0,78.5,64.2,80.1,79.7,5.23
Sameer Rizvi,2025,Delhi Capitals,BAT,unknown,unknown,unknown,0,121,0,83,0,76.8,50.0,56.4,50.0,66.2,50.0,78.2,79.6,5.19
F du Plessis,2025,Delhi Capitals,BAT,South Africa,right-hand-bat,legbreak,0,202,0,170,0,77.3,50.0,81.1,50.0,50.0,50.0,71.1,79.4,5.1
RA Jadeja,2025,Chennai Super Kings,AR,India,left-hand-bat,slow-left-arm-orthodox,0,301,10,229,232,74.3,79.5,68.2,57.2,78.6,64.2,77.1,79.4,5.1
MA Starc,2025,Delhi Capitals,BOWL,Australia,left-hand-bat,left-arm-fast,0,6,14,11,245,50.0,76.9,50.0,74.1,58.1,77.8,74.4,79.3,5.06
YS Chahal,2025,Punjab Kings,BOWL,India,right-hand-bat,legbreak-googly,0,0,16,0,277,50.0,77.1,50.0,50.0,50.0,75.5,72.1,79.3,5.06
WG Jacks,2025,Mumbai Indians,AR,England,right-hand-bat,right-arm-offbreak,0,233,6,173,90,78.1,75.1,80.8,59.5,50.0,50.0,73.2,79.1,4.98
Arshdeep Singh,2025,Punjab Kings,BOWL,India,left-hand-bat,left-arm-fast-medium,0,2,21,6,367,50.0,76.8,50.0,72.7,50.0,72.4,71.7,79.0,4.94
KH Pandya,2025,Royal Challengers Bengaluru,BOWL,India,left-hand-bat,slow-left-arm-orthodox,0,109,17,89,283,71.3,76.8,50.0,72.3,73.1,65.8,68.8,78.7,4.82
R Parag,2025,Rajasthan Royals,AR,India,right-hand-bat,legbreak,0,397,3,247,128,81.0,70.1,76.4,50.0,65.3,50.0,73.7,78.5,4.74
Washington Sundar,2025,Gujarat Titans,AR,India,left-hand-bat,right-arm-offbreak,0,133,2,85,67,77.9,73.3,50.0,50.0,65.6,77.8,76.1,78.4,4.7
VG Arora,2025,Kolkata Knight Riders,BOWL,India,right-hand-bat,right-arm-fast-medium,0,0,17,8,272,50.0,75.9,50.0,70.5,50.0,78.5,73.6,78.3,4.66
SE Rutherford,2025,Gujarat Titans,BAT,West Indies,left-hand-bat,right-arm-fast-medium,0,291,0,203,0,75.6,50.0,50.0,50.0,72.3,50.0,75.7,78.2,4.62
RR Pant,2025,Lucknow Super Giants,WK,India,left-hand-bat,unknown,1,269,0,208,0,76.0,50.0,75.7,50.0,81.7,50.0,70.8,78.1,4.58
PWH de Silva,2025,Rajasthan Royals,BOWL,Sri Lanka,right-hand-bat,legbreak,0,9,11,15,251,50.0,74.9,50.0,50.0,50.0,71.4,81.4,78.0,4.55
M Theekshana,2025,Rajasthan Royals,BOWL,Sri Lanka,right-hand-bat,right-arm-offbreak,0,10,11,27,271,50.0,75.1,50.0,69.5,59.4,69.5,77.7,77.9,4.51
Q de Kock,2025,Kolkata Knight Riders,WK,South Africa,left-hand-bat,unknown,1,152,0,123,0,74.6,50.0,76.1,50.0,54.6,50.0,83.2,77.9,4.51
Abdul Samad,2025,Lucknow Super Giants,BAT,Canada,right-hand-bat,legbreak,0,164,0,98,2,76.9,50.0,50.0,50.0,80.5,50.0,53.8,77.3,4.29
RD Gaikwad,2025,Chennai Super Kings,BAT,India,right-hand-bat,right-arm-offbreak,0,122,0,82,0,74.4,50.0,78.5,50.0,50.0,50.0,77.0,77.1,4.21
AD Russell,2025,Kolkata Knight Riders,AR,West Indies,right-hand-bat,legbreak,0,167,8,111,114,72.9,78.6,50.0,50.0,77.1,75.6,65.8,77.0,4.18
Mustafizur Rahman,2025,Delhi Capitals,BOWL,Bangladesh,left-hand-bat,left-arm-fast-medium,0,0,4,1,66,50.0,75.4,50.0,83.4,50.0,73.8,66.0,77.0,4.18
R Ashwin,2025,Chennai Super Kings,BOWL,India,right-hand-bat,right-arm-offbreak,0,33,7,30,189,58.3,74.2,64.7,68.3,50.0,50.0,77.7,77.0,4.18
R Ravindra,2025,Chennai Super Kings,BAT,New Zealand,left-hand-bat,slow-left-arm-orthodox,0,191,0,152,0,74.0,50.0,74.2,50.0,50.0,50.0,76.6,76.7,4.07
Suyash Sharma,2025,Royal Challengers Bengaluru,BOWL,India,right-hand-bat,legbreak,0,0,8,0,305,50.0,73.6,50.0,50.0,50.0,70.5,79.1,76.5,4.01
MM Ali,2025,Kolkata Knight Riders,BOWL,England,right-hand-bat,right-arm-fast-medium,0,5,6,16,99,50.0,74.1,60.1,79.8,50.0,50.0,72.2,76.3,3.94
Nithish Kumar Reddy,2025,Sunrisers Hyderabad,BAT,unknown,right-hand-bat,right-arm-fast-medium,0,182,2,161,34,73.4,58.0,77.1,50.0,72.0,50.0,79.0,76.3,3.94
SB Dubey,2025,Rajasthan Royals,BAT,India,right-hand-bat,right-arm-fast-medium,0,106,0,66,0,72.6,50.0,50.0,50.0,82.4,50.0,83.6,76.0,3.84
Mukesh Kumar,2025,Delhi Capitals,BOWL,India,right-hand-bat,right-arm-fast-medium,0,0,12,0,255,50.0,73.7,50.0,74.3,50.0,67.8,72.0,75.9,3.81
T Stubbs,2025,Delhi Capitals,WK,South Africa,right-hand-bat,legbreak,1,306,0,203,12,73.6,50.0,50.0,50.0,83.6,50.0,73.3,75.9,3.81
AR Patel,2025,Delhi Capitals,AR,India,right-hand-bat,right-arm-fast-medium,0,263,5,171,219,78.0,68.0,68.2,71.8,81.8,61.7,73.5,75.8,3.77
DL Chahar,2025,Mumbai Indians,BOWL,India,right-hand-bat,right-arm-fast-medium,0,37,11,25,263,50.0,72.9,50.0,73.7,76.3,64.0,73.8,75.3,3.62
Mohammed Siraj,2025,Gujarat Titans,BOWL,India,right-hand-bat,right-arm-fast-medium,0,3,16,5,367,50.0,72.9,50.0,72.7,50.0,73.2,72.3,75.1,3.55
Yash Dayal,2025,Royal Challengers Bengaluru,BOWL,India,left-hand-bat,left-arm-fast-medium,0,4,13,8,305,50.0,73.3,50.0,71.5,50.0,75.1,67.2,75.0,3.52
Avesh Khan,2025,Lucknow Super Giants,BOWL,India,right-hand-bat,right-arm-fast-medium,0,21,13,14,294,50.0,72.7,50.0,68.9,65.3,71.1,71.9,74.9,3.49
Rashid Khan,2025,Gujarat Titans,BOWL,Afghanistan,right-hand-bat,legbreak-googly,0,40,9,32,336,56.4,72.6,50.0,70.3,62.2,67.1,73.1,74.9,3.49
Vijaykumar Vyshak,2025,Punjab Kings,BOWL,India,right-hand-bat,right-arm-fast-medium,0,0,4,0,113,50.0,72.4,50.0,50.0,50.0,68.7,73.7,74.8,3.46
JC Archer,2025,Rajasthan Royals,BOWL,England,right-hand-bat,right-arm-fast,0,63,11,51,292,65.7,72.5,50.0,73.3,67.8,74.7,71.7,74.7,3.43
LH Ferguson,2025,Punjab Kings,BOWL,New Zealand,right-hand-bat,right-arm-fast,0,4,5,1,76,50.0,72.7,50.0,69.9,50.0,64.7,70.0,74.7,3.43
Akash Singh,2025,Lucknow Super Giants,BOWL,India,right-hand-bat,left-arm-fast-medium,0,0,4,0,67,50.0,71.2,50.0,78.0,50.0,50.0,83.3,74.5,3.38
TH David,2025,Royal Challengers Bengaluru,BAT,Australia,right-hand-bat,right-arm-offbreak,0,187,0,107,0,74.2,50.0,50.0,50.0,76.9,50.0,50.0,74.2,3.29
Arshad Khan,2025,Gujarat Titans,BOWL,Pakistan,left-hand-bat,left-arm-fast-medium,0,23,6,23,136,50.0,71.5,50.0,73.0,57.4,67.4,76.4,74.1,3.26
Ashwani Kumar,2025,Mumbai Indians,BOWL,India,right-hand-bat,right-arm-fast-medium,0,0,11,0,132,50.0,72.1,50.0,65.8,50.0,69.4,70.5,74.1,3.26
Zeeshan Ansari,2025,Sunrisers Hyderabad,BOWL,England,right-hand-bat,legbreak,0,0,6,0,209,50.0,72.0,50.0,50.0,50.0,90.8,71.4,74.1,3.26
RM Patidar,2025,Royal Challengers Bengaluru,BAT,India,right-hand-bat,right-arm-offbreak,0,312,0,225,0,71.6,50.0,70.6,50.0,75.5,50.0,71.7,73.8,3.18
W O'Rourke,2025,Lucknow Super Giants,BOWL,New Zealand,right-hand-bat,right-arm-fast-medium,0,0,6,0,64,50.0,70.8,50.0,68.5,50.0,68.4,77.8,73.6,3.12
KV Sharma,2025,Mumbai Indians,BOWL,India,right-hand-bat,right-arm-offbreak,0,1,7,1,91,50.0,72.0,50.0,50.0,50.0,69.2,65.2,73.5,3.1
VR Iyer,2025,Kolkata Knight Riders,BAT,India,left-hand-bat,right-arm-fast-medium,0,142,0,107,0,71.7,50.0,53.1,50.0,75.0,50.0,67.6,73.5,3.1
Azmatullah Omarzai,2025,Punjab Kings,BOWL,Afghanistan,right-hand-bat,right-arm-fast-medium,0,57,8,43,169,55.8,70.6,50.0,66.6,65.5,70.7,76.7,73.3,3.04
KA Jamieson,2025,Punjab Kings,BOWL,New Zealand,right-hand-bat,right-arm-fast-medium,0,0,5,5,94,50.0,71.2,50.0,74.7,50.0,62.1,68.1,73.0,2.96
SN Thakur,2025,Lucknow Super Giants,BOWL,India,right-hand-bat,right-arm-fast-medium,0,18,13,15,226,50.0,70.7,50.0,67.4,66.9,70.3,73.2,73.0,2.96
R Shepherd,2025,Royal Challengers Bengaluru,BOWL,West Indies,right-hand-bat,right-arm-fast-medium,0,70,6,25,90,50.0,69.8,50.0,50.0,89.1,59.3,77.9,72.6,2.86
V Puthur,2025,Mumbai Indians,BOWL,India,unknown,unknown,0,0,6,0,73,50.0,71.2,50.0,50.0,50.0,56.9,63.8,72.6,2.86
JM Bairstow,2025,Mumbai Indians,WK,England,right-hand-bat,right-arm-fast-medium,1,85,0,49,0,69.9,50.0,87.2,50.0,50.0,50.0,66.1,71.5,2.61
TU Deshpande,2025,Rajasthan Royals,BOWL,India,left-hand-bat,right-arm-fast-medium,0,7,9,9,212,50.0,68.1,50.0,67.7,50.0,61.3,78.5,70.9,2.47
SH Johnson,2025,Kolkata Knight Riders,BOWL,Australia,right-hand-bat,right-arm-fast-medium,0,2,1,4,73,50.0,68.1,50.0,65.6,50.0,77.8,76.3,70.7,2.43
Prince Yadav,2025,Lucknow Super Giants,BOWL,India,right-hand-bat,right-arm-fast-medium,0,5,3,11,144,50.0,68.7,50.0,67.3,58.6,76.4,69.3,70.6,2.41
SK Rasheed,2025,Chennai Super Kings,BAT,India,right-hand-bat,legbreak,0,71,0,67,0,68.0,50.0,76.6,50.0,50.0,50.0,75.8,70.6,2.41
Akash Madhwal,2025,Rajasthan Royals,BOWL,India,right-hand-bat,right-arm-fast-medium,0,4,4,9,97,50.0,69.2,50.0,50.0,50.0,72.6,62.8,70.5,2.39
MA Agarwal,2025,Royal Challengers Bengaluru,BAT,India,right-hand-bat,unknown,0,95,0,65,0,69.1,50.0,71.9,50.0,50.0,50.0,61.7,70.3,2.35
MK Pandey,2025,Kolkata Knight Riders,BAT,India,right-hand-bat,right-arm-fast-medium,0,92,0,67,0,70.3,50.0,50.0,50.0,69.3,50.0,50.0,70.3,2.35
GJ Maxwell,2025,Punjab Kings,AR,Australia,right-hand-bat,right-arm-offbreak,0,48,4,54,82,65.1,73.4,50.0,78.5,50.0,50.0,59.4,69.8,2.25
Harsh Dubey,2025,Sunrisers Hyderabad,BOWL,India,left-hand-bat,slow-left-arm-orthodox,0,0,5,0,61,50.0,68.2,50.0,56.2,50.0,50.0,63.1,69.5,2.2
SO Hetmyer,2025,Rajasthan Royals,BAT,West Indies,left-hand-bat,unknown,0,245,0,182,0,67.1,50.0,50.0,50.0,75.7,50.0,70.6,69.2,2.14
DA Miller,2025,Lucknow Super Giants,BAT,South Africa,left-hand-bat,right-arm-offbreak,0,153,0,124,0,69.1,50.0,50.0,50.0,66.9,50.0,50.0,69.1,2.13
SM Curran,2025,Chennai Super Kings,AR,England,left-hand-bat,left-arm-fast-medium,0,114,1,88,74,72.8,61.9,67.5,61.0,72.2,50.0,60.2,68.9,2.09
Ravi Bishnoi,2025,Lucknow Super Giants,BOWL,India,right-hand-bat,legbreak-googly,0,13,9,16,233,50.0,66.3,50.0,59.9,60.0,64.0,69.9,68.3,1.99
Yudhvir Singh,2025,Rajasthan Royals,BOWL,Spain,right-hand-bat,right-arm-medium-fast,0,0,4,0,71,50.0,66.1,50.0,75.5,50.0,50.0,71.0,68.2,1.97
RK Singh,2025,Kolkata Knight Riders,BAT,India,right-hand-bat,left-arm-fast-medium,0,206,0,139,0,66.3,50.0,50.0,50.0,84.5,50.0,67.6,68.1,1.96
JG Bethell,2025,Royal Challengers Bengaluru,BAT,England,left-hand-bat,slow-left-arm-orthodox,0,67,0,39,0,65.8,50.0,84.9,50.0,50.0,50.0,70.4,67.8,1.91
MP Stoinis,2025,Punjab Kings,AR,Australia,right-hand-bat,right-arm-fast-medium,0,160,1,91,91,69.0,62.7,63.4,60.7,89.2,56.2,66.0,67.8,1.91
R Tewatia,2025,Gujarat Titans,BAT,India,left-hand-bat,legbreak,0,99,0,63,0,65.7,50.0,50.0,50.0,76.1,50.0,69.6,67.7,1.9
PVD Chameera,2025,Delhi Capitals,BOWL,Sri Lanka,right-hand-bat,right-arm-fast,0,10,4,14,111,50.0,64.5,50.0,61.2,55.5,73.6,72.6,66.8,1.77
PHKD Mendis,2025,Sunrisers Hyderabad,AR,Sri Lanka,unknown,unknown,0,92,2,72,42,67.8,60.7,50.0,50.0,65.1,50.0,68.7,66.5,1.73
XC Bartlett,2025,Punjab Kings,BOWL,Australia,right-hand-bat,right-arm-fast-medium,0,11,2,15,60,50.0,64.1,50.0,75.0,50.0,50.0,71.9,66.3,1.7
G Coetzee,2025,Gujarat Titans,BOWL,South Africa,right-hand-bat,right-arm-fast,0,17,2,11,76,50.0,66.1,50.0,50.0,50.0,64.1,50.0,66.1,1.67
A Manohar,2025,Sunrisers Hyderabad,BAT,India,right-hand-bat,legbreak,0,61,0,62,0,64.8,50.0,50.0,50.0,77.8,50.0,57.9,65.6,1.61
Akash Deep,2025,Lucknow Super Giants,BOWL,India,right-hand-bat,right-arm-fast-medium,0,6,3,2,127,50.0,63.3,50.0,67.9,50.0,66.1,70.7,65.4,1.59
L Ngidi,2025,Royal Challengers Bengaluru,BOWL,South Africa,right-hand-bat,right-arm-fast,0,0,4,2,48,50.0,63.7,50.0,65.2,50.0,60.4,67.1,65.4,1.59
J Fraser-McGurk,2025,Delhi Capitals,BAT,Australia,right-hand-bat,legbreak-googly,0,55,0,53,0,63.2,50.0,74.3,50.0,50.0,50.0,68.4,65.0,1.55
LS Livingstone,2025,Royal Challengers Bengaluru,AR,England,right-hand-bat,legbreak,0,112,2,90,54,64.4,63.3,54.3,50.0,65.2,65.7,58.4,64.7,1.51
K Rabada,2025,Gujarat Titans,BOWL,South Africa,left-hand-bat,right-arm-fast,0,9,2,9,88,50.0,63.7,50.0,65.8,50.0,70.8,59.5,64.6,1.5
MM Sharma,2025,Delhi Capitals,BOWL,India,left-hand-bat,slow-left-arm-orthodox,0,1,2,3,163,50.0,63.4,50.0,62.6,50.0,66.3,62.1,64.6,1.5
RA Tripathi,2025,Chennai Super Kings,BAT,India,right-hand-bat,right-arm-fast-medium,0,55,0,57,0,63.5,50.0,76.7,50.0,50.0,50.0,61.5,64.6,1.5
I Sharma,2025,Gujarat Titans,BOWL,India,right-hand-bat,right-arm-fast-medium,0,0,4,0,117,50.0,61.9,50.0,63.9,50.0,73.5,61.4,63.0,1.35
Fazalhaq Farooqi,2025,Rajasthan Royals,BOWL,Afghanistan,right-hand-bat,left-arm-fast-medium,0,2,0,2,104,50.0,61.0,50.0,72.9,50.0,54.1,68.7,62.9,1.35
K Kartikeya,2025,Rajasthan Royals,BOWL,India,right-hand-bat,slow-left-arm-orthodox,0,3,2,5,49,50.0,61.0,50.0,50.0,50.0,50.0,59.7,62.0,1.28
Urvil Patel,2025,Chennai Super Kings,WK,India,right-hand-bat,unknown,1,68,0,34,0,60.2,50.0,69.3,50.0,50.0,50.0,66.6,61.9,1.27
Yash Thakur,2025,Punjab Kings,BOWL,India,right-hand-bat,right-arm-fast-medium,0,0,1,0,43,50.0,60.2,50.0,58.9,50.0,74.5,50.0,60.2,1.17
Mohammed Shami,2025,Sunrisers Hyderabad,BOWL,India,right-hand-bat,right-arm-fast,0,10,6,11,187,50.0,57.9,50.0,66.4,57.0,50.5,68.9,59.8,1.15
C Bosch,2025,Mumbai Indians,AR,South Africa,right-hand-bat,right-arm-fast-medium,0,47,1,32,45,58.9,60.3,50.0,50.0,77.8,62.7,50.0,59.5,1.14
Simarjeet Singh,2025,Sunrisers Hyderabad,BOWL,Philippines,right-hand-bat,right-arm-fast-medium,0,3,2,7,63,50.0,58.5,50.0,68.2,50.0,50.0,58.7,59.4,1.13
M Siddharth,2025,Lucknow Super Giants,BOWL,India,right-hand-bat,slow-left-arm-orthodox,0,0,2,0,43,50.0,58.6,50.0,60.8,50.0,50.0,50.0,58.6,1.1
MP Yadav,2025,Lucknow Super Giants,BOWL,India,right-hand-bat,right-arm-fast-medium,0,0,2,0,53,50.0,57.2,50.0,62.8,50.0,59.5,63.2,58.5,1.1
A Zampa,2025,Sunrisers Hyderabad,BOWL,Australia,right-hand-bat,legbreak-googly,0,0,2,0,50,50.0,58.4,50.0,50.0,50.0,52.0,50.0,58.4,1.1
DJ Hooda,2025,Chennai Super Kings,BAT,India,right-hand-bat,right-arm-offbreak,0,31,0,43,7,57.8,50.0,50.0,50.0,68.8,50.0,55.9,58.4,1.1
A Nortje,2025,Kolkata Knight Riders,BOWL,South Africa,right-hand-bat,right-arm-fast,0,0,1,0,45,50.0,57.5,50.0,57.0,50.0,53.2,57.4,58.2,1.09
KT Maphaka,2025,Rajasthan Royals,BOWL,South Africa,left-hand-bat,left-arm-fast-medium,0,8,1,3,32,50.0,57.7,50.0,69.3,50.0,50.0,50.0,57.7,1.07
Mukesh Choudhary,2025,Chennai Super Kings,BOWL,India,left-hand-bat,left-arm-fast-medium,0,0,1,0,36,50.0,56.0,50.0,64.0,50.0,57.8,63.6,57.4,1.07
Shahbaz Ahmed,2025,Lucknow Super Giants,BOWL,India,left-hand-bat,right-arm-fast,0,9,1,8,56,50.0,56.4,50.0,50.0,50.0,59.4,53.4,56.7,1.05
Rasikh Salam,2025,Royal Challengers Bengaluru,BOWL,India,right-hand-bat,right-arm-fast-medium,0,0,1,0,38,50.0,55.4,50.0,50.0,50.0,50.0,60.3,56.4,1.04
Ramandeep Singh,2025,Kolkata Knight Riders,BAT,India,right-hand-bat,right-arm-fast-medium,0,47,0,36,0,56.0,50.0,50.0,50.0,61.6,50.0,50.0,56.0,1.03
Rahmanullah Gurbaz,2025,Kolkata Knight Riders,WK,Afghanistan,right-hand-bat,unknown,1,74,0,55,0,50.0,50.0,50.0,50.0,50.0,50.0,66.8,51.7,1.0
J Overton,2025,Chennai Super Kings,BOWL,England,right-hand-bat,right-arm-fast,0,15,0,7,41,50.0,51.2,50.0,59.1,50.0,50.0,54.4,51.6,1.0
AS Roy,2025,Kolkata Knight Riders,BOWL,India,right-hand-bat,right-arm-fast,0,0,1,1,25,50.0,50.0,50.0,61.7,50.0,50.0,64.1,51.4,1.0
MP Breetzke,2025,Lucknow Super Giants,BAT,South Africa,right-hand-bat,unknown,0,14,0,12,0,50.0,50.0,61.0,50.0,50.0,50.0,59.2,50.9,1.0
N Thushara,2025,Royal Challengers Bengaluru,BOWL,Sri Lanka,right-hand-bat,right-arm-fast-medium,0,0,1,0,26,50.0,50.0,50.0,66.3,50.0,50.0,57.9,50.8,1.0
RJW Topley,2025,Mumbai Indians,BOWL,England,right-hand-bat,left-arm-fast-medium,0,0,0,0,18,50.0,50.0,50.0,59.8,50.0,50.0,57.1,50.7,1.0
Atharva Taide,2025,Sunrisers Hyderabad,BAT,India,left-hand-bat,slow-left-arm-orthodox,0,13,0,11,0,50.0,50.0,60.7,50.0,50.0,50.0,50.0,50.0,1.0
BKG Mendis,2025,Gujarat Titans,BAT,Sri Lanka,unknown,unknown,0,20,0,11,0,50.0,50.0,63.0,50.0,50.0,50.0,50.0,50.0,1.0
C Sakariya,2025,Kolkata Knight Riders,BOWL,India,left-hand-bat,left-arm-fast-medium,0,0,0,0,19,50.0,50.0,50.0,53.4,50.0,50.0,50.0,50.0,1.0
D Ferreira,2025,Delhi Capitals,BAT,South Africa,right-hand-bat,unknown,0,1,0,3,0,50.0,50.0,50.0,50.0,50.0,50.0,50.0,50.0,1.0
K Khejroliya,2025,Gujarat Titans,BOWL,India,left-hand-bat,left-arm-fast-medium,0,0,1,0,19,50.0,50.0,50.0,50.0,50.0,50.0,50.0,50.0,1.0
KS Rathore,2025,Rajasthan Royals,BAT,India,left-hand-bat,unknown,0,0,0,5,0,50.0,50.0,50.0,50.0,50.0,50.0,50.0,50.0,1.0
Karim Janat,2025,Gujarat Titans,BOWL,Afghanistan,right-hand-bat,right-arm-fast-medium,0,0,0,0,6,50.0,50.0,50.0,50.0,50.0,50.0,50.0,50.0,1.0
M Tiwari,2025,Delhi Capitals,AR,India,right-hand-bat,right-arm-offbreak,0,3,0,4,6,50.0,50.0,50.0,50.0,50.0,50.0,50.0,50.0,1.0
MJ Owen,2025,Punjab Kings,BAT,Australia,right-hand-bat,right-arm-fast-medium,0,0,0,2,0,50.0,50.0,50.0,50.0,50.0,50.0,50.0,50.0,1.0
MS Bhandage,2025,Royal Challengers Bengaluru,BAT,India,left-hand-bat,right-arm-fast-medium,0,1,0,4,0,50.0,50.0,50.0,50.0,50.0,50.0,50.0,50.0,1.0
Mujeeb Ur Rahman,2025,Mumbai Indians,BOWL,Afghanistan,right-hand-bat,right-arm-offbreak,0,0,1,0,13,50.0,50.0,50.0,50.0,50.0,50.0,50.0,50.0,1.0
Musheer Khan,2025,Punjab Kings,BOWL,India,right-hand-bat,right-arm-fast-medium,0,0,1,3,12,50.0,50.0,50.0,50.0,50.0,50.0,50.0,50.0,1.0
NT Ellis,2025,Chennai Super Kings,BOWL,Australia,right-hand-bat,right-arm-fast-medium,0,0,1,0,25,50.0,50.0,50.0,50.0,50.0,63.7,50.0,50.0,1.0
P Dubey,2025,Punjab Kings,BOWL,India,right-hand-bat,legbreak-googly,0,0,1,0,12,50.0,50.0,50.0,50.0,50.0,50.0,50.0,50.0,1.0
PVSN Raju,2025,Mumbai Indians,BOWL,unknown,unknown,unknown,0,1,1,1,29,50.0,50.0,50.0,50.0,50.0,61.1,50.0,50.0,1.0
PWA Mulder,2025,Sunrisers Hyderabad,AR,South Africa,unknown,unknown,0,9,0,12,6,50.0,50.0,50.0,50.0,56.9,50.0,50.0,50.0,1.0
R Minz,2025,Mumbai Indians,WK,India,left-hand-bat,unknown,1,6,0,16,0,50.0,50.0,50.0,50.0,50.0,50.0,50.0,50.0,1.0
R Powell,2025,Kolkata Knight Riders,BAT,West Indies,right-hand-bat,right-arm-offbreak,0,5,0,7,0,50.0,50.0,50.0,50.0,50.0,50.0,50.0,50.0,1.0
RA Bawa,2025,Mumbai Indians,BAT,India,left-hand-bat,right-arm-fast-medium,0,8,0,4,0,50.0,50.0,50.0,50.0,50.0,50.0,50.0,50.0,1.0
RD Chahar,2025,Sunrisers Hyderabad,BOWL,India,right-hand-bat,legbreak-googly,0,0,0,0,6,50.0,50.0,50.0,50.0,50.0,50.0,50.0,50.0,1.0
RJ Gleeson,2025,Mumbai Indians,BOWL,England,right-hand-bat,right-arm-fast-medium,0,0,1,0,22,50.0,50.0,50.0,50.0,50.0,50.0,50.0,50.0,1.0
Sediqullah Atal,2025,Delhi Capitals,BAT,Afghanistan,left-hand-bat,unknown,0,22,0,16,0,50.0,50.0,50.0,50.0,50.0,50.0,50.0,50.0,1.0
Suryansh Shedge,2025,Punjab Kings,AR,India,right-hand-bat,unknown,0,7,0,12,19,50.0,50.0,50.0,50.0,50.0,50.0,50.0,50.0,1.0
T Natarajan,2025,Delhi Capitals,BOWL,India,left-hand-bat,left-arm-fast-medium,0,0,1,0,25,50.0,50.0,50.0,56.9,50.0,50.0,50.0,50.0,1.0
Abhishek Sharma,2026,Sunrisers Hyderabad,BAT,India,left-hand-bat,slow-left-arm-orthodox,0,563,0,304,29,99.0,50.0,84.1,64.2,64.8,50.0,80.8,99.0,20.0
Shubman Gill,2026,Gujarat Titans,BAT,India,right-hand-bat,right-arm-offbreak,0,732,0,472,0,96.7,50.0,79.9,50.0,68.8,50.0,77.0,99.0,20.0
V Suryavanshi,2026,Rajasthan Royals,BAT,unknown,unknown,unknown,0,776,0,344,0,99.0,50.0,85.7,50.0,66.3,50.0,79.0,99.0,20.0
MR Marsh,2026,Lucknow Super Giants,BAT,Australia,right-hand-bat,right-arm-fast-medium,0,563,0,358,0,95.4,50.0,83.1,50.0,68.0,50.0,78.8,98.3,19.2
B Sai Sudharsan,2026,Gujarat Titans,BAT,India,left-hand-bat,legbreak,0,722,0,481,0,94.9,50.0,78.2,50.0,82.4,50.0,76.8,97.6,18.42
B Kumar,2026,Royal Challengers Bengaluru,BOWL,India,right-hand-bat,right-arm-fast-medium,0,34,28,28,391,50.0,94.0,50.0,79.8,75.9,75.4,76.5,96.6,17.34
Ishan Kishan,2026,Sunrisers Hyderabad,WK,India,left-hand-bat,unknown,1,602,0,342,0,94.1,50.0,82.5,50.0,77.8,50.0,75.3,96.6,17.34
SS Iyer,2026,Punjab Kings,BAT,India,right-hand-bat,legbreak-googly,0,498,0,306,0,93.2,50.0,78.2,50.0,81.0,50.0,81.4,96.3,17.03
H Klaasen,2026,Sunrisers Hyderabad,WK,South Africa,right-hand-bat,unknown,1,624,0,413,0,93.3,50.0,69.2,50.0,79.0,50.0,76.6,96.0,16.72
SV Samson,2026,Chennai Super Kings,WK,India,right-hand-bat,unknown,1,477,0,295,0,92.1,50.0,79.2,50.0,80.6,50.0,80.3,95.1,15.81
C Connolly,2026,Punjab Kings,BAT,Australia,left-hand-bat,slow-left-arm-orthodox,0,491,0,316,0,91.5,50.0,81.0,50.0,89.1,50.0,80.5,94.6,15.33
P Simran Singh,2026,Punjab Kings,BAT,India,right-hand-bat,right-arm-fast-medium,0,510,0,316,0,91.7,50.0,81.2,50.0,50.0,50.0,77.8,94.5,15.23
RD Rickelton,2026,Mumbai Indians,WK,South Africa,left-hand-bat,unknown,1,448,0,247,0,91.6,50.0,82.1,50.0,63.3,50.0,76.2,94.2,14.95
SP Narine,2026,Kolkata Knight Riders,BOWL,West Indies,left-hand-bat,right-arm-offbreak,0,40,17,34,309,57.4,90.4,65.1,87.9,55.6,84.9,79.2,93.3,14.11
KL Rahul,2026,Delhi Capitals,WK,India,unknown,unknown,1,593,0,355,0,90.6,50.0,78.3,50.0,83.3,50.0,75.5,93.1,13.93
K Rabada,2026,Gujarat Titans,BOWL,South Africa,left-hand-bat,right-arm-fast,0,47,29,40,400,57.7,89.7,50.0,75.4,66.1,74.1,75.6,92.3,13.22
RM Patidar,2026,Royal Challengers Bengaluru,BAT,India,right-hand-bat,right-arm-offbreak,0,501,0,276,0,89.4,50.0,73.1,50.0,89.8,50.0,75.7,92.0,12.97
D Padikkal,2026,Royal Challengers Bengaluru,BAT,India,left-hand-bat,right-arm-offbreak,0,464,0,283,0,89.0,50.0,82.2,50.0,50.0,50.0,77.0,91.7,12.71
V Kohli,2026,Royal Challengers Bengaluru,BAT,India,right-hand-bat,right-arm-fast-medium,0,675,0,425,0,88.8,50.0,78.6,50.0,51.6,50.0,77.9,91.6,12.63
A Raghuvanshi,2026,Kolkata Knight Riders,BAT,India,right-hand-bat,slow-left-arm-orthodox,0,422,0,302,0,87.3,50.0,81.9,50.0,82.7,50.0,74.5,89.8,11.18
Rashid Khan,2026,Gujarat Titans,BOWL,Afghanistan,right-hand-bat,legbreak-googly,0,50,21,45,348,53.7,86.7,50.0,62.3,54.2,68.3,81.1,89.8,11.18
Priyansh Arya,2026,Punjab Kings,BAT,unknown,unknown,unknown,0,364,0,181,0,86.5,50.0,79.3,50.0,50.0,50.0,77.2,89.2,10.73
L Ngidi,2026,Delhi Capitals,BOWL,South Africa,right-hand-bat,right-arm-fast,0,4,13,7,255,50.0,84.7,50.0,75.1,50.0,79.0,82.4,87.9,9.79
Prince Yadav,2026,Lucknow Super Giants,BOWL,India,right-hand-bat,right-arm-fast-medium,0,0,16,1,331,50.0,85.2,50.0,85.9,50.0,71.5,77.2,87.9,9.79
TM Head,2026,Sunrisers Hyderabad,BAT,Australia,left-hand-bat,right-arm-offbreak,0,410,1,253,6,85.3,50.0,78.1,50.0,50.0,50.0,74.5,87.8,9.72
JC Archer,2026,Rajasthan Royals,BOWL,England,right-hand-bat,right-arm-fast,0,64,25,49,379,61.9,85.0,50.0,73.7,78.0,74.5,74.1,87.4,9.45
JO Holder,2026,Gujarat Titans,BOWL,West Indies,right-hand-bat,right-arm-fast-medium,0,65,17,55,236,61.5,83.8,50.0,59.5,73.5,78.3,84.6,87.3,9.38
E Malinga,2026,Sunrisers Hyderabad,BOWL,Sri Lanka,left-hand-bat,right-arm-fast-medium,0,7,20,18,351,50.0,83.8,50.0,70.4,62.0,74.7,79.0,86.7,8.98
JC Buttler,2026,Gujarat Titans,WK,England,right-hand-bat,unknown,1,526,0,352,0,84.0,50.0,78.0,50.0,67.0,50.0,75.9,86.6,8.92
P Nissanka,2026,Delhi Capitals,BAT,Sri Lanka,right-hand-bat,unknown,0,278,0,180,0,83.6,50.0,80.5,50.0,50.0,50.0,77.3,86.3,8.72
SN Thakur,2026,Mumbai Indians,BOWL,India,right-hand-bat,right-arm-fast-medium,0,24,12,33,150,59.7,82.7,50.0,68.0,66.8,72.0,85.7,86.3,8.72
Rasikh Salam,2026,Royal Challengers Bengaluru,BOWL,India,right-hand-bat,right-arm-fast-medium,0,3,19,3,272,50.0,83.5,50.0,77.1,50.0,77.7,76.8,86.2,8.66
C Bosch,2026,Mumbai Indians,BOWL,South Africa,right-hand-bat,right-arm-fast-medium,0,50,12,31,126,59.8,83.1,50.0,60.5,82.4,75.0,79.9,86.1,8.6
FH Allen,2026,Kolkata Knight Riders,BAT,New Zealand,right-hand-bat,slow-left-arm-orthodox,0,349,0,168,0,82.7,50.0,77.3,50.0,50.0,50.0,76.6,85.4,8.16
Washington Sundar,2026,Gujarat Titans,BAT,India,left-hand-bat,right-arm-offbreak,0,377,1,263,55,82.3,58.4,57.8,50.0,76.4,50.0,79.7,85.3,8.1
DA Miller,2026,Delhi Capitals,BAT,South Africa,left-hand-bat,right-arm-offbreak,0,211,0,146,0,81.3,50.0,50.0,50.0,79.8,50.0,88.9,85.2,8.04
JP Inglis,2026,Lucknow Super Giants,WK,Australia,right-hand-bat,unknown,1,266,0,151,0,82.5,50.0,85.3,50.0,50.0,50.0,75.6,85.1,7.98
J Overton,2026,Chennai Super Kings,AR,England,right-hand-bat,right-arm-fast,0,136,14,91,176,78.7,84.6,50.0,50.0,81.5,74.6,85.8,84.9,7.87
A Mhatre,2026,Chennai Super Kings,BAT,unknown,unknown,unknown,0,201,0,119,0,82.2,50.0,83.0,50.0,50.0,50.0,73.4,84.5,7.63
TH David,2026,Royal Challengers Bengaluru,BAT,Australia,right-hand-bat,right-arm-offbreak,0,305,0,173,6,82.3,50.0,50.0,50.0,80.8,50.0,70.5,84.4,7.57
D Ferreira,2026,Rajasthan Royals,BAT,South Africa,right-hand-bat,unknown,0,317,1,181,18,81.8,50.0,59.2,50.0,85.0,50.0,73.0,84.1,7.4
Mohsin Khan,2026,Lucknow Super Giants,BOWL,Hong Kong,left-hand-bat,left-arm-fast-medium,0,0,11,4,171,50.0,81.0,50.0,74.0,50.0,81.5,80.7,84.1,7.4
R Parag,2026,Rajasthan Royals,BAT,India,right-hand-bat,legbreak,0,309,2,203,25,81.6,50.0,77.9,50.0,58.5,50.0,69.6,83.6,7.13
KH Pandya,2026,Royal Challengers Bengaluru,AR,India,left-hand-bat,slow-left-arm-orthodox,0,226,14,163,313,82.6,77.1,59.4,57.9,76.8,65.8,83.6,83.5,7.07
VR Iyer,2026,Royal Challengers Bengaluru,BAT,India,left-hand-bat,right-arm-fast-medium,0,209,0,116,0,81.0,50.0,83.8,50.0,79.1,50.0,74.9,83.5,7.07
AM Ghazanfar,2026,Mumbai Indians,BOWL,Spain,right-hand-bat,right-arm-offbreak,0,2,15,3,237,50.0,80.6,50.0,79.9,50.0,74.6,77.8,83.4,7.02
Noor Ahmad,2026,Chennai Super Kings,BOWL,Afghanistan,left-hand-bat,slow-left-arm-orthodox,0,11,13,24,314,50.0,80.6,50.0,50.0,58.7,65.2,78.4,83.4,7.02
RG Sharma,2026,Mumbai Indians,BAT,India,right-hand-bat,right-arm-fast-medium,0,283,0,184,0,80.7,50.0,77.9,50.0,50.0,50.0,77.1,83.4,7.02
Tilak Varma,2026,Mumbai Indians,BAT,India,left-hand-bat,right-arm-offbreak,0,359,0,255,0,81.1,50.0,69.8,50.0,88.4,50.0,73.4,83.4,7.02
Dhruv Jurel,2026,Rajasthan Royals,WK,India,right-hand-bat,unknown,1,515,0,345,0,81.3,50.0,78.5,50.0,68.5,50.0,69.1,83.2,6.91
Ashutosh Sharma,2026,Delhi Capitals,BAT,India,unknown,unknown,0,171,0,100,0,80.0,50.0,50.0,50.0,82.1,50.0,81.2,83.1,6.86
Kartik Tyagi,2026,Kolkata Knight Riders,BOWL,India,right-hand-bat,right-arm-fast-medium,0,11,18,10,317,50.0,80.4,50.0,76.2,50.0,72.1,74.7,82.9,6.75
S Dube,2026,Chennai Super Kings,BAT,India,left-hand-bat,right-arm-fast-medium,0,270,1,189,32,80.1,55.4,50.0,50.0,77.5,50.0,72.9,82.4,6.49
Mohammed Siraj,2026,Gujarat Titans,BOWL,India,right-hand-bat,right-arm-fast-medium,0,5,19,17,386,50.0,79.6,50.0,75.6,50.0,69.9,75.0,82.1,6.34
Sakib Hussain,2026,Sunrisers Hyderabad,BOWL,Bulgaria,right-hand-bat,right-arm-fast-medium,0,5,15,7,274,50.0,79.7,50.0,76.6,50.0,77.8,72.8,82.0,6.29
A Kamboj,2026,Chennai Super Kings,BOWL,unknown,left-hand-bat,right-arm-medium-fast,0,58,21,40,315,65.3,79.9,50.0,74.8,82.9,77.5,68.8,81.8,6.19
RD Gaikwad,2026,Chennai Super Kings,BAT,India,right-hand-bat,right-arm-offbreak,0,337,0,291,0,79.4,50.0,77.8,50.0,72.7,50.0,73.5,81.8,6.19
PD Salt,2026,Royal Challengers Bengaluru,WK,England,right-hand-bat,right-arm-offbreak,1,202,0,123,0,79.1,50.0,77.7,50.0,50.0,50.0,76.2,81.7,6.14
AJ Hosein,2026,Chennai Super Kings,BOWL,West Indies,left-hand-bat,slow-left-arm-orthodox,0,5,8,3,151,50.0,78.6,50.0,74.2,50.0,68.0,76.7,81.3,5.95
Sameer Rizvi,2026,Delhi Capitals,BAT,unknown,unknown,unknown,0,252,0,178,0,78.3,50.0,60.0,50.0,71.5,50.0,80.0,81.3,5.95
RA Jadeja,2026,Rajasthan Royals,AR,India,left-hand-bat,slow-left-arm-orthodox,0,266,10,209,202,79.8,76.3,77.3,50.0,77.8,50.0,78.8,81.1,5.86
SE Rutherford,2026,Mumbai Indians,BAT,West Indies,left-hand-bat,right-arm-fast-medium,0,123,0,83,0,78.4,50.0,50.0,50.0,82.7,50.0,77.0,81.1,5.86
R Powell,2026,Kolkata Knight Riders,BAT,West Indies,right-hand-bat,right-arm-offbreak,0,190,0,148,0,78.0,50.0,62.4,50.0,79.6,50.0,80.4,81.0,5.81
YBK Jaiswal,2026,Rajasthan Royals,BAT,India,left-hand-bat,legbreak,0,427,0,296,0,78.3,50.0,76.7,50.0,50.0,50.0,76.2,80.9,5.76
CV Varun,2026,Kolkata Knight Riders,BOWL,India,right-hand-bat,legbreak-googly,0,5,11,6,255,50.0,77.7,50.0,53.0,50.0,64.8,79.5,80.6,5.63
YS Chahal,2026,Punjab Kings,BOWL,India,right-hand-bat,legbreak-googly,0,0,12,0,262,50.0,77.3,50.0,50.0,50.0,68.0,83.1,80.6,5.63
Naman Dhir,2026,Mumbai Indians,BAT,unknown,unknown,unknown,0,318,0,218,0,78.3,50.0,73.7,50.0,73.1,50.0,72.3,80.5,5.58
Arshad Khan,2026,Gujarat Titans,BOWL,Pakistan,left-hand-bat,left-arm-fast-medium,0,23,6,12,111,50.0,78.4,50.0,50.0,50.0,83.6,69.5,80.4,5.54
T Natarajan,2026,Delhi Capitals,BOWL,India,left-hand-bat,left-arm-fast-medium,0,1,5,2,205,50.0,77.6,50.0,60.6,50.0,76.3,77.9,80.4,5.54
T Stubbs,2026,Delhi Capitals,WK,South Africa,right-hand-bat,legbreak,1,275,0,225,0,77.8,50.0,73.3,50.0,77.4,50.0,75.6,80.4,5.54
M Prasidh Krishna,2026,Gujarat Titans,BOWL,India,right-hand-bat,right-arm-fast-medium,0,6,16,7,242,50.0,77.3,50.0,55.8,50.0,66.9,74.6,79.8,5.27
PP Hinge,2026,Sunrisers Hyderabad,BOWL,unknown,right-hand-bat,slow-left-arm-orthodox,0,3,14,9,168,50.0,77.5,50.0,74.7,50.0,69.7,72.2,79.7,5.23
AR Patel,2026,Delhi Capitals,AR,India,right-hand-bat,right-arm-fast-medium,0,173,11,146,268,75.9,77.5,56.7,73.5,79.3,64.1,77.4,79.4,5.1
SR Dubey,2026,Kolkata Knight Riders,BOWL,India,right-hand-bat,right-arm-fast-medium,0,4,5,2,87,50.0,77.2,50.0,77.9,50.0,75.1,70.2,79.2,5.02
JR Hazlewood,2026,Royal Challengers Bengaluru,BOWL,Australia,left-hand-bat,right-arm-fast-medium,0,0,15,1,322,50.0,76.7,50.0,73.0,50.0,72.6,74.3,79.1,4.98
RR Pant,2026,Lucknow Super Giants,WK,India,left-hand-bat,unknown,1,313,0,235,0,76.5,50.0,75.0,50.0,77.9,50.0,76.2,79.1,4.98
Mukesh Kumar,2026,Delhi Capitals,BOWL,India,right-hand-bat,right-arm-fast-medium,0,0,6,0,204,50.0,75.8,50.0,70.1,50.0,72.3,82.1,79.0,4.94
N Rana,2026,Delhi Capitals,BAT,India,right-hand-bat,right-arm-fast-medium,0,225,0,158,26,76.4,50.0,76.2,56.3,50.0,50.0,74.8,78.9,4.9
SA Yadav,2026,Mumbai Indians,WK,India,left-hand-bat,slow-left-arm-orthodox,1,270,0,193,0,77.3,50.0,78.7,50.0,52.1,50.0,66.2,78.9,4.9
Ravi Bishnoi,2026,Rajasthan Royals,BOWL,India,right-hand-bat,legbreak-googly,0,0,11,3,164,50.0,76.0,50.0,80.7,50.0,64.3,78.1,78.8,4.86
A Badoni,2026,Lucknow Super Giants,BAT,India,right-hand-bat,right-arm-offbreak,0,215,0,145,6,76.7,50.0,83.3,50.0,63.5,50.0,69.6,78.7,4.82
Brijesh Sharma,2026,Rajasthan Royals,BOWL,unknown,right-hand-bat,right-arm-fast-medium,0,2,14,4,297,50.0,76.2,50.0,69.6,50.0,74.3,74.2,78.6,4.78
MD Choudhary,2026,Lucknow Super Giants,BAT,India,left-hand-bat,left-arm-fast-medium,0,170,0,122,0,75.5,50.0,50.0,50.0,76.6,50.0,78.9,78.4,4.7
Yash Raj Punja,2026,Rajasthan Royals,BOWL,United Arab Emirates,right-hand-bat,right-arm-fast-medium,0,0,9,0,186,50.0,75.6,50.0,50.0,50.0,67.5,78.2,78.4,4.7
MA Starc,2026,Delhi Capitals,BOWL,Australia,left-hand-bat,left-arm-fast,0,0,11,2,140,50.0,75.5,50.0,69.8,50.0,74.8,77.8,78.3,4.66
Nithish Kumar Reddy,2026,Sunrisers Hyderabad,AR,unknown,right-hand-bat,right-arm-fast-medium,0,302,8,184,197,81.1,69.5,53.5,77.4,85.3,61.2,72.7,78.2,4.62
Suryansh Shedge,2026,Punjab Kings,BAT,India,right-hand-bat,unknown,0,158,0,92,0,78.1,50.0,61.1,50.0,71.5,50.0,50.0,78.1,4.58
AM Rahane,2026,Kolkata Knight Riders,BAT,India,right-hand-bat,right-arm-fast-medium,0,335,0,258,0,75.3,50.0,71.5,50.0,50.0,50.0,76.1,77.9,4.51
Abishek Porel,2026,Delhi Capitals,WK,India,left-hand-bat,unknown,1,108,0,94,0,74.4,50.0,77.7,50.0,50.0,50.0,84.9,77.9,4.51
DL Chahar,2026,Mumbai Indians,BOWL,India,right-hand-bat,right-arm-fast-medium,0,25,8,19,162,50.0,75.2,50.0,74.7,60.6,86.6,72.7,77.5,4.36
Kartik Sharma,2026,Chennai Super Kings,BAT,India,unknown,unknown,0,295,0,220,0,75.2,50.0,68.9,50.0,62.5,50.0,70.0,77.2,4.25
Suyash Sharma,2026,Royal Challengers Bengaluru,BOWL,India,right-hand-bat,legbreak,0,0,9,0,253,50.0,74.5,50.0,50.0,50.0,87.6,66.4,76.1,3.87
Q de Kock,2026,Mumbai Indians,WK,South Africa,left-hand-bat,unknown,1,132,0,85,0,73.8,50.0,66.6,50.0,63.8,50.0,70.1,75.8,3.77
Kuldeep Yadav,2026,Delhi Capitals,BOWL,India,left-hand-bat,left-arm-chinaman,0,9,10,23,226,50.0,72.9,50.0,50.0,54.7,65.3,78.4,75.7,3.74
RK Singh,2026,Kolkata Knight Riders,BAT,India,right-hand-bat,left-arm-fast-medium,0,299,0,212,0,73.2,50.0,50.0,50.0,78.8,50.0,74.8,75.7,3.74
Vijaykumar Vyshak,2026,Punjab Kings,BOWL,India,right-hand-bat,right-arm-fast-medium,0,2,9,4,194,50.0,72.4,50.0,64.6,50.0,70.8,81.0,75.5,3.68
AS Roy,2026,Kolkata Knight Riders,BOWL,India,right-hand-bat,right-arm-fast,0,52,9,41,184,60.6,72.9,50.0,70.1,74.3,75.5,74.4,75.3,3.62
Himmat Singh,2026,Lucknow Super Giants,BAT,Germany,right-hand-bat,right-arm-offbreak,0,92,0,74,0,72.8,50.0,50.0,50.0,78.1,50.0,75.0,75.3,3.62
Shashank Singh,2026,Punjab Kings,AR,Philippines,right-hand-bat,right-arm-offbreak,0,132,4,78,62,79.5,67.1,50.0,50.0,82.8,56.1,62.4,75.2,3.58
Arshdeep Singh,2026,Punjab Kings,BOWL,India,left-hand-bat,left-arm-fast-medium,0,1,14,1,347,50.0,72.8,50.0,72.8,50.0,73.1,73.1,75.1,3.55
C Green,2026,Kolkata Knight Riders,AR,Australia,right-hand-bat,right-arm-fast-medium,0,322,7,230,141,77.1,67.7,70.1,67.8,73.7,58.5,71.2,75.0,3.52
AK Markram,2026,Lucknow Super Giants,BAT,South Africa,right-hand-bat,right-arm-offbreak,0,231,0,171,39,72.3,56.6,68.9,50.0,84.4,66.3,75.5,74.8,3.46
Abdul Samad,2026,Lucknow Super Giants,BAT,Canada,right-hand-bat,legbreak,0,116,0,92,1,73.8,50.0,50.0,50.0,78.2,50.0,59.9,74.8,3.46
R Tewatia,2026,Gujarat Titans,BAT,India,left-hand-bat,legbreak,0,190,0,143,0,73.0,50.0,50.0,50.0,73.9,50.0,67.9,74.8,3.46
WG Jacks,2026,Mumbai Indians,AR,England,right-hand-bat,right-arm-offbreak,0,139,2,79,58,74.7,67.7,76.1,73.7,65.7,50.0,80.2,74.6,3.4
JA Duffy,2026,Royal Challengers Bengaluru,BOWL,New Zealand,right-hand-bat,right-arm-fast-medium,0,0,9,0,156,50.0,72.4,50.0,74.1,50.0,53.6,71.2,74.5,3.38
Ashwani Kumar,2026,Mumbai Indians,BOWL,India,right-hand-bat,right-arm-fast-medium,0,1,6,6,64,50.0,72.5,50.0,50.0,50.0,50.0,68.6,74.4,3.35
JG Bethell,2026,Royal Challengers Bengaluru,BAT,England,left-hand-bat,slow-left-arm-orthodox,0,96,0,81,0,71.8,50.0,76.6,50.0,50.0,50.0,74.6,74.3,3.32
M Siddharth,2026,Lucknow Super Giants,BOWL,India,right-hand-bat,slow-left-arm-orthodox,0,0,6,0,92,50.0,71.7,50.0,60.9,50.0,69.8,76.2,74.3,3.32
MJ Santner,2026,Mumbai Indians,BOWL,New Zealand,left-hand-bat,slow-left-arm-orthodox,0,26,5,21,87,50.0,72.6,50.0,60.9,69.1,50.0,66.3,74.2,3.29
PR Veer,2026,Chennai Super Kings,BAT,unknown,unknown,unknown,0,90,0,72,12,72.3,50.0,50.0,50.0,76.0,50.0,65.5,73.8,3.18
MP Stoinis,2026,Punjab Kings,BAT,Australia,right-hand-bat,right-arm-fast-medium,0,216,2,131,53,73.1,59.1,63.6,50.0,72.2,53.9,54.5,73.6,3.12
PJ Cummins,2026,Sunrisers Hyderabad,BOWL,Australia,right-hand-bat,right-arm-fast,0,30,8,20,201,50.0,71.5,50.0,69.2,50.0,71.2,71.4,73.6,3.12
N Burger,2026,Rajasthan Royals,BOWL,South Africa,left-hand-bat,left-arm-fast-medium,0,14,14,9,278,50.0,71.2,50.0,69.0,50.0,77.7,73.2,73.5,3.1
SN Khan,2026,Chennai Super Kings,BAT,Saudi Arabia,left-hand-bat,slow-left-arm-orthodox,0,161,0,100,0,72.3,50.0,75.3,50.0,65.6,50.0,61.3,73.4,3.07
JJ Bumrah,2026,Mumbai Indians,BOWL,India,right-hand-bat,right-arm-fast,0,7,4,8,318,50.0,70.8,50.0,71.2,50.0,77.9,74.7,73.3,3.04
D Brevis,2026,Chennai Super Kings,BAT,South Africa,right-hand-bat,legbreak,0,151,0,127,0,72.1,50.0,50.0,50.0,70.3,50.0,56.7,72.8,2.91
VG Arora,2026,Kolkata Knight Riders,BOWL,India,right-hand-bat,right-arm-fast-medium,0,1,11,3,241,50.0,70.3,50.0,67.1,50.0,71.4,74.7,72.8,2.91
Harsh Dubey,2026,Sunrisers Hyderabad,BOWL,India,left-hand-bat,slow-left-arm-orthodox,0,13,8,11,139,50.0,70.5,50.0,69.3,58.0,74.8,70.8,72.6,2.86
SB Dubey,2026,Rajasthan Royals,BAT,India,right-hand-bat,right-arm-fast-medium,0,81,0,61,0,70.5,50.0,50.0,50.0,81.2,50.0,69.2,72.4,2.82
Mukesh Choudhary,2026,Chennai Super Kings,BOWL,India,left-hand-bat,left-arm-fast-medium,0,2,8,2,178,50.0,69.6,50.0,71.6,50.0,69.7,73.1,71.9,2.7
XC Bartlett,2026,Punjab Kings,BOWL,Australia,right-hand-bat,right-arm-fast-medium,0,29,5,14,209,50.0,69.8,50.0,80.6,69.3,72.5,69.7,71.8,2.67
HV Patel,2026,Sunrisers Hyderabad,BOWL,India,right-hand-bat,right-arm-fast-medium,0,10,0,9,84,50.0,70.4,50.0,50.0,50.0,76.1,63.0,71.7,2.65
M Tiwari,2026,Delhi Capitals,BOWL,India,right-hand-bat,right-arm-offbreak,0,18,4,8,69,50.0,70.4,50.0,50.0,50.0,61.0,62.2,71.6,2.63
Avesh Khan,2026,Lucknow Super Giants,BOWL,India,right-hand-bat,right-arm-fast-medium,0,6,6,7,156,50.0,68.8,50.0,59.5,50.0,75.1,76.2,71.4,2.58
JM Sharma,2026,Royal Challengers Bengaluru,WK,India,right-hand-bat,unknown,1,116,0,96,0,69.5,50.0,50.0,50.0,69.4,50.0,66.5,71.2,2.54
Sandeep Sharma,2026,Rajasthan Royals,BOWL,India,right-hand-bat,right-arm-fast-medium,0,0,5,0,127,50.0,68.9,50.0,73.5,50.0,63.2,73.2,71.2,2.54
Ashok Sharma,2026,Gujarat Titans,BOWL,India,right-hand-bat,right-arm-fast-medium,0,1,6,5,136,50.0,68.3,50.0,57.9,50.0,70.1,76.8,71.0,2.5
HH Pandya,2026,Mumbai Indians,AR,India,right-hand-bat,right-arm-fast-medium,0,206,4,154,151,73.1,63.1,50.0,65.9,75.0,63.6,73.8,71.0,2.5
Shivang Kumar,2026,Sunrisers Hyderabad,BOWL,Bahrain,left-hand-bat,legbreak-googly,0,53,9,50,240,63.3,68.8,50.0,50.0,76.2,60.7,71.0,70.9,2.47
N Pooran,2026,Lucknow Super Giants,WK,West Indies,left-hand-bat,unknown,1,234,0,196,0,69.0,50.0,76.4,50.0,51.9,50.0,68.3,70.8,2.45
SO Hetmyer,2026,Rajasthan Royals,BAT,West Indies,left-hand-bat,unknown,0,78,0,74,0,70.1,50.0,55.5,50.0,64.4,50.0,55.8,70.7,2.43
Gurjapneet Singh,2026,Chennai Super Kings,BOWL,United States,right-hand-bat,left-arm-fast-medium,0,0,4,0,159,50.0,68.4,50.0,60.5,50.0,70.9,72.1,70.6,2.41
Urvil Patel,2026,Chennai Super Kings,WK,India,right-hand-bat,unknown,1,129,0,68,0,67.5,50.0,70.5,50.0,50.0,50.0,76.6,70.2,2.33
S Arora,2026,Sunrisers Hyderabad,BAT,India,right-hand-bat,unknown,0,121,0,81,0,68.3,50.0,50.0,50.0,75.0,50.0,64.4,69.7,2.23
M Jansen,2026,Punjab Kings,BOWL,South Africa,right-hand-bat,left-arm-fast,0,51,9,50,294,61.9,67.9,50.0,72.3,76.4,70.7,66.3,69.5,2.2
Azmatullah Omarzai,2026,Punjab Kings,BOWL,Afghanistan,right-hand-bat,right-arm-fast-medium,0,52,3,28,69,50.0,66.8,50.0,63.8,72.6,68.6,72.3,69.0,2.11
JD Unadkat,2026,Sunrisers Hyderabad,BOWL,India,right-hand-bat,left-arm-fast-medium,0,4,4,3,78,50.0,67.1,50.0,64.9,50.0,76.6,69.4,69.0,2.11
Mohammed Shami,2026,Lucknow Super Giants,BOWL,India,right-hand-bat,right-arm-fast,0,31,12,23,327,50.0,66.8,50.0,73.3,69.7,65.3,70.6,68.9,2.09
DS Rathi,2026,Lucknow Super Giants,BOWL,unknown,right-hand-bat,legbreak,0,2,5,5,240,50.0,66.6,50.0,82.5,50.0,70.3,72.1,68.8,2.07
Ramandeep Singh,2026,Kolkata Knight Riders,BAT,India,right-hand-bat,right-arm-fast-medium,0,82,1,70,21,67.2,50.0,50.0,50.0,82.1,66.1,50.0,67.2,1.82
MK Pandey,2026,Kolkata Knight Riders,BAT,India,right-hand-bat,right-arm-fast-medium,0,70,0,51,0,66.1,50.0,69.5,50.0,50.0,50.0,59.0,67.0,1.79
SH Johnson,2026,Chennai Super Kings,BOWL,Australia,right-hand-bat,right-arm-fast-medium,0,0,2,1,71,50.0,64.4,50.0,67.3,50.0,50.0,73.5,66.8,1.77
KK Ahmed,2026,Chennai Super Kings,BOWL,India,right-hand-bat,right-arm-fast-medium,0,0,2,0,106,50.0,64.5,50.0,71.9,50.0,54.8,70.6,66.6,1.74
Raghu Sharma,2026,Mumbai Indians,BOWL,Hong Kong,unknown,unknown,0,0,1,0,90,50.0,66.0,50.0,50.0,50.0,50.0,50.0,66.0,1.66
Auqib Nabi,2026,Delhi Capitals,BOWL,unknown,unknown,unknown,0,14,0,4,84,50.0,63.2,50.0,69.6,50.0,50.0,73.8,65.6,1.61
Abhinandan Singh,2026,Royal Challengers Bengaluru,BOWL,India,unknown,unknown,0,0,3,0,60,50.0,64.6,50.0,69.2,50.0,58.8,58.6,65.5,1.6
TA Boult,2026,Mumbai Indians,BOWL,New Zealand,right-hand-bat,left-arm-fast-medium,0,8,2,4,107,50.0,63.1,50.0,61.7,50.0,79.1,70.0,65.1,1.56
TU Deshpande,2026,Rajasthan Royals,BOWL,India,left-hand-bat,right-arm-fast-medium,0,26,4,14,151,50.0,63.1,50.0,69.6,61.3,71.6,70.1,65.1,1.56
Akash Singh,2026,Lucknow Super Giants,BOWL,India,right-hand-bat,left-arm-fast-medium,0,0,4,0,48,50.0,62.2,50.0,74.7,50.0,50.0,75.6,64.8,1.52
N Sindhu,2026,Gujarat Titans,BAT,India,left-hand-bat,slow-left-arm-orthodox,0,63,0,51,0,63.8,50.0,73.4,50.0,50.0,50.0,58.7,64.7,1.51
Aniket Verma,2026,Sunrisers Hyderabad,BAT,unknown,unknown,unknown,0,79,0,57,0,63.6,50.0,50.0,50.0,82.9,50.0,56.1,64.2,1.46
LH Ferguson,2026,Punjab Kings,BOWL,New Zealand,right-hand-bat,right-arm-fast,0,0,1,0,70,50.0,62.0,50.0,69.3,50.0,64.6,70.3,64.0,1.44
MW Short,2026,Chennai Super Kings,BAT,Australia,right-hand-bat,right-arm-offbreak,0,60,0,54,20,62.6,50.0,66.4,55.6,50.0,50.0,58.6,63.5,1.4
R Shepherd,2026,Royal Challengers Bengaluru,AR,West Indies,right-hand-bat,right-arm-fast-medium,0,83,7,68,158,60.0,63.6,50.0,50.0,55.9,74.1,67.7,63.4,1.39
Shahbaz Ahmed,2026,Lucknow Super Giants,AR,India,left-hand-bat,right-arm-fast,0,58,5,41,70,61.4,59.9,50.0,50.0,77.8,58.6,76.0,63.3,1.38
Harpreet Brar,2026,Punjab Kings,BOWL,India,left-hand-bat,slow-left-arm-orthodox,0,5,2,3,49,50.0,60.9,50.0,62.0,50.0,50.0,67.2,62.6,1.32
B Muzarabani,2026,Kolkata Knight Riders,BOWL,Zimbabwe,right-hand-bat,right-arm-fast-medium,0,0,4,0,44,50.0,60.5,50.0,57.0,50.0,60.1,69.3,62.4,1.31
MJ Henry,2026,Chennai Super Kings,BOWL,New Zealand,right-hand-bat,right-arm-fast-medium,0,7,2,10,61,50.0,60.0,50.0,69.8,50.0,50.0,70.9,62.1,1.29
N Wadhera,2026,Punjab Kings,BAT,India,left-hand-bat,legbreak,0,65,0,61,0,60.1,50.0,50.0,50.0,63.4,50.0,67.2,61.8,1.27
GD Phillips,2026,Gujarat Titans,WK,New Zealand,right-hand-bat,right-arm-offbreak,1,67,0,57,0,61.5,50.0,50.0,50.0,70.6,50.0,50.0,61.5,1.25
MP Yadav,2026,Lucknow Super Giants,BOWL,India,right-hand-bat,right-arm-fast-medium,0,5,0,6,101,50.0,59.2,50.0,67.5,50.0,62.2,69.7,61.2,1.23
MD Shanaka,2026,Rajasthan Royals,AR,unknown,right-hand-bat,right-arm-fast-medium,0,63,1,48,38,63.8,56.5,50.0,50.0,65.1,50.0,50.0,60.5,1.19
SS Mishra,2026,Rajasthan Royals,BOWL,India,left-hand-bat,slow-left-arm-orthodox,0,1,2,3,47,50.0,60.1,50.0,50.0,50.0,61.8,50.0,60.1,1.17
M Shahrukh Khan,2026,Gujarat Titans,BAT,India,right-hand-bat,right-arm-fast-medium,0,43,0,34,0,59.2,50.0,50.0,50.0,50.0,50.0,50.0,59.2,1.13
SU Parakh,2026,Delhi Capitals,BAT,unknown,unknown,unknown,0,46,0,33,0,57.6,50.0,61.5,50.0,50.0,50.0,50.0,57.6,1.07
GF Linde,2026,Lucknow Super Giants,AR,South Africa,left-hand-bat,slow-left-arm-orthodox,0,31,1,21,37,50.0,65.1,50.0,50.0,71.7,50.0,56.0,57.4,1.07
MJ Suthar,2026,Gujarat Titans,BOWL,India,left-hand-bat,slow-left-arm-orthodox,0,0,2,0,38,50.0,57.3,50.0,50.0,50.0,63.4,50.0,57.3,1.06
KA Jamieson,2026,Delhi Capitals,BOWL,New Zealand,right-hand-bat,right-arm-fast-medium,0,12,2,14,42,50.0,57.1,50.0,68.5,50.0,50.0,50.0,57.1,1.06
V Nigam,2026,Delhi Capitals,BOWL,unknown,right-hand-bat,legbreak,0,15,2,10,57,50.0,53.5,50.0,50.0,58.9,50.0,64.2,54.9,1.02
DA Payne,2026,Sunrisers Hyderabad,BOWL,England,right-hand-bat,left-arm-fast-medium,0,6,2,5,31,50.0,53.7,50.0,52.2,50.0,50.0,54.5,54.2,1.01
RA Bawa,2026,Mumbai Indians,AR,India,left-hand-bat,right-arm-fast-medium,0,16,2,14,32,50.0,55.4,50.0,50.0,61.4,56.7,62.9,53.7,1.01
Krish Bhagat,2026,Mumbai Indians,AR,unknown,unknown,unknown,0,10,0,21,36,50.0,56.7,50.0,61.5,52.8,62.2,50.0,53.0,1.0
M Markande,2026,Mumbai Indians,BOWL,India,right-hand-bat,legbreak,0,0,0,0,31,50.0,52.0,50.0,50.0,50.0,50.0,50.0,52.0,1.0
TL Seifert,2026,Kolkata Knight Riders,WK,New Zealand,right-hand-bat,unknown,1,19,0,18,0,50.0,50.0,63.0,50.0,50.0,50.0,63.9,51.4,1.0
Navdeep Saini,2026,Kolkata Knight Riders,BOWL,India,right-hand-bat,right-arm-fast,0,0,0,0,19,50.0,50.0,50.0,50.0,50.0,50.0,60.8,51.1,1.0
BJ Dwarshuis,2026,Punjab Kings,BOWL,Australia,left-hand-bat,left-arm-fast-medium,0,0,1,0,26,50.0,50.0,50.0,50.0,50.0,50.0,60.3,51.0,1.0
RD Chahar,2026,Chennai Super Kings,BOWL,India,right-hand-bat,legbreak-googly,0,0,0,0,25,50.0,50.0,50.0,50.0,50.0,50.0,55.9,50.6,1.0
AF Milne,2026,Rajasthan Royals,BOWL,New Zealand,right-hand-bat,right-arm-fast,0,2,0,2,21,50.0,50.0,50.0,56.2,50.0,50.0,55.2,50.5,1.0
A Nortje,2026,Lucknow Super Giants,BOWL,South Africa,right-hand-bat,right-arm-fast,0,0,0,1,27,50.0,50.0,50.0,50.0,50.0,50.0,50.0,50.0,1.0
AA Kulkarni,2026,Lucknow Super Giants,BAT,India,unknown,unknown,0,17,0,25,0,50.0,50.0,62.4,50.0,50.0,50.0,50.0,50.0,1.0
Akshat Raghuwanshi,2026,Lucknow Super Giants,BAT,unknown,unknown,unknown,0,29,0,27,0,50.0,50.0,50.0,50.0,50.0,50.0,50.0,50.0,1.0
Arjun Tendulkar,2026,Lucknow Super Giants,BOWL,India,left-hand-bat,left-arm-fast-medium,0,5,1,5,24,50.0,50.0,50.0,50.0,50.0,50.0,50.0,50.0,1.0
D Madushanka,2026,Sunrisers Hyderabad,BOWL,Sri Lanka,right-hand-bat,left-arm-fast-medium,0,0,1,0,28,50.0,50.0,50.0,56.2,50.0,50.0,50.0,50.0,1.0
DV Malewar,2026,Mumbai Indians,BAT,unknown,unknown,unknown,0,2,0,5,0,50.0,50.0,50.0,50.0,50.0,50.0,50.0,50.0,1.0
K Khejroliya,2026,Gujarat Titans,BOWL,India,left-hand-bat,left-arm-fast-medium,0,0,0,0,15,50.0,50.0,50.0,50.0,50.0,50.0,50.0,50.0,1.0
KK Nair,2026,Delhi Capitals,BAT,India,right-hand-bat,right-arm-offbreak,0,18,0,18,0,50.0,50.0,50.0,50.0,50.0,50.0,50.0,50.0,1.0
Kumar Kushagra,2026,Gujarat Titans,WK,India,right-hand-bat,unknown,1,18,0,14,0,50.0,50.0,62.1,50.0,50.0,50.0,50.0,50.0,1.0
LG Pretorius,2026,Rajasthan Royals,BAT,unknown,unknown,unknown,0,7,0,8,0,50.0,50.0,50.0,50.0,50.0,50.0,50.0,50.0,1.0
LS Livingstone,2026,Sunrisers Hyderabad,BAT,England,right-hand-bat,legbreak,0,15,0,26,0,50.0,50.0,60.9,50.0,50.0,50.0,50.0,50.0,1.0
M Pathirana,2026,Kolkata Knight Riders,BOWL,Sri Lanka,right-hand-bat,right-arm-fast-medium,0,0,0,0,10,50.0,50.0,50.0,62.7,50.0,50.0,50.0,50.0,1.0
PVD Chameera,2026,Delhi Capitals,BOWL,Sri Lanka,right-hand-bat,right-arm-fast,0,0,0,3,12,50.0,50.0,50.0,58.3,50.0,50.0,50.0,50.0,1.0
R Minz,2026,Mumbai Indians,WK,India,left-hand-bat,unknown,1,6,0,4,0,50.0,50.0,50.0,50.0,50.0,50.0,50.0,50.0,1.0
R Sai Kishore,2026,Gujarat Titans,BOWL,India,left-hand-bat,slow-left-arm-orthodox,0,0,1,0,24,50.0,50.0,50.0,50.0,50.0,50.0,50.0,50.0,1.0
R Smaran,2026,Sunrisers Hyderabad,BAT,unknown,unknown,unknown,0,19,0,25,0,50.0,50.0,60.8,50.0,50.0,50.0,50.0,50.0,1.0
RS Ghosh,2026,Chennai Super Kings,WK,India,right-hand-bat,right-arm-fast-medium,1,0,1,0,18,50.0,50.0,50.0,50.0,50.0,50.0,50.0,50.0,1.0
Ravi Singh,2026,Rajasthan Royals,BAT,India,unknown,unknown,0,4,0,2,0,50.0,50.0,50.0,50.0,50.0,50.0,50.0,50.0,1.0
Salil Arora,2026,Sunrisers Hyderabad,BAT,India,right-hand-bat,unknown,0,35,0,25,0,50.0,50.0,50.0,50.0,50.0,50.0,50.0,50.0,1.0
T Dahiya,2026,Kolkata Knight Riders,BAT,unknown,unknown,unknown,0,12,0,15,0,50.0,50.0,50.0,50.0,57.9,50.0,50.0,50.0,1.0
T Vijay,2026,Delhi Capitals,BOWL,India,unknown,unknown,0,0,0,0,12,50.0,50.0,50.0,50.0,50.0,50.0,50.0,50.0,1.0
Vishnu Vinod,2026,Punjab Kings,WK,India,right-hand-bat,unknown,1,15,0,8,0,50.0,50.0,50.0,50.0,50.0,50.0,50.0,50.0,1.0
Yash Thakur,2026,Punjab Kings,BOWL,India,right-hand-bat,right-arm-fast-medium,0,0,2,0,26,50.0,50.0,50.0,59.8,50.0,50.0,50.0,50.0,1.0
